sample_id,split,label,source_dataset,blur_score_px,occlusion_ratio,illumination_entropy_bits,quality_flag
train/fall/frame_0073.jpg,train,fall,leeds_millennium,2.71,0.004,7.750,False
train/fall/frame_0074.jpg,train,fall,leeds_millennium,2.70,0.010,7.767,False
train/fall/frame_0075.jpg,train,fall,leeds_millennium,2.57,0.010,7.778,False
train/fall/frame_0076.jpg,train,fall,leeds_millennium,2.74,0.011,7.771,False
train/fall/frame_0077.jpg,train,fall,leeds_millennium,2.66,0.012,7.781,False
train/fall/frame_0079.jpg,train,fall,leeds_millennium,2.60,0.008,7.767,False
train/fall/frame_0080.jpg,train,fall,leeds_millennium,2.61,0.005,7.772,False
train/fall/frame_0082.jpg,train,fall,leeds_millennium,2.66,0.006,7.805,False
train/fall/frame_0084.jpg,train,fall,leeds_millennium,2.84,0.008,7.777,False
train/fall/frame_0085.jpg,train,fall,leeds_millennium,3.00,0.010,7.752,False
train/fall/frame_0086.jpg,train,fall,leeds_millennium,3.34,0.013,7.731,False
train/fall/frame_0087.jpg,train,fall,leeds_millennium,6.72,0.009,7.588,False
train/fall/frame_0088.jpg,train,fall,leeds_millennium,6.86,0.007,7.354,False
train/fall/frame_0096.jpg,train,fall,leeds_millennium,6.76,0.003,7.539,False
train/fall/frame_0097.jpg,train,fall,leeds_millennium,6.25,0.001,7.586,False
train/fall/frame_0098.jpg,train,fall,leeds_millennium,6.57,0.001,7.524,False
train/fall/frame_0203.jpg,train,fall,leeds_millennium,5.06,0.000,7.081,False
train/fall/frame_0204.jpg,train,fall,leeds_millennium,5.00,0.000,7.017,False
train/fall/frame_0205.jpg,train,fall,leeds_millennium,6.20,0.000,6.774,False
train/fall/frame_0206.jpg,train,fall,leeds_millennium,6.21,0.000,6.722,False
train/fall/frame_0230.jpg,train,fall,leeds_millennium,6.32,0.007,7.508,False
train/fall/frame_0231.jpg,train,fall,leeds_millennium,6.43,0.006,7.479,False
train/fall/frame_0232.jpg,train,fall,leeds_millennium,7.10,0.005,7.476,False
train/fall/frame_0234.jpg,train,fall,leeds_millennium,8.45,0.006,7.376,False
train/fall/frame_0235.jpg,train,fall,leeds_millennium,8.41,0.006,7.404,False
train/fall/people(1006).jpg,train,fall,leeds_millennium,4.49,0.017,7.846,False
train/fall/people(1008).jpg,train,fall,leeds_millennium,3.14,0.024,7.621,False
train/fall/people(1010).jpg,train,fall,leeds_millennium,3.90,0.002,7.855,False
train/fall/people(1012).jpg,train,fall,leeds_millennium,3.66,0.000,7.712,False
train/fall/people(1019).jpg,train,fall,leeds_millennium,6.02,0.003,7.577,False
train/fall/people(1020).jpg,train,fall,leeds_millennium,5.54,0.026,7.553,False
train/fall/people(1021).jpg,train,fall,leeds_millennium,4.15,0.000,7.629,False
train/fall/people(1030).jpg,train,fall,leeds_millennium,5.11,0.054,7.734,False
train/fall/people(1034).jpg,train,fall,leeds_millennium,7.40,0.060,7.121,False
train/fall/people(1036).jpg,train,fall,leeds_millennium,5.69,0.014,7.570,False
train/fall/people(1042).jpg,train,fall,leeds_millennium,5.09,0.080,7.468,False
train/fall/people(1043).jpg,train,fall,leeds_millennium,4.64,0.172,7.438,False
train/fall/people(1044).jpg,train,fall,leeds_millennium,3.80,0.000,7.546,False
train/fall/people(1046).jpg,train,fall,leeds_millennium,3.37,0.160,7.455,False
train/fall/people(1047).jpg,train,fall,leeds_millennium,7.04,0.002,7.316,False
train/fall/people(1048).jpg,train,fall,leeds_millennium,3.02,0.001,7.723,False
train/fall/people(106).jpg,train,fall,leeds_millennium,3.50,0.006,7.669,False
train/fall/people(1061).jpg,train,fall,leeds_millennium,5.59,0.000,7.475,False
train/fall/people(1069).jpg,train,fall,leeds_millennium,4.04,0.002,7.441,False
train/fall/people(1082).jpg,train,fall,leeds_millennium,4.77,0.023,7.348,False
train/fall/people(1083).jpg,train,fall,leeds_millennium,3.21,0.080,7.423,False
train/fall/people(1089).jpg,train,fall,leeds_millennium,4.80,0.004,7.839,False
train/fall/people(1092).jpg,train,fall,leeds_millennium,4.48,0.092,7.347,False
train/fall/people(111).jpg,train,fall,leeds_millennium,6.05,0.007,7.674,False
train/fall/people(1110).jpg,train,fall,leeds_millennium,2.88,0.001,7.484,False
train/fall/people(1124).jpg,train,fall,leeds_millennium,4.19,0.061,7.741,False
train/fall/people(1140).jpg,train,fall,leeds_millennium,7.07,0.001,7.653,False
train/fall/people(1144).jpg,train,fall,leeds_millennium,3.30,0.000,7.021,False
train/fall/people(1165).jpg,train,fall,leeds_millennium,7.63,0.013,6.990,False
train/fall/people(1168).jpg,train,fall,leeds_millennium,3.55,0.051,7.881,False
train/fall/people(1171).jpg,train,fall,leeds_millennium,7.45,0.000,7.490,False
train/fall/people(1173).jpg,train,fall,leeds_millennium,3.20,0.040,7.787,False
train/fall/people(1175).jpg,train,fall,leeds_millennium,3.63,0.013,7.797,False
train/fall/people(118).jpg,train,fall,leeds_millennium,8.04,0.052,7.592,False
train/fall/people(12).jpg,train,fall,leeds_millennium,4.54,0.039,7.790,False
train/fall/people(1212).jpg,train,fall,leeds_millennium,4.67,0.026,7.570,False
train/fall/people(1225).jpg,train,fall,leeds_millennium,3.28,0.034,7.703,False
train/fall/people(1226).jpg,train,fall,leeds_millennium,4.64,0.237,7.131,False
train/fall/people(1231).jpg,train,fall,leeds_millennium,4.27,0.003,7.530,False
train/fall/people(1232).jpg,train,fall,leeds_millennium,5.34,0.117,7.718,False
train/fall/people(1243).jpg,train,fall,leeds_millennium,1.75,0.006,7.773,False
train/fall/people(1247).jpg,train,fall,leeds_millennium,9.32,0.000,7.341,False
train/fall/people(1248).jpg,train,fall,leeds_millennium,7.32,0.000,6.845,False
train/fall/people(125).jpg,train,fall,leeds_millennium,6.28,0.022,7.335,False
train/fall/people(1252).jpg,train,fall,leeds_millennium,3.53,0.000,7.587,False
train/fall/people(1261).jpg,train,fall,leeds_millennium,4.00,0.000,7.485,False
train/fall/people(1267).jpg,train,fall,leeds_millennium,4.98,0.000,7.553,False
train/fall/people(1271).jpg,train,fall,leeds_millennium,3.42,0.055,7.785,False
train/fall/people(1283).jpg,train,fall,leeds_millennium,8.20,0.027,7.719,False
train/fall/people(1288).jpg,train,fall,leeds_millennium,4.07,0.001,7.594,False
train/fall/people(129).jpg,train,fall,leeds_millennium,8.02,0.004,7.611,False
train/fall/people(1297).jpg,train,fall,leeds_millennium,5.29,0.051,7.775,False
train/fall/people(1298).jpg,train,fall,leeds_millennium,9.46,0.053,7.537,False
train/fall/people(1299).jpg,train,fall,leeds_millennium,5.80,0.015,7.532,False
train/fall/people(13).jpg,train,fall,leeds_millennium,4.20,0.004,7.696,False
train/fall/people(1302).jpg,train,fall,leeds_millennium,4.88,0.000,7.692,False
train/fall/people(1321).jpg,train,fall,leeds_millennium,7.97,0.000,7.168,False
train/fall/people(1322).jpg,train,fall,leeds_millennium,3.82,0.014,7.819,False
train/fall/people(1331).jpg,train,fall,leeds_millennium,3.36,0.087,7.782,False
train/fall/people(1336).jpg,train,fall,leeds_millennium,4.04,0.004,7.249,False
train/fall/people(1337).jpg,train,fall,leeds_millennium,2.51,0.099,7.723,False
train/fall/people(1339).jpg,train,fall,leeds_millennium,4.07,0.001,6.928,False
train/fall/people(1347).jpg,train,fall,leeds_millennium,7.35,0.002,7.683,False
train/fall/people(1352).jpg,train,fall,leeds_millennium,4.14,0.006,7.301,False
train/fall/people(1359).jpg,train,fall,leeds_millennium,4.32,0.039,7.861,False
train/fall/people(1375).jpg,train,fall,leeds_millennium,6.26,0.033,7.786,False
train/fall/people(1378).jpg,train,fall,leeds_millennium,3.04,0.012,7.659,False
train/fall/people(1379).jpg,train,fall,leeds_millennium,3.02,0.043,7.740,False
train/fall/people(1388).jpg,train,fall,leeds_millennium,2.97,0.004,7.290,False
train/fall/people(1392).jpg,train,fall,leeds_millennium,5.42,0.000,7.641,False
train/fall/people(14).jpg,train,fall,leeds_millennium,11.11,0.549,4.370,True
train/fall/people(1405).jpg,train,fall,leeds_millennium,2.16,0.000,7.744,False
train/fall/people(1406).jpg,train,fall,leeds_millennium,6.35,0.000,7.460,False
train/fall/people(1412).jpg,train,fall,leeds_millennium,3.14,0.004,7.818,False
train/fall/people(142).jpg,train,fall,leeds_millennium,26.60,0.177,6.093,True
train/fall/people(143).jpg,train,fall,leeds_millennium,6.36,0.006,7.853,False
train/fall/people(1430).jpg,train,fall,leeds_millennium,9.17,0.000,7.778,False
train/fall/people(1434).jpg,train,fall,leeds_millennium,8.35,0.008,7.105,False
train/fall/people(1436).jpg,train,fall,leeds_millennium,6.93,0.000,7.198,False
train/fall/people(144).jpg,train,fall,leeds_millennium,6.01,0.001,7.596,False
train/fall/people(1445).jpg,train,fall,leeds_millennium,4.26,0.019,7.845,False
train/fall/people(1451).jpg,train,fall,leeds_millennium,3.97,0.000,7.657,False
train/fall/people(1453).jpg,train,fall,leeds_millennium,6.29,0.001,7.461,False
train/fall/people(1456).jpg,train,fall,leeds_millennium,4.52,0.000,7.168,False
train/fall/people(1462).jpg,train,fall,leeds_millennium,6.72,0.000,7.208,False
train/fall/people(1468).jpg,train,fall,leeds_millennium,2.23,0.004,7.794,False
train/fall/people(1471).jpg,train,fall,leeds_millennium,3.57,0.002,7.482,False
train/fall/people(149).jpg,train,fall,leeds_millennium,4.93,0.013,7.789,False
train/fall/people(150).jpg,train,fall,leeds_millennium,5.04,0.000,7.545,False
train/fall/people(1500).jpg,train,fall,leeds_millennium,6.36,0.000,7.552,False
train/fall/people(1503).jpg,train,fall,leeds_millennium,4.14,0.003,7.781,False
train/fall/people(1504).jpg,train,fall,leeds_millennium,8.01,0.001,7.723,False
train/fall/people(1505).jpg,train,fall,leeds_millennium,5.27,0.000,7.553,False
train/fall/people(1516).jpg,train,fall,leeds_millennium,6.35,0.000,7.763,False
train/fall/people(1526).jpg,train,fall,leeds_millennium,5.65,0.015,7.830,False
train/fall/people(1528).jpg,train,fall,leeds_millennium,5.59,0.005,7.768,False
train/fall/people(1534).jpg,train,fall,leeds_millennium,6.40,0.189,7.035,False
train/fall/people(154).jpg,train,fall,leeds_millennium,5.64,0.386,5.807,False
train/fall/people(1546).jpg,train,fall,leeds_millennium,2.62,0.036,7.728,False
train/fall/people(1550).jpg,train,fall,leeds_millennium,5.86,0.004,7.127,False
train/fall/people(1553).jpg,train,fall,leeds_millennium,5.63,0.338,6.101,False
train/fall/people(1558).jpg,train,fall,leeds_millennium,3.01,0.004,7.879,False
train/fall/people(1560).jpg,train,fall,leeds_millennium,5.92,0.000,7.377,False
train/fall/people(1564).jpg,train,fall,leeds_millennium,2.77,0.062,7.286,False
train/fall/people(1572).jpg,train,fall,leeds_millennium,6.22,0.032,7.426,False
train/fall/people(1573).jpg,train,fall,leeds_millennium,6.44,0.001,7.631,False
train/fall/people(1576).jpg,train,fall,leeds_millennium,9.50,0.008,6.922,False
train/fall/people(1583).jpg,train,fall,leeds_millennium,4.49,0.000,7.591,False
train/fall/people(1587).jpg,train,fall,leeds_millennium,5.47,0.001,7.812,False
train/fall/people(1590).jpg,train,fall,leeds_millennium,5.56,0.067,7.814,False
train/fall/people(1592).jpg,train,fall,leeds_millennium,6.18,0.000,7.604,False
train/fall/people(1598).jpg,train,fall,leeds_millennium,8.02,0.000,6.813,False
train/fall/people(1602).jpg,train,fall,leeds_millennium,3.99,0.049,7.734,False
train/fall/people(1603).jpg,train,fall,leeds_millennium,8.34,0.020,7.113,False
train/fall/people(1607).jpg,train,fall,leeds_millennium,4.42,0.001,7.670,False
train/fall/people(161).jpg,train,fall,leeds_millennium,4.61,0.053,7.700,False
train/fall/people(1617).jpg,train,fall,leeds_millennium,4.42,0.029,7.462,False
train/fall/people(1626).jpg,train,fall,leeds_millennium,9.73,0.000,7.502,False
train/fall/people(1629).jpg,train,fall,leeds_millennium,4.13,0.102,7.623,False
train/fall/people(1631).jpg,train,fall,leeds_millennium,3.09,0.000,7.819,False
train/fall/people(1635).jpg,train,fall,leeds_millennium,3.27,0.086,7.768,False
train/fall/people(1638).jpg,train,fall,leeds_millennium,3.02,0.060,7.518,False
train/fall/people(1639).jpg,train,fall,leeds_millennium,3.71,0.000,7.582,False
train/fall/people(1640).jpg,train,fall,leeds_millennium,4.27,0.000,7.620,False
train/fall/people(1655).jpg,train,fall,leeds_millennium,2.99,0.069,7.629,False
train/fall/people(1658).jpg,train,fall,leeds_millennium,4.34,0.000,7.469,False
train/fall/people(1659).jpg,train,fall,leeds_millennium,2.40,0.005,7.646,False
train/fall/people(1660).jpg,train,fall,leeds_millennium,4.45,0.001,7.832,False
train/fall/people(1667).jpg,train,fall,leeds_millennium,4.23,0.000,7.530,False
train/fall/people(1670).jpg,train,fall,leeds_millennium,4.02,0.045,7.956,False
train/fall/people(1671).jpg,train,fall,leeds_millennium,6.68,0.000,7.314,False
train/fall/people(1672).jpg,train,fall,leeds_millennium,2.66,0.003,7.372,False
train/fall/people(1673).jpg,train,fall,leeds_millennium,7.48,0.002,7.615,False
train/fall/people(1677).jpg,train,fall,leeds_millennium,3.41,0.008,7.740,False
train/fall/people(1679).jpg,train,fall,leeds_millennium,3.24,0.020,7.608,False
train/fall/people(1680).jpg,train,fall,leeds_millennium,6.06,0.008,7.653,False
train/fall/people(1682).jpg,train,fall,leeds_millennium,2.49,0.045,7.792,False
train/fall/people(1692).jpg,train,fall,leeds_millennium,4.51,0.000,7.703,False
train/fall/people(1698).jpg,train,fall,leeds_millennium,3.78,0.022,7.824,False
train/fall/people(1699).jpg,train,fall,leeds_millennium,6.51,0.000,7.663,False
train/fall/people(1705).jpg,train,fall,leeds_millennium,3.75,0.000,7.688,False
train/fall/people(1712).jpg,train,fall,leeds_millennium,3.36,0.001,7.606,False
train/fall/people(1715).jpg,train,fall,leeds_millennium,6.82,0.000,7.501,False
train/fall/people(1717).jpg,train,fall,leeds_millennium,3.54,0.000,7.496,False
train/fall/people(1718).jpg,train,fall,leeds_millennium,3.34,0.024,7.519,False
train/fall/people(1731).jpg,train,fall,leeds_millennium,5.92,0.000,7.424,False
train/fall/people(1732).jpg,train,fall,leeds_millennium,4.72,0.072,7.196,False
train/fall/people(1734).jpg,train,fall,leeds_millennium,2.93,0.001,7.618,False
train/fall/people(1737).jpg,train,fall,leeds_millennium,5.21,0.012,7.819,False
train/fall/people(1738).jpg,train,fall,leeds_millennium,4.90,0.001,7.716,False
train/fall/people(1744).jpg,train,fall,leeds_millennium,5.05,0.001,6.776,False
train/fall/people(1763).jpg,train,fall,leeds_millennium,4.23,0.000,7.243,False
train/fall/people(1769).jpg,train,fall,leeds_millennium,9.05,0.000,6.320,False
train/fall/people(177).jpg,train,fall,leeds_millennium,4.60,0.000,7.328,False
train/fall/people(178).jpg,train,fall,leeds_millennium,6.53,0.124,7.619,False
train/fall/people(18).jpg,train,fall,leeds_millennium,7.92,0.000,7.812,False
train/fall/people(1805).jpg,train,fall,leeds_millennium,6.18,0.026,7.454,False
train/fall/people(1807).jpg,train,fall,leeds_millennium,4.46,0.000,7.676,False
train/fall/people(1815).jpg,train,fall,leeds_millennium,5.56,0.008,7.682,False
train/fall/people(1818).jpg,train,fall,leeds_millennium,5.41,0.000,7.617,False
train/fall/people(1820).jpg,train,fall,leeds_millennium,4.01,0.007,7.659,False
train/fall/people(1821).jpg,train,fall,leeds_millennium,3.91,0.034,7.671,False
train/fall/people(1822).jpg,train,fall,leeds_millennium,4.97,0.014,7.576,False
train/fall/people(1828).jpg,train,fall,leeds_millennium,6.62,0.000,7.672,False
train/fall/people(1829).jpg,train,fall,leeds_millennium,6.46,0.006,7.365,False
train/fall/people(1830).jpg,train,fall,leeds_millennium,8.34,0.000,7.443,False
train/fall/people(1844).jpg,train,fall,leeds_millennium,2.41,0.117,7.724,False
train/fall/people(1853).jpg,train,fall,leeds_millennium,7.83,0.006,7.628,False
train/fall/people(1862).jpg,train,fall,leeds_millennium,4.97,0.001,7.396,False
train/fall/people(1864).jpg,train,fall,leeds_millennium,3.56,0.005,7.503,False
train/fall/people(1865).jpg,train,fall,leeds_millennium,4.94,0.000,7.504,False
train/fall/people(1866).jpg,train,fall,leeds_millennium,8.15,0.000,7.653,False
train/fall/people(1868).jpg,train,fall,leeds_millennium,7.16,0.048,7.453,False
train/fall/people(1869).jpg,train,fall,leeds_millennium,9.87,0.151,7.546,False
train/fall/people(1872).jpg,train,fall,leeds_millennium,5.81,0.001,7.528,False
train/fall/people(1873).jpg,train,fall,leeds_millennium,4.25,0.000,7.231,False
train/fall/people(1877).jpg,train,fall,leeds_millennium,5.93,0.057,7.170,False
train/fall/people(188).jpg,train,fall,leeds_millennium,7.87,0.000,7.637,False
train/fall/people(1881).jpg,train,fall,leeds_millennium,8.00,0.121,7.119,False
train/fall/people(1886).jpg,train,fall,leeds_millennium,8.06,0.000,7.749,False
train/fall/people(1888).jpg,train,fall,leeds_millennium,4.03,0.029,7.859,False
train/fall/people(1889).jpg,train,fall,leeds_millennium,8.03,0.000,7.641,False
train/fall/people(1892).jpg,train,fall,leeds_millennium,6.07,0.046,7.281,False
train/fall/people(1898).jpg,train,fall,leeds_millennium,6.58,0.060,7.647,False
train/fall/people(190).jpg,train,fall,leeds_millennium,4.52,0.009,7.645,False
train/fall/people(1900).jpg,train,fall,leeds_millennium,4.94,0.070,7.799,False
train/fall/people(1908).jpg,train,fall,leeds_millennium,7.46,0.250,6.466,False
train/fall/people(1913).jpg,train,fall,leeds_millennium,4.40,0.000,7.709,False
train/fall/people(1917).jpg,train,fall,leeds_millennium,7.52,0.000,7.774,False
train/fall/people(193).jpg,train,fall,leeds_millennium,5.48,0.001,7.537,False
train/fall/people(1930).jpg,train,fall,leeds_millennium,4.65,0.027,7.818,False
train/fall/people(1935).jpg,train,fall,leeds_millennium,6.16,0.000,7.172,False
train/fall/people(1948).jpg,train,fall,leeds_millennium,5.57,0.055,7.774,False
train/fall/people(1958).jpg,train,fall,leeds_millennium,5.92,0.000,7.023,False
train/fall/people(1967).jpg,train,fall,leeds_millennium,5.60,0.000,7.568,False
train/fall/people(1978).jpg,train,fall,leeds_millennium,7.85,0.000,7.261,False
train/fall/people(1986).jpg,train,fall,leeds_millennium,6.53,0.000,7.799,False
train/fall/people(1987).jpg,train,fall,leeds_millennium,5.97,0.000,7.699,False
train/fall/people(1988).jpg,train,fall,leeds_millennium,5.86,0.025,7.755,False
train/fall/people(199).jpg,train,fall,leeds_millennium,5.02,0.000,7.750,False
train/fall/people(2017).jpg,train,fall,leeds_millennium,4.47,0.155,7.475,False
train/fall/people(2022).jpg,train,fall,leeds_millennium,5.32,0.083,7.142,False
train/fall/people(2030).jpg,train,fall,leeds_millennium,3.38,0.023,7.808,False
train/fall/people(2032).jpg,train,fall,leeds_millennium,5.78,0.000,6.954,False
train/fall/people(2034).jpg,train,fall,leeds_millennium,5.60,0.003,7.505,False
train/fall/people(2036).jpg,train,fall,leeds_millennium,6.91,0.006,7.712,False
train/fall/people(2040).jpg,train,fall,leeds_millennium,7.28,0.000,6.649,False
train/fall/people(2053).jpg,train,fall,leeds_millennium,7.35,0.001,7.535,False
train/fall/people(2058).jpg,train,fall,leeds_millennium,5.60,0.000,7.427,False
train/fall/people(2064).jpg,train,fall,leeds_millennium,4.32,0.001,7.762,False
train/fall/people(2072).jpg,train,fall,leeds_millennium,4.29,0.033,7.487,False
train/fall/people(2084).jpg,train,fall,leeds_millennium,5.03,0.000,7.611,False
train/fall/people(2094).jpg,train,fall,leeds_millennium,3.33,0.013,7.802,False
train/fall/people(210).jpg,train,fall,leeds_millennium,7.52,0.077,7.613,False
train/fall/people(2102).jpg,train,fall,leeds_millennium,4.21,0.000,6.668,False
train/fall/people(2108).jpg,train,fall,leeds_millennium,8.33,0.000,7.664,False
train/fall/people(2109).jpg,train,fall,leeds_millennium,6.05,0.020,7.636,False
train/fall/people(2116).jpg,train,fall,leeds_millennium,9.65,0.000,7.473,False
train/fall/people(2120).jpg,train,fall,leeds_millennium,3.92,0.035,7.768,False
train/fall/people(2121).jpg,train,fall,leeds_millennium,7.93,0.287,6.488,False
train/fall/people(2129).jpg,train,fall,leeds_millennium,3.28,0.501,5.373,True
train/fall/people(2154).jpg,train,fall,leeds_millennium,4.36,0.020,7.586,False
train/fall/people(2156).jpg,train,fall,leeds_millennium,6.91,0.002,7.676,False
train/fall/people(2170).jpg,train,fall,leeds_millennium,4.68,0.080,7.240,False
train/fall/people(2172).jpg,train,fall,leeds_millennium,6.12,0.001,7.610,False
train/fall/people(2178).jpg,train,fall,leeds_millennium,5.37,0.006,7.639,False
train/fall/people(218).jpg,train,fall,leeds_millennium,6.67,0.068,7.747,False
train/fall/people(2184).jpg,train,fall,leeds_millennium,4.96,0.007,7.736,False
train/fall/people(2185).jpg,train,fall,leeds_millennium,6.20,0.000,6.842,False
train/fall/people(2189).jpg,train,fall,leeds_millennium,3.84,0.041,7.460,False
train/fall/people(2211).jpg,train,fall,leeds_millennium,7.83,0.093,7.440,False
train/fall/people(2213).jpg,train,fall,leeds_millennium,4.56,0.004,7.507,False
train/fall/people(2218).jpg,train,fall,leeds_millennium,6.82,0.013,7.156,False
train/fall/people(2225).jpg,train,fall,leeds_millennium,5.35,0.034,7.340,False
train/fall/people(2234).jpg,train,fall,leeds_millennium,5.33,0.051,7.706,False
train/fall/people(2235).jpg,train,fall,leeds_millennium,3.79,0.006,7.459,False
train/fall/people(2237).jpg,train,fall,leeds_millennium,6.75,0.000,7.723,False
train/fall/people(2238).jpg,train,fall,leeds_millennium,8.22,0.000,7.654,False
train/fall/people(2242).jpg,train,fall,leeds_millennium,5.67,0.003,7.445,False
train/fall/people(2246).jpg,train,fall,leeds_millennium,5.32,0.000,7.586,False
train/fall/people(2251).jpg,train,fall,leeds_millennium,4.06,0.004,7.505,False
train/fall/people(2256).jpg,train,fall,leeds_millennium,4.49,0.009,7.719,False
train/fall/people(2259).jpg,train,fall,leeds_millennium,2.85,0.024,7.626,False
train/fall/people(2260).jpg,train,fall,leeds_millennium,4.12,0.056,7.673,False
train/fall/people(2262).jpg,train,fall,leeds_millennium,3.33,0.001,7.444,False
train/fall/people(2265).jpg,train,fall,leeds_millennium,12.07,0.023,6.893,False
train/fall/people(2269).jpg,train,fall,leeds_millennium,3.98,0.000,7.238,False
train/fall/people(2275).jpg,train,fall,leeds_millennium,4.53,0.001,7.427,False
train/fall/people(228).jpg,train,fall,leeds_millennium,3.15,0.000,7.652,False
train/fall/people(2282).jpg,train,fall,leeds_millennium,9.60,0.046,7.538,False
train/fall/people(2284).jpg,train,fall,leeds_millennium,3.47,0.033,7.804,False
train/fall/people(229).jpg,train,fall,leeds_millennium,7.79,0.000,7.719,False
train/fall/people(2294).jpg,train,fall,leeds_millennium,8.92,0.000,7.129,False
train/fall/people(2328).jpg,train,fall,leeds_millennium,4.75,0.020,7.589,False
train/fall/people(234).jpg,train,fall,leeds_millennium,5.08,0.026,7.587,False
train/fall/people(2352).jpg,train,fall,leeds_millennium,6.73,0.000,7.193,False
train/fall/people(2354).jpg,train,fall,leeds_millennium,9.51,0.008,7.779,False
train/fall/people(2358).jpg,train,fall,leeds_millennium,9.37,0.000,7.326,False
train/fall/people(2366).jpg,train,fall,leeds_millennium,4.94,0.013,7.619,False
train/fall/people(2369).jpg,train,fall,leeds_millennium,6.23,0.000,7.647,False
train/fall/people(2372).jpg,train,fall,leeds_millennium,11.87,0.575,4.846,True
train/fall/people(2380).jpg,train,fall,leeds_millennium,4.38,0.000,7.457,False
train/fall/people(2383).jpg,train,fall,leeds_millennium,13.31,0.006,6.929,False
train/fall/people(2386).jpg,train,fall,leeds_millennium,5.28,0.001,7.695,False
train/fall/people(2440).jpg,train,fall,leeds_millennium,6.11,0.005,6.525,False
train/fall/people(2467).jpg,train,fall,leeds_millennium,4.62,0.000,7.463,False
train/fall/people(2471).jpg,train,fall,leeds_millennium,3.35,0.000,7.674,False
train/fall/people(2478).jpg,train,fall,leeds_millennium,5.01,0.000,7.518,False
train/fall/people(2491).jpg,train,fall,leeds_millennium,6.78,0.029,7.880,False
train/fall/people(250).jpg,train,fall,leeds_millennium,4.45,0.000,7.696,False
train/fall/people(2504).jpg,train,fall,leeds_millennium,3.18,0.002,7.824,False
train/fall/people(2505).jpg,train,fall,leeds_millennium,6.07,0.000,7.530,False
train/fall/people(2514).jpg,train,fall,leeds_millennium,11.14,0.000,7.618,False
train/fall/people(2515).jpg,train,fall,leeds_millennium,6.43,0.000,7.425,False
train/fall/people(2520).jpg,train,fall,leeds_millennium,3.62,0.005,7.829,False
train/fall/people(2521).jpg,train,fall,leeds_millennium,5.25,0.001,7.483,False
train/fall/people(2523).jpg,train,fall,leeds_millennium,6.08,0.000,7.451,False
train/fall/people(253).jpg,train,fall,leeds_millennium,4.96,0.000,7.672,False
train/fall/people(2530).jpg,train,fall,leeds_millennium,3.28,0.096,7.655,False
train/fall/people(2537).jpg,train,fall,leeds_millennium,3.49,0.002,7.714,False
train/fall/people(2539).jpg,train,fall,leeds_millennium,3.07,0.006,7.711,False
train/fall/people(2546).jpg,train,fall,leeds_millennium,6.51,0.008,7.400,False
train/fall/people(2548).jpg,train,fall,leeds_millennium,10.39,0.000,7.686,False
train/fall/people(2549).jpg,train,fall,leeds_millennium,3.50,0.000,7.819,False
train/fall/people(2551).jpg,train,fall,leeds_millennium,10.82,0.000,7.450,False
train/fall/people(2553).jpg,train,fall,leeds_millennium,5.02,0.123,7.687,False
train/fall/people(2559).jpg,train,fall,leeds_millennium,4.36,0.059,7.918,False
train/fall/people(256).jpg,train,fall,leeds_millennium,6.18,0.000,7.602,False
train/fall/people(2561).jpg,train,fall,leeds_millennium,4.63,0.004,7.684,False
train/fall/people(2573).jpg,train,fall,leeds_millennium,5.15,0.066,7.434,False
train/fall/people(2579).jpg,train,fall,leeds_millennium,4.43,0.000,7.750,False
train/fall/people(258).jpg,train,fall,leeds_millennium,6.73,0.075,7.872,False
train/fall/people(2584).jpg,train,fall,leeds_millennium,3.81,0.128,6.575,False
train/fall/people(2587).jpg,train,fall,leeds_millennium,5.25,0.000,7.385,False
train/fall/people(2589).jpg,train,fall,leeds_millennium,5.60,0.000,7.114,False
train/fall/people(2591).jpg,train,fall,leeds_millennium,7.68,0.001,7.423,False
train/fall/people(2592).jpg,train,fall,leeds_millennium,6.62,0.000,7.674,False
train/fall/people(2613).jpg,train,fall,leeds_millennium,3.79,0.014,7.728,False
train/fall/people(2616).jpg,train,fall,leeds_millennium,13.79,0.028,6.735,False
train/fall/people(2617).jpg,train,fall,leeds_millennium,2.71,0.023,7.525,False
train/fall/people(2622).jpg,train,fall,leeds_millennium,3.81,0.031,7.265,False
train/fall/people(2623).jpg,train,fall,leeds_millennium,7.65,0.000,7.023,False
train/fall/people(2629).jpg,train,fall,leeds_millennium,3.47,0.000,7.658,False
train/fall/people(2635).jpg,train,fall,leeds_millennium,3.40,0.028,7.615,False
train/fall/people(2636).jpg,train,fall,leeds_millennium,4.22,0.342,6.682,False
train/fall/people(2651).jpg,train,fall,leeds_millennium,5.65,0.000,7.714,False
train/fall/people(2660).jpg,train,fall,leeds_millennium,3.40,0.000,7.556,False
train/fall/people(2666).jpg,train,fall,leeds_millennium,3.68,0.000,7.540,False
train/fall/people(2672).jpg,train,fall,leeds_millennium,2.84,0.015,7.827,False
train/fall/people(2682).jpg,train,fall,leeds_millennium,3.63,0.000,7.594,False
train/fall/people(2687).jpg,train,fall,leeds_millennium,3.88,0.166,7.298,False
train/fall/people(2689).jpg,train,fall,leeds_millennium,5.95,0.000,7.383,False
train/fall/people(2694).jpg,train,fall,leeds_millennium,5.72,0.021,7.633,False
train/fall/people(2710).jpg,train,fall,leeds_millennium,4.07,0.018,7.810,False
train/fall/people(272).jpg,train,fall,leeds_millennium,9.26,0.002,7.628,False
train/fall/people(2724).jpg,train,fall,leeds_millennium,3.89,0.000,7.687,False
train/fall/people(2728).jpg,train,fall,leeds_millennium,4.09,0.000,7.715,False
train/fall/people(2742).jpg,train,fall,leeds_millennium,3.80,0.212,7.437,False
train/fall/people(275).jpg,train,fall,leeds_millennium,6.06,0.012,7.636,False
train/fall/people(2752).jpg,train,fall,leeds_millennium,2.42,0.002,7.731,False
train/fall/people(2756).jpg,train,fall,leeds_millennium,3.74,0.002,7.734,False
train/fall/people(2766).jpg,train,fall,leeds_millennium,7.89,0.000,7.649,False
train/fall/people(278).jpg,train,fall,leeds_millennium,5.18,0.335,6.160,False
train/fall/people(2784).jpg,train,fall,leeds_millennium,6.91,0.035,7.505,False
train/fall/people(2785).jpg,train,fall,leeds_millennium,6.67,0.000,7.405,False
train/fall/people(2786).jpg,train,fall,leeds_millennium,9.89,0.019,7.268,False
train/fall/people(2792).jpg,train,fall,leeds_millennium,3.56,0.109,7.520,False
train/fall/people(2796).jpg,train,fall,leeds_millennium,5.98,0.000,7.532,False
train/fall/people(2798).jpg,train,fall,leeds_millennium,6.55,0.000,7.228,False
train/fall/people(280).jpg,train,fall,leeds_millennium,6.41,0.000,7.779,False
train/fall/people(2800).jpg,train,fall,leeds_millennium,6.08,0.013,7.115,False
train/fall/people(2804).jpg,train,fall,leeds_millennium,4.84,0.007,7.727,False
train/fall/people(2805).jpg,train,fall,leeds_millennium,5.39,0.006,7.516,False
train/fall/people(2808).jpg,train,fall,leeds_millennium,3.20,0.245,7.492,False
train/fall/people(2810).jpg,train,fall,leeds_millennium,11.08,0.013,7.462,False
train/fall/people(2812).jpg,train,fall,leeds_millennium,2.76,0.092,7.879,False
train/fall/people(2814).jpg,train,fall,leeds_millennium,4.77,0.000,7.724,False
train/fall/people(2819).jpg,train,fall,leeds_millennium,2.71,0.045,7.472,False
train/fall/people(2825).jpg,train,fall,leeds_millennium,4.43,0.000,7.517,False
train/fall/people(2827).jpg,train,fall,leeds_millennium,6.83,0.036,7.805,False
train/fall/people(283).jpg,train,fall,leeds_millennium,7.28,0.000,7.421,False
train/fall/people(2831).jpg,train,fall,leeds_millennium,5.17,0.104,7.708,False
train/fall/people(2832).jpg,train,fall,leeds_millennium,4.32,0.022,7.878,False
train/fall/people(2833).jpg,train,fall,leeds_millennium,3.07,0.000,7.749,False
train/fall/people(2836).jpg,train,fall,leeds_millennium,5.43,0.194,7.564,False
train/fall/people(284).jpg,train,fall,leeds_millennium,5.03,0.000,7.358,False
train/fall/people(2843).jpg,train,fall,leeds_millennium,2.96,0.000,7.573,False
train/fall/people(2846).jpg,train,fall,leeds_millennium,5.05,0.000,7.418,False
train/fall/people(2850).jpg,train,fall,leeds_millennium,5.23,0.000,7.352,False
train/fall/people(2851).jpg,train,fall,leeds_millennium,6.30,0.053,7.655,False
train/fall/people(2857).jpg,train,fall,leeds_millennium,4.92,0.000,7.412,False
train/fall/people(2862).jpg,train,fall,leeds_millennium,5.16,0.004,6.765,False
train/fall/people(2863).jpg,train,fall,leeds_millennium,5.25,0.004,7.842,False
train/fall/people(2873).jpg,train,fall,leeds_millennium,6.64,0.000,7.520,False
train/fall/people(2874).jpg,train,fall,leeds_millennium,8.84,0.000,7.759,False
train/fall/people(2878).jpg,train,fall,leeds_millennium,4.00,0.082,7.700,False
train/fall/people(2879).jpg,train,fall,leeds_millennium,3.13,0.072,7.545,False
train/fall/people(2882).jpg,train,fall,leeds_millennium,5.51,0.107,7.834,False
train/fall/people(2883).jpg,train,fall,leeds_millennium,9.27,0.000,7.205,False
train/fall/people(2885).jpg,train,fall,leeds_millennium,5.14,0.000,7.706,False
train/fall/people(2888).jpg,train,fall,leeds_millennium,4.49,0.026,7.463,False
train/fall/people(2890).jpg,train,fall,leeds_millennium,6.59,0.026,7.833,False
train/fall/people(2893).jpg,train,fall,leeds_millennium,3.50,0.001,7.632,False
train/fall/people(2896).jpg,train,fall,leeds_millennium,6.93,0.000,7.554,False
train/fall/people(2903).jpg,train,fall,leeds_millennium,9.87,0.006,7.570,False
train/fall/people(2904).jpg,train,fall,leeds_millennium,4.38,0.000,7.506,False
train/fall/people(2911).jpg,train,fall,leeds_millennium,3.24,0.002,7.662,False
train/fall/people(2918).jpg,train,fall,leeds_millennium,10.71,0.009,7.313,False
train/fall/people(2920).jpg,train,fall,leeds_millennium,7.54,0.000,6.928,False
train/fall/people(2925).jpg,train,fall,leeds_millennium,7.44,0.021,7.297,False
train/fall/people(293).jpg,train,fall,leeds_millennium,5.23,0.000,7.276,False
train/fall/people(2931).jpg,train,fall,leeds_millennium,8.52,0.000,6.847,False
train/fall/people(2933).jpg,train,fall,leeds_millennium,4.11,0.005,7.763,False
train/fall/people(2944).jpg,train,fall,leeds_millennium,7.07,0.003,7.471,False
train/fall/people(2951).jpg,train,fall,leeds_millennium,5.66,0.012,7.752,False
train/fall/people(2952).jpg,train,fall,leeds_millennium,5.66,0.012,7.752,False
train/fall/people(2955).jpg,train,fall,leeds_millennium,5.47,0.016,7.694,False
train/fall/people(297).jpg,train,fall,leeds_millennium,5.78,0.000,7.651,False
train/fall/people(2975).jpg,train,fall,leeds_millennium,3.58,0.001,7.710,False
train/fall/people(2989).jpg,train,fall,leeds_millennium,3.12,0.018,7.621,False
train/fall/people(2995).jpg,train,fall,leeds_millennium,9.06,0.000,7.588,False
train/fall/people(2997).jpg,train,fall,leeds_millennium,4.89,0.029,7.780,False
train/fall/people(30).jpg,train,fall,leeds_millennium,3.66,0.000,7.573,False
train/fall/people(3002).jpg,train,fall,leeds_millennium,5.83,0.025,7.791,False
train/fall/people(3004).jpg,train,fall,leeds_millennium,7.33,0.071,7.421,False
train/fall/people(3010).jpg,train,fall,leeds_millennium,4.36,0.003,6.882,False
train/fall/people(3020).jpg,train,fall,leeds_millennium,17.06,0.000,6.277,True
train/fall/people(3039).jpg,train,fall,leeds_millennium,7.35,0.000,7.661,False
train/fall/people(3040).jpg,train,fall,leeds_millennium,3.20,0.002,7.574,False
train/fall/people(3041).jpg,train,fall,leeds_millennium,6.35,0.000,7.380,False
train/fall/people(3043).jpg,train,fall,leeds_millennium,6.67,0.001,7.803,False
train/fall/people(3044).jpg,train,fall,leeds_millennium,4.03,0.026,7.373,False
train/fall/people(3051).jpg,train,fall,leeds_millennium,4.89,0.001,7.780,False
train/fall/people(3057).jpg,train,fall,leeds_millennium,9.00,0.037,7.302,False
train/fall/people(3059).jpg,train,fall,leeds_millennium,3.24,0.000,7.593,False
train/fall/people(3061).jpg,train,fall,leeds_millennium,4.51,0.130,7.758,False
train/fall/people(3062).jpg,train,fall,leeds_millennium,5.43,0.000,7.075,False
train/fall/people(3073).jpg,train,fall,leeds_millennium,4.54,0.001,7.843,False
train/fall/people(3078).jpg,train,fall,leeds_millennium,4.72,0.000,7.739,False
train/fall/people(3082).jpg,train,fall,leeds_millennium,4.11,0.017,7.710,False
train/fall/people(3088).jpg,train,fall,leeds_millennium,4.28,0.001,6.343,False
train/fall/people(3105).jpg,train,fall,leeds_millennium,4.79,0.047,7.748,False
train/fall/people(3108).jpg,train,fall,leeds_millennium,6.97,0.000,7.237,False
train/fall/people(3109).jpg,train,fall,leeds_millennium,4.40,0.028,7.606,False
train/fall/people(3111).jpg,train,fall,leeds_millennium,8.82,0.031,7.218,False
train/fall/people(3124).jpg,train,fall,leeds_millennium,5.49,0.000,7.598,False
train/fall/people(3125).jpg,train,fall,leeds_millennium,6.69,0.000,7.157,False
train/fall/people(3130).jpg,train,fall,leeds_millennium,7.92,0.000,7.505,False
train/fall/people(3133).jpg,train,fall,leeds_millennium,5.04,0.043,6.899,False
train/fall/people(3142).jpg,train,fall,leeds_millennium,5.03,0.098,7.329,False
train/fall/people(3144).jpg,train,fall,leeds_millennium,3.46,0.039,7.610,False
train/fall/people(3146).jpg,train,fall,leeds_millennium,4.35,0.002,7.569,False
train/fall/people(3155).jpg,train,fall,leeds_millennium,7.01,0.058,7.717,False
train/fall/people(3157).jpg,train,fall,leeds_millennium,2.95,0.037,7.843,False
train/fall/people(3160).jpg,train,fall,leeds_millennium,4.33,0.000,7.628,False
train/fall/people(3161).jpg,train,fall,leeds_millennium,6.59,0.003,7.453,False
train/fall/people(3166).jpg,train,fall,leeds_millennium,4.07,0.013,7.895,False
train/fall/people(3169).jpg,train,fall,leeds_millennium,4.13,0.010,7.735,False
train/fall/people(3171).jpg,train,fall,leeds_millennium,5.83,0.022,7.452,False
train/fall/people(3174).jpg,train,fall,leeds_millennium,5.12,0.002,6.975,False
train/fall/people(3187).jpg,train,fall,leeds_millennium,8.17,0.001,7.487,False
train/fall/people(3189).jpg,train,fall,leeds_millennium,4.61,0.000,7.634,False
train/fall/people(3192).jpg,train,fall,leeds_millennium,2.60,0.101,7.655,False
train/fall/people(3193).jpg,train,fall,leeds_millennium,6.07,0.001,6.877,False
train/fall/people(3208).jpg,train,fall,leeds_millennium,7.89,0.605,5.727,True
train/fall/people(3210).jpg,train,fall,leeds_millennium,12.16,0.000,6.923,False
train/fall/people(3216).jpg,train,fall,leeds_millennium,5.90,0.142,6.930,False
train/fall/people(3218).jpg,train,fall,leeds_millennium,10.00,0.000,7.439,False
train/fall/people(3222).jpg,train,fall,leeds_millennium,3.90,0.039,7.586,False
train/fall/people(3231).jpg,train,fall,leeds_millennium,3.85,0.065,7.522,False
train/fall/people(3233).jpg,train,fall,leeds_millennium,3.13,0.000,7.483,False
train/fall/people(3238).jpg,train,fall,leeds_millennium,5.48,0.013,7.683,False
train/fall/people(3240).jpg,train,fall,leeds_millennium,5.53,0.028,7.623,False
train/fall/people(3242).jpg,train,fall,leeds_millennium,4.97,0.000,7.694,False
train/fall/people(3245).jpg,train,fall,leeds_millennium,3.22,0.001,7.500,False
train/fall/people(3246).jpg,train,fall,leeds_millennium,12.20,0.000,6.928,False
train/fall/people(3247).jpg,train,fall,leeds_millennium,3.54,0.003,7.604,False
train/fall/people(3248).jpg,train,fall,leeds_millennium,4.03,0.019,7.815,False
train/fall/people(3249).jpg,train,fall,leeds_millennium,6.18,0.030,7.841,False
train/fall/people(3252).jpg,train,fall,leeds_millennium,7.61,0.042,7.735,False
train/fall/people(3253).jpg,train,fall,leeds_millennium,3.46,0.093,7.595,False
train/fall/people(3256).jpg,train,fall,leeds_millennium,5.55,0.001,7.813,False
train/fall/people(3268).jpg,train,fall,leeds_millennium,5.84,0.071,7.418,False
train/fall/people(3270).jpg,train,fall,leeds_millennium,3.17,0.015,7.256,False
train/fall/people(3271).jpg,train,fall,leeds_millennium,4.64,0.016,7.771,False
train/fall/people(3273).jpg,train,fall,leeds_millennium,7.71,0.090,7.744,False
train/fall/people(3274).jpg,train,fall,leeds_millennium,5.92,0.000,7.672,False
train/fall/people(3275).jpg,train,fall,leeds_millennium,8.37,0.022,7.310,False
train/fall/people(3279).jpg,train,fall,leeds_millennium,5.75,0.597,4.497,True
train/fall/people(328).jpg,train,fall,leeds_millennium,5.50,0.000,7.505,False
train/fall/people(3280).jpg,train,fall,leeds_millennium,7.23,0.017,7.496,False
train/fall/people(3286).jpg,train,fall,leeds_millennium,4.67,0.000,7.481,False
train/fall/people(3289).jpg,train,fall,leeds_millennium,7.72,0.002,7.398,False
train/fall/people(3291).jpg,train,fall,leeds_millennium,3.94,0.000,7.624,False
train/fall/people(3292).jpg,train,fall,leeds_millennium,6.25,0.014,7.475,False
train/fall/people(3296).jpg,train,fall,leeds_millennium,9.00,0.000,6.634,False
train/fall/people(3297).jpg,train,fall,leeds_millennium,7.38,0.000,6.411,False
train/fall/people(3299).jpg,train,fall,leeds_millennium,9.21,0.000,7.174,False
train/fall/people(330).jpg,train,fall,leeds_millennium,3.30,0.011,7.752,False
train/fall/people(3303).jpg,train,fall,leeds_millennium,8.66,0.015,7.797,False
train/fall/people(3305).jpg,train,fall,leeds_millennium,3.28,0.025,6.903,False
train/fall/people(3307).jpg,train,fall,leeds_millennium,3.76,0.008,7.479,False
train/fall/people(331).jpg,train,fall,leeds_millennium,3.30,0.090,7.692,False
train/fall/people(3311).jpg,train,fall,leeds_millennium,5.98,0.015,7.493,False
train/fall/people(3313).jpg,train,fall,leeds_millennium,7.40,0.019,7.499,False
train/fall/people(3314).jpg,train,fall,leeds_millennium,6.23,0.409,6.203,True
train/fall/people(3315).jpg,train,fall,leeds_millennium,3.54,0.000,7.674,False
train/fall/people(3317).jpg,train,fall,leeds_millennium,3.10,0.026,7.861,False
train/fall/people(3319).jpg,train,fall,leeds_millennium,9.29,0.106,7.572,False
train/fall/people(3320).jpg,train,fall,leeds_millennium,7.06,0.042,7.550,False
train/fall/people(3322).jpg,train,fall,leeds_millennium,6.03,0.002,6.928,False
train/fall/people(3327).jpg,train,fall,leeds_millennium,6.01,0.433,6.121,True
train/fall/people(3330).jpg,train,fall,leeds_millennium,6.14,0.000,7.746,False
train/fall/people(3336).jpg,train,fall,leeds_millennium,4.89,0.002,7.825,False
train/fall/people(3337).jpg,train,fall,leeds_millennium,12.30,0.621,5.054,True
train/fall/people(3338).jpg,train,fall,leeds_millennium,8.87,0.000,7.030,False
train/fall/people(3339).jpg,train,fall,leeds_millennium,4.16,0.099,6.728,False
train/fall/people(3347).jpg,train,fall,leeds_millennium,9.24,0.000,7.091,False
train/fall/people(3350).jpg,train,fall,leeds_millennium,2.62,0.011,7.732,False
train/fall/people(3351).jpg,train,fall,leeds_millennium,4.99,0.000,7.018,False
train/fall/people(3352).jpg,train,fall,leeds_millennium,2.66,0.021,7.940,False
train/fall/people(3356).jpg,train,fall,leeds_millennium,7.13,0.002,7.595,False
train/fall/people(3357).jpg,train,fall,leeds_millennium,8.35,0.001,7.573,False
train/fall/people(3365).jpg,train,fall,leeds_millennium,7.13,0.114,7.091,False
train/fall/people(337).jpg,train,fall,leeds_millennium,4.98,0.000,7.708,False
train/fall/people(3372).jpg,train,fall,leeds_millennium,7.16,0.011,7.329,False
train/fall/people(3375).jpg,train,fall,leeds_millennium,1.75,0.004,7.815,False
train/fall/people(3377).jpg,train,fall,leeds_millennium,6.77,0.000,7.151,False
train/fall/people(3382).jpg,train,fall,leeds_millennium,6.44,0.025,7.507,False
train/fall/people(3384).jpg,train,fall,leeds_millennium,3.55,0.006,7.762,False
train/fall/people(3385).jpg,train,fall,leeds_millennium,4.92,0.004,7.590,False
train/fall/people(3388).jpg,train,fall,leeds_millennium,4.79,0.024,7.482,False
train/fall/people(3389).jpg,train,fall,leeds_millennium,5.53,0.009,6.364,False
train/fall/people(3395).jpg,train,fall,leeds_millennium,6.08,0.002,7.645,False
train/fall/people(3398).jpg,train,fall,leeds_millennium,5.95,0.018,7.609,False
train/fall/people(3399).jpg,train,fall,leeds_millennium,6.34,0.002,7.773,False
train/fall/people(3406).jpg,train,fall,leeds_millennium,5.63,0.000,7.314,False
train/fall/people(3410).jpg,train,fall,leeds_millennium,6.78,0.002,7.250,False
train/fall/people(3411).jpg,train,fall,leeds_millennium,2.74,0.028,7.787,False
train/fall/people(3412).jpg,train,fall,leeds_millennium,7.35,0.016,7.283,False
train/fall/people(3417).jpg,train,fall,leeds_millennium,3.23,0.030,7.549,False
train/fall/people(342).jpg,train,fall,leeds_millennium,7.62,0.025,7.504,False
train/fall/people(3421).jpg,train,fall,leeds_millennium,4.77,0.001,7.595,False
train/fall/people(3426).jpg,train,fall,leeds_millennium,6.17,0.000,7.540,False
train/fall/people(3431).jpg,train,fall,leeds_millennium,11.28,0.007,6.529,False
train/fall/people(3433).jpg,train,fall,leeds_millennium,8.35,0.008,7.105,False
train/fall/people(3434).jpg,train,fall,leeds_millennium,6.84,0.000,7.610,False
train/fall/people(3437).jpg,train,fall,leeds_millennium,5.95,0.003,7.721,False
train/fall/people(3438).jpg,train,fall,leeds_millennium,5.48,0.000,7.584,False
train/fall/people(344).jpg,train,fall,leeds_millennium,5.72,0.005,7.603,False
train/fall/people(3440).jpg,train,fall,leeds_millennium,8.57,0.001,7.530,False
train/fall/people(3442).jpg,train,fall,leeds_millennium,5.82,0.002,7.641,False
train/fall/people(3443).jpg,train,fall,leeds_millennium,6.03,0.012,7.598,False
train/fall/people(3454).jpg,train,fall,leeds_millennium,7.33,0.014,7.439,False
train/fall/people(3455).jpg,train,fall,leeds_millennium,6.93,0.046,7.524,False
train/fall/people(3456).jpg,train,fall,leeds_millennium,6.59,0.000,7.742,False
train/fall/people(3465).jpg,train,fall,leeds_millennium,8.32,0.163,7.569,False
train/fall/people(3466).jpg,train,fall,leeds_millennium,2.96,0.016,7.584,False
train/fall/people(3467).jpg,train,fall,leeds_millennium,4.18,0.030,7.670,False
train/fall/people(3469).jpg,train,fall,leeds_millennium,8.35,0.007,6.778,False
train/fall/people(3470).jpg,train,fall,leeds_millennium,4.51,0.006,7.554,False
train/fall/people(3471).jpg,train,fall,leeds_millennium,5.36,0.086,7.256,False
train/fall/people(3475).jpg,train,fall,leeds_millennium,5.40,0.000,7.566,False
train/fall/people(3477).jpg,train,fall,leeds_millennium,3.92,0.003,7.626,False
train/fall/people(3482).jpg,train,fall,leeds_millennium,5.64,0.003,7.377,False
train/fall/people(3483).jpg,train,fall,leeds_millennium,13.24,0.000,7.527,False
train/fall/people(3484).jpg,train,fall,leeds_millennium,4.19,0.060,7.768,False
train/fall/people(3487).jpg,train,fall,leeds_millennium,7.88,0.009,7.050,False
train/fall/people(349).jpg,train,fall,leeds_millennium,6.13,0.040,7.462,False
train/fall/people(3490).jpg,train,fall,leeds_millennium,4.59,0.040,7.556,False
train/fall/people(3491).jpg,train,fall,leeds_millennium,3.73,0.024,7.689,False
train/fall/people(3496).jpg,train,fall,leeds_millennium,4.24,0.008,7.419,False
train/fall/people(3498).jpg,train,fall,leeds_millennium,28.66,0.000,5.958,True
train/fall/people(350).jpg,train,fall,leeds_millennium,4.21,0.000,7.230,False
train/fall/people(3500).jpg,train,fall,leeds_millennium,16.06,0.318,6.762,True
train/fall/people(3501).jpg,train,fall,leeds_millennium,18.31,0.003,7.132,True
train/fall/people(3502).jpg,train,fall,leeds_millennium,14.66,0.007,7.715,False
train/fall/people(3506).jpg,train,fall,leeds_millennium,12.79,0.023,7.659,False
train/fall/people(3509).jpg,train,fall,leeds_millennium,13.14,0.002,7.748,False
train/fall/people(3510).jpg,train,fall,leeds_millennium,23.73,0.000,6.790,True
train/fall/people(3512).jpg,train,fall,leeds_millennium,10.71,0.073,7.815,False
train/fall/people(3513).jpg,train,fall,leeds_millennium,11.71,0.000,5.764,False
train/fall/people(3515).jpg,train,fall,leeds_millennium,12.22,0.005,6.753,False
train/fall/people(352).jpg,train,fall,leeds_millennium,3.67,0.003,7.684,False
train/fall/people(3521).jpg,train,fall,leeds_millennium,24.22,0.000,7.389,True
train/fall/people(3523).jpg,train,fall,leeds_millennium,10.74,0.005,7.782,False
train/fall/people(3525).jpg,train,fall,leeds_millennium,18.99,0.002,7.706,True
train/fall/people(3528).jpg,train,fall,leeds_millennium,7.87,0.001,6.642,False
train/fall/people(353).jpg,train,fall,leeds_millennium,13.64,0.000,7.392,False
train/fall/people(3530).jpg,train,fall,leeds_millennium,11.65,0.000,7.172,False
train/fall/people(3531).jpg,train,fall,leeds_millennium,11.64,0.000,7.409,False
train/fall/people(3533).jpg,train,fall,leeds_millennium,10.65,0.001,7.535,False
train/fall/people(3535).jpg,train,fall,leeds_millennium,17.07,0.000,6.277,True
train/fall/people(3536).jpg,train,fall,leeds_millennium,11.35,0.000,7.287,False
train/fall/people(3537).jpg,train,fall,leeds_millennium,9.38,0.003,7.405,False
train/fall/people(3538).jpg,train,fall,leeds_millennium,9.19,0.005,7.488,False
train/fall/people(3542).jpg,train,fall,leeds_millennium,8.56,0.000,7.394,False
train/fall/people(3543).jpg,train,fall,leeds_millennium,7.90,0.019,7.624,False
train/fall/people(3544).jpg,train,fall,leeds_millennium,14.43,0.012,7.294,False
train/fall/people(3545).jpg,train,fall,leeds_millennium,13.85,0.034,7.268,False
train/fall/people(3546).jpg,train,fall,leeds_millennium,8.34,0.000,6.975,False
train/fall/people(3547).jpg,train,fall,leeds_millennium,9.63,0.000,6.995,False
train/fall/people(3549).jpg,train,fall,leeds_millennium,9.34,0.001,6.883,False
train/fall/people(3550).jpg,train,fall,leeds_millennium,10.66,0.000,7.447,False
train/fall/people(3552).jpg,train,fall,leeds_millennium,7.85,0.007,7.321,False
train/fall/people(3554).jpg,train,fall,leeds_millennium,7.53,0.000,6.460,False
train/fall/people(3555).jpg,train,fall,leeds_millennium,12.49,0.000,7.575,False
train/fall/people(3556).jpg,train,fall,leeds_millennium,9.68,0.000,7.282,False
train/fall/people(3558).jpg,train,fall,leeds_millennium,9.39,0.009,7.324,False
train/fall/people(3564).jpg,train,fall,leeds_millennium,9.90,0.002,7.586,False
train/fall/people(3565).jpg,train,fall,leeds_millennium,8.21,0.037,7.023,False
train/fall/people(3566).jpg,train,fall,leeds_millennium,8.74,0.007,7.521,False
train/fall/people(3567).jpg,train,fall,leeds_millennium,9.88,0.000,7.562,False
train/fall/people(3569).jpg,train,fall,leeds_millennium,9.34,0.002,7.442,False
train/fall/people(3570).jpg,train,fall,leeds_millennium,8.51,0.002,6.796,False
train/fall/people(3573).jpg,train,fall,leeds_millennium,11.54,0.022,7.775,False
train/fall/people(3577).jpg,train,fall,leeds_millennium,8.41,0.072,6.962,False
train/fall/people(3578).jpg,train,fall,leeds_millennium,10.76,0.000,7.424,False
train/fall/people(3581).jpg,train,fall,leeds_millennium,8.26,0.004,6.984,False
train/fall/people(3582).jpg,train,fall,leeds_millennium,8.56,0.000,7.579,False
train/fall/people(3587).jpg,train,fall,leeds_millennium,9.16,0.000,7.421,False
train/fall/people(3590).jpg,train,fall,leeds_millennium,6.36,0.000,6.753,False
train/fall/people(3592).jpg,train,fall,leeds_millennium,9.36,0.005,7.471,False
train/fall/people(3598).jpg,train,fall,leeds_millennium,9.62,0.007,7.508,False
train/fall/people(3600).jpg,train,fall,leeds_millennium,9.03,0.005,7.653,False
train/fall/people(3612).jpg,train,fall,leeds_millennium,6.93,0.005,7.735,False
train/fall/people(3613).jpg,train,fall,leeds_millennium,7.14,0.000,7.210,False
train/fall/people(3615).jpg,train,fall,leeds_millennium,6.32,0.003,7.058,False
train/fall/people(3618).jpg,train,fall,leeds_millennium,12.59,0.000,7.495,False
train/fall/people(3620).jpg,train,fall,leeds_millennium,9.83,0.005,6.985,False
train/fall/people(3622).jpg,train,fall,leeds_millennium,9.24,0.007,7.593,False
train/fall/people(3625).jpg,train,fall,leeds_millennium,7.97,0.002,7.558,False
train/fall/people(3629).jpg,train,fall,leeds_millennium,7.90,0.001,7.430,False
train/fall/people(3630).jpg,train,fall,leeds_millennium,13.10,0.000,7.200,False
train/fall/people(3632).jpg,train,fall,leeds_millennium,7.75,0.003,7.560,False
train/fall/people(3637).jpg,train,fall,leeds_millennium,8.11,0.003,7.546,False
train/fall/people(3638).jpg,train,fall,leeds_millennium,8.41,0.033,7.636,False
train/fall/people(364).jpg,train,fall,leeds_millennium,7.56,0.016,7.596,False
train/fall/people(3640).jpg,train,fall,leeds_millennium,8.76,0.030,7.491,False
train/fall/people(3642).jpg,train,fall,leeds_millennium,8.99,0.001,7.151,False
train/fall/people(365).jpg,train,fall,leeds_millennium,6.81,0.000,7.539,False
train/fall/people(3650).jpg,train,fall,leeds_millennium,6.74,0.005,7.298,False
train/fall/people(3651).jpg,train,fall,leeds_millennium,7.10,0.000,7.424,False
train/fall/people(3653).jpg,train,fall,leeds_millennium,6.99,0.000,7.635,False
train/fall/people(3657).jpg,train,fall,leeds_millennium,7.87,0.110,6.919,False
train/fall/people(3665).jpg,train,fall,leeds_millennium,7.99,0.007,7.623,False
train/fall/people(3667).jpg,train,fall,leeds_millennium,9.30,0.000,6.818,False
train/fall/people(3668).jpg,train,fall,leeds_millennium,6.65,0.000,7.486,False
train/fall/people(3670).jpg,train,fall,leeds_millennium,8.48,0.008,7.457,False
train/fall/people(3674).jpg,train,fall,leeds_millennium,6.06,0.023,7.286,False
train/fall/people(3680).jpg,train,fall,leeds_millennium,6.30,0.000,7.525,False
train/fall/people(3686).jpg,train,fall,leeds_millennium,6.99,0.006,7.014,False
train/fall/people(3688).jpg,train,fall,leeds_millennium,8.47,0.000,7.162,False
train/fall/people(3690).jpg,train,fall,leeds_millennium,7.36,0.006,7.635,False
train/fall/people(3691).jpg,train,fall,leeds_millennium,8.59,0.005,7.601,False
train/fall/people(3693).jpg,train,fall,leeds_millennium,6.36,0.000,7.553,False
train/fall/people(3696).jpg,train,fall,leeds_millennium,7.61,0.001,7.409,False
train/fall/people(3704).jpg,train,fall,leeds_millennium,9.46,0.035,7.458,False
train/fall/people(3706).jpg,train,fall,leeds_millennium,7.02,0.000,7.448,False
train/fall/people(3709).jpg,train,fall,leeds_millennium,6.68,0.000,7.469,False
train/fall/people(3710).jpg,train,fall,leeds_millennium,7.00,0.000,7.159,False
train/fall/people(3712).jpg,train,fall,leeds_millennium,7.25,0.011,7.165,False
train/fall/people(3714).jpg,train,fall,leeds_millennium,7.31,0.000,7.221,False
train/fall/people(3717).jpg,train,fall,leeds_millennium,7.84,0.102,7.382,False
train/fall/people(3726).jpg,train,fall,leeds_millennium,7.04,0.000,7.438,False
train/fall/people(3727).jpg,train,fall,leeds_millennium,6.60,0.003,7.339,False
train/fall/people(3728).jpg,train,fall,leeds_millennium,6.91,0.000,7.135,False
train/fall/people(3729).jpg,train,fall,leeds_millennium,6.95,0.000,7.560,False
train/fall/people(3730).jpg,train,fall,leeds_millennium,7.04,0.007,7.672,False
train/fall/people(3731).jpg,train,fall,leeds_millennium,8.50,0.002,7.654,False
train/fall/people(3734).jpg,train,fall,leeds_millennium,7.12,0.000,7.360,False
train/fall/people(3735).jpg,train,fall,leeds_millennium,7.33,0.001,7.679,False
train/fall/people(3751).jpg,train,fall,leeds_millennium,7.04,0.037,7.653,False
train/fall/people(3752).jpg,train,fall,leeds_millennium,7.11,0.000,7.742,False
train/fall/people(3755).jpg,train,fall,leeds_millennium,6.95,0.008,7.630,False
train/fall/people(3759).jpg,train,fall,leeds_millennium,6.36,0.091,7.651,False
train/fall/people(3762).jpg,train,fall,leeds_millennium,5.74,0.042,7.695,False
train/fall/people(3775).jpg,train,fall,leeds_millennium,5.90,0.017,7.634,False
train/fall/people(3778).jpg,train,fall,leeds_millennium,9.47,0.000,7.057,False
train/fall/people(3782).jpg,train,fall,leeds_millennium,6.86,0.002,7.537,False
train/fall/people(3783).jpg,train,fall,leeds_millennium,6.13,0.008,7.262,False
train/fall/people(3784).jpg,train,fall,leeds_millennium,6.79,0.000,7.481,False
train/fall/people(3785).jpg,train,fall,leeds_millennium,5.99,0.007,7.554,False
train/fall/people(3787).jpg,train,fall,leeds_millennium,5.92,0.003,7.515,False
train/fall/people(3789).jpg,train,fall,leeds_millennium,6.99,0.006,6.911,False
train/fall/people(3790).jpg,train,fall,leeds_millennium,7.84,0.012,7.859,False
train/fall/people(3791).jpg,train,fall,leeds_millennium,6.00,0.000,7.507,False
train/fall/people(3794).jpg,train,fall,leeds_millennium,7.28,0.017,7.766,False
train/fall/people(3796).jpg,train,fall,leeds_millennium,5.27,0.046,7.561,False
train/fall/people(3797).jpg,train,fall,leeds_millennium,7.34,0.003,7.435,False
train/fall/people(3801).jpg,train,fall,leeds_millennium,6.76,0.000,7.657,False
train/fall/people(3805).jpg,train,fall,leeds_millennium,7.15,0.027,7.681,False
train/fall/people(3806).jpg,train,fall,leeds_millennium,7.54,0.002,7.576,False
train/fall/people(3808).jpg,train,fall,leeds_millennium,5.78,0.000,7.465,False
train/fall/people(381).jpg,train,fall,leeds_millennium,2.87,0.102,7.739,False
train/fall/people(3810).jpg,train,fall,leeds_millennium,6.29,0.152,7.656,False
train/fall/people(3811).jpg,train,fall,leeds_millennium,5.48,0.001,7.554,False
train/fall/people(3812).jpg,train,fall,leeds_millennium,6.19,0.001,7.840,False
train/fall/people(3813).jpg,train,fall,leeds_millennium,7.10,0.011,7.730,False
train/fall/people(3814).jpg,train,fall,leeds_millennium,4.78,0.144,7.400,False
train/fall/people(3818).jpg,train,fall,leeds_millennium,8.49,0.000,7.194,False
train/fall/people(3819).jpg,train,fall,leeds_millennium,8.00,0.120,7.117,False
train/fall/people(3822).jpg,train,fall,leeds_millennium,6.28,0.020,7.799,False
train/fall/people(3823).jpg,train,fall,leeds_millennium,7.50,0.000,7.662,False
train/fall/people(3824).jpg,train,fall,leeds_millennium,7.41,0.173,7.229,False
train/fall/people(3825).jpg,train,fall,leeds_millennium,6.62,0.001,7.656,False
train/fall/people(3827).jpg,train,fall,leeds_millennium,6.83,0.000,7.661,False
train/fall/people(3828).jpg,train,fall,leeds_millennium,7.44,0.000,7.474,False
train/fall/people(3833).jpg,train,fall,leeds_millennium,6.00,0.076,7.752,False
train/fall/people(3834).jpg,train,fall,leeds_millennium,6.92,0.027,7.616,False
train/fall/people(3837).jpg,train,fall,leeds_millennium,7.68,0.000,7.339,False
train/fall/people(3839).jpg,train,fall,leeds_millennium,6.64,0.003,7.490,False
train/fall/people(384).jpg,train,fall,leeds_millennium,5.89,0.000,7.823,False
train/fall/people(3842).jpg,train,fall,leeds_millennium,7.19,0.030,7.849,False
train/fall/people(3843).jpg,train,fall,leeds_millennium,7.13,0.115,7.206,False
train/fall/people(3844).jpg,train,fall,leeds_millennium,5.56,0.089,6.954,False
train/fall/people(3845).jpg,train,fall,leeds_millennium,8.02,0.000,6.777,False
train/fall/people(3848).jpg,train,fall,leeds_millennium,5.64,0.061,7.511,False
train/fall/people(3850).jpg,train,fall,leeds_millennium,6.61,0.005,7.601,False
train/fall/people(3851).jpg,train,fall,leeds_millennium,6.46,0.000,7.833,False
train/fall/people(3854).jpg,train,fall,leeds_millennium,5.58,0.001,7.702,False
train/fall/people(3857).jpg,train,fall,leeds_millennium,6.19,0.001,7.682,False
train/fall/people(3858).jpg,train,fall,leeds_millennium,5.85,0.013,7.738,False
train/fall/people(3861).jpg,train,fall,leeds_millennium,8.00,0.040,7.916,False
train/fall/people(3862).jpg,train,fall,leeds_millennium,7.95,0.019,7.549,False
train/fall/people(3864).jpg,train,fall,leeds_millennium,6.55,0.000,7.664,False
train/fall/people(3865).jpg,train,fall,leeds_millennium,7.26,0.032,7.848,False
train/fall/people(3867).jpg,train,fall,leeds_millennium,6.69,0.003,7.793,False
train/fall/people(3868).jpg,train,fall,leeds_millennium,7.71,0.002,7.478,False
train/fall/people(3878).jpg,train,fall,leeds_millennium,6.70,0.031,7.860,False
train/fall/people(3882).jpg,train,fall,leeds_millennium,5.05,0.037,7.463,False
train/fall/people(3888).jpg,train,fall,leeds_millennium,6.02,0.001,7.774,False
train/fall/people(3890).jpg,train,fall,leeds_millennium,6.67,0.001,7.753,False
train/fall/people(3891).jpg,train,fall,leeds_millennium,7.06,0.014,7.423,False
train/fall/people(3896).jpg,train,fall,leeds_millennium,6.22,0.010,7.848,False
train/fall/people(3898).jpg,train,fall,leeds_millennium,5.59,0.003,7.661,False
train/fall/people(3900).jpg,train,fall,leeds_millennium,7.39,0.000,7.203,False
train/fall/people(3902).jpg,train,fall,leeds_millennium,7.59,0.005,7.377,False
train/fall/people(3906).jpg,train,fall,leeds_millennium,6.71,0.008,7.671,False
train/fall/people(3912).jpg,train,fall,leeds_millennium,4.91,0.018,7.732,False
train/fall/people(3913).jpg,train,fall,leeds_millennium,7.10,0.000,7.621,False
train/fall/people(3917).jpg,train,fall,leeds_millennium,6.88,0.000,7.319,False
train/fall/people(3919).jpg,train,fall,leeds_millennium,5.65,0.017,7.928,False
train/fall/people(3921).jpg,train,fall,leeds_millennium,5.58,0.012,7.779,False
train/fall/people(3924).jpg,train,fall,leeds_millennium,4.97,0.001,7.781,False
train/fall/people(3926).jpg,train,fall,leeds_millennium,4.73,0.023,7.567,False
train/fall/people(3927).jpg,train,fall,leeds_millennium,4.71,0.001,7.852,False
train/fall/people(3929).jpg,train,fall,leeds_millennium,5.07,0.030,7.790,False
train/fall/people(3932).jpg,train,fall,leeds_millennium,4.77,0.000,7.490,False
train/fall/people(3946).jpg,train,fall,leeds_millennium,5.44,0.000,7.547,False
train/fall/people(3949).jpg,train,fall,leeds_millennium,5.12,0.000,7.241,False
train/fall/people(3950).jpg,train,fall,leeds_millennium,6.47,0.006,7.435,False
train/fall/people(3955).jpg,train,fall,leeds_millennium,7.40,0.000,7.504,False
train/fall/people(3961).jpg,train,fall,leeds_millennium,5.33,0.004,7.745,False
train/fall/people(3965).jpg,train,fall,leeds_millennium,8.20,0.000,7.354,False
train/fall/people(3967).jpg,train,fall,leeds_millennium,6.39,0.040,7.662,False
train/fall/people(3970).jpg,train,fall,leeds_millennium,4.43,0.000,7.479,False
train/fall/people(3971).jpg,train,fall,leeds_millennium,7.63,0.490,5.067,True
train/fall/people(3974).jpg,train,fall,leeds_millennium,7.35,0.000,7.411,False
train/fall/people(3976).jpg,train,fall,leeds_millennium,5.50,0.031,7.830,False
train/fall/people(3978).jpg,train,fall,leeds_millennium,6.02,0.062,7.618,False
train/fall/people(3979).jpg,train,fall,leeds_millennium,6.51,0.082,7.756,False
train/fall/people(3980).jpg,train,fall,leeds_millennium,6.65,0.000,7.454,False
train/fall/people(3981).jpg,train,fall,leeds_millennium,3.99,0.002,7.816,False
train/fall/people(3982).jpg,train,fall,leeds_millennium,8.37,0.000,7.409,False
train/fall/people(3984).jpg,train,fall,leeds_millennium,7.62,0.000,7.090,False
train/fall/people(3985).jpg,train,fall,leeds_millennium,4.84,0.000,7.291,False
train/fall/people(3986).jpg,train,fall,leeds_millennium,5.25,0.000,7.493,False
train/fall/people(3993).jpg,train,fall,leeds_millennium,6.07,0.038,7.869,False
train/fall/people(3997).jpg,train,fall,leeds_millennium,7.24,0.000,7.708,False
train/fall/people(4000).jpg,train,fall,leeds_millennium,4.71,0.052,7.263,False
train/fall/people(4003).jpg,train,fall,leeds_millennium,7.92,0.001,7.763,False
train/fall/people(4006).jpg,train,fall,leeds_millennium,7.74,0.000,7.487,False
train/fall/people(4013).jpg,train,fall,leeds_millennium,6.43,0.000,7.516,False
train/fall/people(4016).jpg,train,fall,leeds_millennium,7.13,0.009,7.521,False
train/fall/people(4017).jpg,train,fall,leeds_millennium,5.17,0.000,7.279,False
train/fall/people(4018).jpg,train,fall,leeds_millennium,7.15,0.000,7.432,False
train/fall/people(4021).jpg,train,fall,leeds_millennium,7.50,0.015,7.692,False
train/fall/people(4022).jpg,train,fall,leeds_millennium,5.93,0.054,7.207,False
train/fall/people(4023).jpg,train,fall,leeds_millennium,5.41,0.000,7.524,False
train/fall/people(4024).jpg,train,fall,leeds_millennium,6.14,0.002,7.116,False
train/fall/people(4026).jpg,train,fall,leeds_millennium,5.46,0.002,7.744,False
train/fall/people(4027).jpg,train,fall,leeds_millennium,8.17,0.000,6.791,False
train/fall/people(4033).jpg,train,fall,leeds_millennium,6.15,0.009,7.099,False
train/fall/people(4040).jpg,train,fall,leeds_millennium,5.24,0.029,7.755,False
train/fall/people(4042).jpg,train,fall,leeds_millennium,4.19,0.000,7.726,False
train/fall/people(4043).jpg,train,fall,leeds_millennium,6.12,0.000,7.465,False
train/fall/people(405).jpg,train,fall,leeds_millennium,8.23,0.000,7.514,False
train/fall/people(4057).jpg,train,fall,leeds_millennium,5.73,0.000,7.321,False
train/fall/people(4059).jpg,train,fall,leeds_millennium,4.45,0.001,7.832,False
train/fall/people(4065).jpg,train,fall,leeds_millennium,5.12,0.000,7.767,False
train/fall/people(4070).jpg,train,fall,leeds_millennium,4.46,0.017,7.612,False
train/fall/people(4075).jpg,train,fall,leeds_millennium,3.61,0.000,7.630,False
train/fall/people(4081).jpg,train,fall,leeds_millennium,4.20,0.004,7.696,False
train/fall/people(4083).jpg,train,fall,leeds_millennium,3.51,0.176,7.122,False
train/fall/people(4085).jpg,train,fall,leeds_millennium,4.18,0.046,7.705,False
train/fall/people(4088).jpg,train,fall,leeds_millennium,3.38,0.000,7.389,False
train/fall/people(409).jpg,train,fall,leeds_millennium,5.91,0.003,7.646,False
train/fall/people(4091).jpg,train,fall,leeds_millennium,7.85,0.000,6.251,False
train/fall/people(4100).jpg,train,fall,leeds_millennium,4.42,0.004,7.623,False
train/fall/people(4101).jpg,train,fall,leeds_millennium,2.93,0.000,7.844,False
train/fall/people(4102).jpg,train,fall,leeds_millennium,6.73,0.000,6.974,False
train/fall/people(4106).jpg,train,fall,leeds_millennium,3.87,0.027,7.707,False
train/fall/people(4108).jpg,train,fall,leeds_millennium,2.50,0.028,7.830,False
train/fall/people(4109).jpg,train,fall,leeds_millennium,5.51,0.000,7.443,False
train/fall/people(4113).jpg,train,fall,leeds_millennium,5.90,0.142,6.930,False
train/fall/people(4114).jpg,train,fall,leeds_millennium,3.04,0.058,7.671,False
train/fall/people(4115).jpg,train,fall,leeds_millennium,3.22,0.049,7.901,False
train/fall/people(4116).jpg,train,fall,leeds_millennium,3.78,0.000,7.799,False
train/fall/people(4117).jpg,train,fall,leeds_millennium,2.03,0.012,7.795,False
train/fall/people(4127).jpg,train,fall,leeds_millennium,3.39,0.012,7.446,False
train/fall/people(414).jpg,train,fall,leeds_millennium,6.33,0.081,7.686,False
train/fall/people(4151).jpg,train,fall,leeds_millennium,3.95,0.005,7.789,False
train/fall/people(4160).jpg,train,fall,leeds_millennium,5.17,0.000,7.683,False
train/fall/people(4166).jpg,train,fall,leeds_millennium,3.79,0.003,7.476,False
train/fall/people(4178).jpg,train,fall,leeds_millennium,6.53,0.014,7.595,False
train/fall/people(4180).jpg,train,fall,leeds_millennium,4.22,0.000,7.308,False
train/fall/people(4181).jpg,train,fall,leeds_millennium,17.09,0.000,6.287,True
train/fall/people(4182).jpg,train,fall,leeds_millennium,2.79,0.019,7.794,False
train/fall/people(4189).jpg,train,fall,leeds_millennium,5.65,0.000,7.426,False
train/fall/people(4197).jpg,train,fall,leeds_millennium,3.45,0.003,7.663,False
train/fall/people(420).jpg,train,fall,leeds_millennium,4.03,0.000,7.805,False
train/fall/people(429).jpg,train,fall,leeds_millennium,3.74,0.037,7.760,False
train/fall/people(435).jpg,train,fall,leeds_millennium,4.25,0.000,7.454,False
train/fall/people(4362).jpg,train,fall,leeds_millennium,4.98,0.047,7.895,False
train/fall/people(4363).jpg,train,fall,leeds_millennium,6.67,0.000,7.688,False
train/fall/people(4373).jpg,train,fall,leeds_millennium,9.19,0.000,6.719,False
train/fall/people(4376).jpg,train,fall,leeds_millennium,7.31,0.000,6.672,False
train/fall/people(4381).jpg,train,fall,leeds_millennium,6.57,0.000,6.563,False
train/fall/people(4389).jpg,train,fall,leeds_millennium,7.01,0.000,7.061,False
train/fall/people(4393).jpg,train,fall,leeds_millennium,6.78,0.052,7.647,False
train/fall/people(4394).jpg,train,fall,leeds_millennium,6.97,0.001,7.625,False
train/fall/people(4403).jpg,train,fall,leeds_millennium,5.43,0.010,7.838,False
train/fall/people(4406).jpg,train,fall,leeds_millennium,8.22,0.089,7.447,False
train/fall/people(4414).jpg,train,fall,leeds_millennium,5.21,0.043,7.632,False
train/fall/people(4416).jpg,train,fall,leeds_millennium,6.59,0.026,7.609,False
train/fall/people(4417).jpg,train,fall,leeds_millennium,7.78,0.000,7.534,False
train/fall/people(4418).jpg,train,fall,leeds_millennium,6.58,0.006,7.835,False
train/fall/people(4419).jpg,train,fall,leeds_millennium,5.44,0.073,7.871,False
train/fall/people(4424).jpg,train,fall,leeds_millennium,5.89,0.019,7.846,False
train/fall/people(4425).jpg,train,fall,leeds_millennium,7.52,0.002,7.483,False
train/fall/people(4431).jpg,train,fall,leeds_millennium,4.75,0.012,7.607,False
train/fall/people(4432).jpg,train,fall,leeds_millennium,5.40,0.048,7.433,False
train/fall/people(4433).jpg,train,fall,leeds_millennium,7.34,0.008,7.744,False
train/fall/people(4436).jpg,train,fall,leeds_millennium,5.24,0.003,7.650,False
train/fall/people(4439).jpg,train,fall,leeds_millennium,6.08,0.003,7.578,False
train/fall/people(4449).jpg,train,fall,leeds_millennium,8.72,0.000,7.450,False
train/fall/people(445).jpg,train,fall,leeds_millennium,1.88,0.241,7.336,False
train/fall/people(4452).jpg,train,fall,leeds_millennium,8.48,0.009,7.453,False
train/fall/people(4458).jpg,train,fall,leeds_millennium,6.73,0.013,7.706,False
train/fall/people(4465).jpg,train,fall,leeds_millennium,7.12,0.004,7.252,False
train/fall/people(4466).jpg,train,fall,leeds_millennium,9.55,0.000,7.680,False
train/fall/people(4467).jpg,train,fall,leeds_millennium,12.34,0.000,6.029,False
train/fall/people(4469).jpg,train,fall,leeds_millennium,8.10,0.430,5.295,True
train/fall/people(4477).jpg,train,fall,leeds_millennium,7.01,0.000,7.146,False
train/fall/people(4481).jpg,train,fall,leeds_millennium,8.05,0.025,7.653,False
train/fall/people(4482).jpg,train,fall,leeds_millennium,6.25,0.000,7.049,False
train/fall/people(4485).jpg,train,fall,leeds_millennium,8.17,0.048,6.933,False
train/fall/people(4487).jpg,train,fall,leeds_millennium,7.74,0.094,7.521,False
train/fall/people(4490).jpg,train,fall,leeds_millennium,5.93,0.007,7.698,False
train/fall/people(4495).jpg,train,fall,leeds_millennium,5.83,0.013,7.774,False
train/fall/people(4496).jpg,train,fall,leeds_millennium,4.53,0.011,7.777,False
train/fall/people(45).jpg,train,fall,leeds_millennium,5.75,0.093,7.734,False
train/fall/people(450).jpg,train,fall,leeds_millennium,4.09,0.001,7.241,False
train/fall/people(4501).jpg,train,fall,leeds_millennium,6.13,0.005,7.632,False
train/fall/people(4502).jpg,train,fall,leeds_millennium,7.61,0.000,7.635,False
train/fall/people(4505).jpg,train,fall,leeds_millennium,6.62,0.027,7.724,False
train/fall/people(4509).jpg,train,fall,leeds_millennium,6.48,0.005,7.594,False
train/fall/people(4511).jpg,train,fall,leeds_millennium,5.39,0.071,7.777,False
train/fall/people(4515).jpg,train,fall,leeds_millennium,7.14,0.017,7.949,False
train/fall/people(4517).jpg,train,fall,leeds_millennium,11.17,0.001,7.397,False
train/fall/people(4518).jpg,train,fall,leeds_millennium,9.35,0.000,6.552,False
train/fall/people(4519).jpg,train,fall,leeds_millennium,7.02,0.001,7.461,False
train/fall/people(452).jpg,train,fall,leeds_millennium,7.91,0.000,7.172,False
train/fall/people(4522).jpg,train,fall,leeds_millennium,6.52,0.079,7.546,False
train/fall/people(4524).jpg,train,fall,leeds_millennium,8.35,0.034,7.636,False
train/fall/people(4529).jpg,train,fall,leeds_millennium,7.38,0.004,7.369,False
train/fall/people(4530).jpg,train,fall,leeds_millennium,8.63,0.000,7.414,False
train/fall/people(4533).jpg,train,fall,leeds_millennium,7.03,0.016,7.522,False
train/fall/people(4534).jpg,train,fall,leeds_millennium,6.42,0.007,7.710,False
train/fall/people(4535).jpg,train,fall,leeds_millennium,9.39,0.000,7.329,False
train/fall/people(4536).jpg,train,fall,leeds_millennium,16.72,0.000,6.997,True
train/fall/people(4537).jpg,train,fall,leeds_millennium,6.08,0.005,7.668,False
train/fall/people(4538).jpg,train,fall,leeds_millennium,6.15,0.003,7.519,False
train/fall/people(4541).jpg,train,fall,leeds_millennium,9.96,0.000,7.728,False
train/fall/people(4544).jpg,train,fall,leeds_millennium,5.39,0.002,7.644,False
train/fall/people(4548).jpg,train,fall,leeds_millennium,5.39,0.475,5.556,True
train/fall/people(4550).jpg,train,fall,leeds_millennium,8.62,0.000,7.315,False
train/fall/people(4551).jpg,train,fall,leeds_millennium,7.29,0.020,6.450,False
train/fall/people(4558).jpg,train,fall,leeds_millennium,4.58,0.005,7.705,False
train/fall/people(4559).jpg,train,fall,leeds_millennium,6.18,0.000,7.718,False
train/fall/people(4560).jpg,train,fall,leeds_millennium,5.81,0.001,7.339,False
train/fall/people(4563).jpg,train,fall,leeds_millennium,7.85,0.000,6.777,False
train/fall/people(4566).jpg,train,fall,leeds_millennium,7.34,0.006,7.217,False
train/fall/people(4572).jpg,train,fall,leeds_millennium,8.23,0.029,7.820,False
train/fall/people(4574).jpg,train,fall,leeds_millennium,8.25,0.008,7.457,False
train/fall/people(4576).jpg,train,fall,leeds_millennium,7.83,0.001,7.430,False
train/fall/people(4578).jpg,train,fall,leeds_millennium,9.93,0.262,7.092,False
train/fall/people(4580).jpg,train,fall,leeds_millennium,6.25,0.186,7.307,False
train/fall/people(4582).jpg,train,fall,leeds_millennium,5.78,0.018,7.636,False
train/fall/people(4587).jpg,train,fall,leeds_millennium,7.96,0.000,7.471,False
train/fall/people(4591).jpg,train,fall,leeds_millennium,6.84,0.010,7.878,False
train/fall/people(4593).jpg,train,fall,leeds_millennium,6.14,0.153,7.657,False
train/fall/people(4598).jpg,train,fall,leeds_millennium,4.03,0.033,7.807,False
train/fall/people(460).jpg,train,fall,leeds_millennium,10.78,0.000,7.462,False
train/fall/people(4600).jpg,train,fall,leeds_millennium,5.77,0.001,7.572,False
train/fall/people(462).jpg,train,fall,leeds_millennium,3.63,0.128,7.423,False
train/fall/people(463).jpg,train,fall,leeds_millennium,4.02,0.004,7.763,False
train/fall/people(4656).jpg,train,fall,leeds_millennium,11.50,0.000,7.639,False
train/fall/people(4659).jpg,train,fall,leeds_millennium,3.75,0.000,7.426,False
train/fall/people(4660).jpg,train,fall,leeds_millennium,3.58,0.007,7.892,False
train/fall/people(4664).jpg,train,fall,leeds_millennium,4.27,0.000,7.688,False
train/fall/people(4667).jpg,train,fall,leeds_millennium,4.45,0.000,7.192,False
train/fall/people(468).jpg,train,fall,leeds_millennium,7.37,0.000,7.609,False
train/fall/people(4687).jpg,train,fall,leeds_millennium,3.89,0.035,7.756,False
train/fall/people(4694).jpg,train,fall,leeds_millennium,5.02,0.000,7.257,False
train/fall/people(470).jpg,train,fall,leeds_millennium,3.34,0.046,7.731,False
train/fall/people(4700).jpg,train,fall,leeds_millennium,3.75,0.002,7.853,False
train/fall/people(4702).jpg,train,fall,leeds_millennium,9.30,0.000,7.573,False
train/fall/people(4703).jpg,train,fall,leeds_millennium,5.84,0.000,7.318,False
train/fall/people(4707).jpg,train,fall,leeds_millennium,3.60,0.077,7.831,False
train/fall/people(4714).jpg,train,fall,leeds_millennium,4.97,0.009,7.458,False
train/fall/people(4715).jpg,train,fall,leeds_millennium,2.52,0.007,7.807,False
train/fall/people(4716).jpg,train,fall,leeds_millennium,3.74,0.002,7.730,False
train/fall/people(4718).jpg,train,fall,leeds_millennium,5.34,0.000,7.644,False
train/fall/people(4734).jpg,train,fall,leeds_millennium,4.11,0.042,7.227,False
train/fall/people(4735).jpg,train,fall,leeds_millennium,4.06,0.000,7.582,False
train/fall/people(4739).jpg,train,fall,leeds_millennium,3.07,0.061,7.909,False
train/fall/people(4740).jpg,train,fall,leeds_millennium,2.95,0.000,7.709,False
train/fall/people(4746).jpg,train,fall,leeds_millennium,6.41,0.000,7.798,False
train/fall/people(4751).jpg,train,fall,leeds_millennium,10.38,0.068,6.719,False
train/fall/people(4752).jpg,train,fall,leeds_millennium,8.67,0.002,7.424,False
train/fall/people(4758).jpg,train,fall,leeds_millennium,4.43,0.000,7.622,False
train/fall/people(4762).jpg,train,fall,leeds_millennium,3.02,0.013,7.709,False
train/fall/people(4765).jpg,train,fall,leeds_millennium,3.83,0.000,7.727,False
train/fall/people(4766).jpg,train,fall,leeds_millennium,3.96,0.000,7.404,False
train/fall/people(477).jpg,train,fall,leeds_millennium,9.44,0.017,6.354,False
train/fall/people(4772).jpg,train,fall,leeds_millennium,5.21,0.003,6.968,False
train/fall/people(4773).jpg,train,fall,leeds_millennium,6.47,0.003,7.524,False
train/fall/people(4779).jpg,train,fall,leeds_millennium,3.40,0.013,7.736,False
train/fall/people(478).jpg,train,fall,leeds_millennium,9.55,0.000,7.555,False
train/fall/people(4780).jpg,train,fall,leeds_millennium,4.25,0.002,7.682,False
train/fall/people(4785).jpg,train,fall,leeds_millennium,3.16,0.014,7.670,False
train/fall/people(479).jpg,train,fall,leeds_millennium,6.08,0.001,7.310,False
train/fall/people(4793).jpg,train,fall,leeds_millennium,4.27,0.004,7.522,False
train/fall/people(4799).jpg,train,fall,leeds_millennium,5.34,0.040,7.783,False
train/fall/people(48).jpg,train,fall,leeds_millennium,8.52,0.000,7.544,False
train/fall/people(4802).jpg,train,fall,leeds_millennium,4.54,0.004,7.638,False
train/fall/people(4811).jpg,train,fall,leeds_millennium,4.77,0.043,7.820,False
train/fall/people(4812).jpg,train,fall,leeds_millennium,7.32,0.069,7.748,False
train/fall/people(4815).jpg,train,fall,leeds_millennium,3.43,0.009,7.572,False
train/fall/people(4818).jpg,train,fall,leeds_millennium,5.52,0.065,7.492,False
train/fall/people(4823).jpg,train,fall,leeds_millennium,13.17,0.002,7.748,False
train/fall/people(4828).jpg,train,fall,leeds_millennium,4.48,0.004,7.486,False
train/fall/people(4829).jpg,train,fall,leeds_millennium,4.83,0.029,7.662,False
train/fall/people(4830).jpg,train,fall,leeds_millennium,4.11,0.003,7.821,False
train/fall/people(4834).jpg,train,fall,leeds_millennium,4.02,0.008,7.889,False
train/fall/people(4835).jpg,train,fall,leeds_millennium,3.42,0.167,7.259,False
train/fall/people(4836).jpg,train,fall,leeds_millennium,5.08,0.042,7.670,False
train/fall/people(4837).jpg,train,fall,leeds_millennium,4.40,0.004,7.604,False
train/fall/people(4838).jpg,train,fall,leeds_millennium,8.95,0.000,7.252,False
train/fall/people(4841).jpg,train,fall,leeds_millennium,5.05,0.000,7.261,False
train/fall/people(4842).jpg,train,fall,leeds_millennium,6.34,0.000,7.739,False
train/fall/people(4846).jpg,train,fall,leeds_millennium,11.60,0.001,7.710,False
train/fall/people(4848).jpg,train,fall,leeds_millennium,4.09,0.007,7.500,False
train/fall/people(4851).jpg,train,fall,leeds_millennium,5.09,0.000,7.770,False
train/fall/people(4855).jpg,train,fall,leeds_millennium,5.00,0.008,7.610,False
train/fall/people(4856).jpg,train,fall,leeds_millennium,4.84,0.111,7.571,False
train/fall/people(4858).jpg,train,fall,leeds_millennium,5.33,0.018,7.837,False
train/fall/people(4866).jpg,train,fall,leeds_millennium,4.67,0.002,7.448,False
train/fall/people(4867).jpg,train,fall,leeds_millennium,9.45,0.000,7.493,False
train/fall/people(4868).jpg,train,fall,leeds_millennium,6.75,0.000,7.459,False
train/fall/people(4869).jpg,train,fall,leeds_millennium,7.58,0.153,7.178,False
train/fall/people(4871).jpg,train,fall,leeds_millennium,3.69,0.000,7.694,False
train/fall/people(4872).jpg,train,fall,leeds_millennium,4.16,0.000,7.731,False
train/fall/people(4873).jpg,train,fall,leeds_millennium,4.66,0.015,7.620,False
train/fall/people(4874).jpg,train,fall,leeds_millennium,3.66,0.040,7.445,False
train/fall/people(4877).jpg,train,fall,leeds_millennium,2.95,0.003,7.742,False
train/fall/people(4879).jpg,train,fall,leeds_millennium,5.08,0.000,7.531,False
train/fall/people(4883).jpg,train,fall,leeds_millennium,3.70,0.000,7.738,False
train/fall/people(4888).jpg,train,fall,leeds_millennium,5.40,0.001,7.767,False
train/fall/people(4890).jpg,train,fall,leeds_millennium,5.89,0.059,6.916,False
train/fall/people(4900).jpg,train,fall,leeds_millennium,7.08,0.127,7.731,False
train/fall/people(4904).jpg,train,fall,leeds_millennium,6.30,0.227,7.442,False
train/fall/people(4906).jpg,train,fall,leeds_millennium,6.09,0.062,7.397,False
train/fall/people(4911).jpg,train,fall,leeds_millennium,2.62,0.026,7.896,False
train/fall/people(4913).jpg,train,fall,leeds_millennium,5.10,0.000,6.741,False
train/fall/people(4914).jpg,train,fall,leeds_millennium,5.66,0.075,7.678,False
train/fall/people(4915).jpg,train,fall,leeds_millennium,7.76,0.000,7.487,False
train/fall/people(4917).jpg,train,fall,leeds_millennium,4.97,0.009,7.662,False
train/fall/people(4921).jpg,train,fall,leeds_millennium,5.07,0.000,7.402,False
train/fall/people(4924).jpg,train,fall,leeds_millennium,8.19,0.503,5.029,True
train/fall/people(4927).jpg,train,fall,leeds_millennium,4.11,0.000,7.731,False
train/fall/people(4928).jpg,train,fall,leeds_millennium,4.18,0.048,7.724,False
train/fall/people(4929).jpg,train,fall,leeds_millennium,2.38,0.000,7.656,False
train/fall/people(4936).jpg,train,fall,leeds_millennium,5.91,0.000,7.747,False
train/fall/people(4937).jpg,train,fall,leeds_millennium,8.38,0.000,7.172,False
train/fall/people(4938).jpg,train,fall,leeds_millennium,4.29,0.104,7.478,False
train/fall/people(4940).jpg,train,fall,leeds_millennium,5.05,0.008,7.385,False
train/fall/people(4941).jpg,train,fall,leeds_millennium,5.13,0.040,7.631,False
train/fall/people(4942).jpg,train,fall,leeds_millennium,8.54,0.000,7.668,False
train/fall/people(4943).jpg,train,fall,leeds_millennium,4.18,0.000,7.047,False
train/fall/people(4946).jpg,train,fall,leeds_millennium,9.09,0.014,6.951,False
train/fall/people(4947).jpg,train,fall,leeds_millennium,3.56,0.001,7.753,False
train/fall/people(4948).jpg,train,fall,leeds_millennium,5.97,0.000,7.661,False
train/fall/people(4950).jpg,train,fall,leeds_millennium,3.93,0.057,7.687,False
train/fall/people(4953).jpg,train,fall,leeds_millennium,4.34,0.000,7.459,False
train/fall/people(4954).jpg,train,fall,leeds_millennium,3.87,0.039,7.669,False
train/fall/people(4957).jpg,train,fall,leeds_millennium,4.25,0.002,7.650,False
train/fall/people(4958).jpg,train,fall,leeds_millennium,4.75,0.019,7.700,False
train/fall/people(4959).jpg,train,fall,leeds_millennium,4.03,0.002,7.766,False
train/fall/people(4960).jpg,train,fall,leeds_millennium,4.80,0.000,6.258,False
train/fall/people(4964).jpg,train,fall,leeds_millennium,4.52,0.005,7.637,False
train/fall/people(4965).jpg,train,fall,leeds_millennium,4.91,0.000,7.565,False
train/fall/people(4967).jpg,train,fall,leeds_millennium,4.48,0.000,7.307,False
train/fall/people(4968).jpg,train,fall,leeds_millennium,4.97,0.000,7.488,False
train/fall/people(4970).jpg,train,fall,leeds_millennium,3.67,0.153,7.717,False
train/fall/people(4971).jpg,train,fall,leeds_millennium,4.12,0.002,7.498,False
train/fall/people(4976).jpg,train,fall,leeds_millennium,3.27,0.000,7.471,False
train/fall/people(4978).jpg,train,fall,leeds_millennium,3.23,0.006,7.875,False
train/fall/people(4981).jpg,train,fall,leeds_millennium,4.90,0.001,7.645,False
train/fall/people(4982).jpg,train,fall,leeds_millennium,5.40,0.001,7.355,False
train/fall/people(4987).jpg,train,fall,leeds_millennium,2.85,0.009,7.802,False
train/fall/people(4990).jpg,train,fall,leeds_millennium,3.13,0.003,7.569,False
train/fall/people(4993).jpg,train,fall,leeds_millennium,5.67,0.000,7.852,False
train/fall/people(4995).jpg,train,fall,leeds_millennium,13.05,0.000,6.027,False
train/fall/people(4998).jpg,train,fall,leeds_millennium,21.32,0.000,6.378,True
train/fall/people(5).jpg,train,fall,leeds_millennium,4.04,0.002,7.754,False
train/fall/people(5001).jpg,train,fall,leeds_millennium,4.84,0.000,7.126,False
train/fall/people(5002).jpg,train,fall,leeds_millennium,3.61,0.108,7.651,False
train/fall/people(5003).jpg,train,fall,leeds_millennium,6.50,0.031,6.894,False
train/fall/people(5005).jpg,train,fall,leeds_millennium,6.71,0.056,7.792,False
train/fall/people(5012).jpg,train,fall,leeds_millennium,7.81,0.000,6.405,False
train/fall/people(5013).jpg,train,fall,leeds_millennium,3.43,0.010,7.706,False
train/fall/people(5016).jpg,train,fall,leeds_millennium,3.51,0.001,7.749,False
train/fall/people(5021).jpg,train,fall,leeds_millennium,3.66,0.058,7.794,False
train/fall/people(5022).jpg,train,fall,leeds_millennium,5.60,0.004,7.614,False
train/fall/people(5025).jpg,train,fall,leeds_millennium,5.57,0.000,7.690,False
train/fall/people(5031).jpg,train,fall,leeds_millennium,6.07,0.000,7.411,False
train/fall/people(5033).jpg,train,fall,leeds_millennium,5.86,0.045,7.454,False
train/fall/people(5034).jpg,train,fall,leeds_millennium,4.23,0.000,7.395,False
train/fall/people(5035).jpg,train,fall,leeds_millennium,3.21,0.000,7.713,False
train/fall/people(5036).jpg,train,fall,leeds_millennium,3.02,0.007,7.835,False
train/fall/people(5037).jpg,train,fall,leeds_millennium,7.37,0.001,7.670,False
train/fall/people(5039).jpg,train,fall,leeds_millennium,3.16,0.000,7.576,False
train/fall/people(5041).jpg,train,fall,leeds_millennium,4.36,0.023,7.800,False
train/fall/people(5045).jpg,train,fall,leeds_millennium,5.23,0.331,6.143,False
train/fall/people(5047).jpg,train,fall,leeds_millennium,5.20,0.056,7.588,False
train/fall/people(5049).jpg,train,fall,leeds_millennium,4.55,0.010,7.857,False
train/fall/people(5055).jpg,train,fall,leeds_millennium,5.09,0.001,7.672,False
train/fall/people(5060).jpg,train,fall,leeds_millennium,4.05,0.001,7.693,False
train/fall/people(5062).jpg,train,fall,leeds_millennium,4.13,0.000,7.625,False
train/fall/people(5066).jpg,train,fall,leeds_millennium,5.74,0.043,7.664,False
train/fall/people(5069).jpg,train,fall,leeds_millennium,3.85,0.001,7.862,False
train/fall/people(5071).jpg,train,fall,leeds_millennium,5.19,0.014,7.527,False
train/fall/people(5074).jpg,train,fall,leeds_millennium,5.48,0.004,7.706,False
train/fall/people(5079).jpg,train,fall,leeds_millennium,7.25,0.084,7.729,False
train/fall/people(5083).jpg,train,fall,leeds_millennium,4.92,0.099,7.165,False
train/fall/people(5099).jpg,train,fall,leeds_millennium,3.42,0.008,7.543,False
train/fall/people(5102).jpg,train,fall,leeds_millennium,4.32,0.022,7.510,False
train/fall/people(5108).jpg,train,fall,leeds_millennium,4.63,0.001,7.716,False
train/fall/people(5110).jpg,train,fall,leeds_millennium,4.37,0.004,7.627,False
train/fall/people(5112).jpg,train,fall,leeds_millennium,3.83,0.014,7.863,False
train/fall/people(5114).jpg,train,fall,leeds_millennium,3.96,0.044,7.858,False
train/fall/people(5118).jpg,train,fall,leeds_millennium,6.77,0.134,7.412,False
train/fall/people(514).jpg,train,fall,leeds_millennium,6.52,0.000,7.736,False
train/fall/people(5147).jpg,train,fall,leeds_millennium,5.08,0.015,7.613,False
train/fall/people(5150).jpg,train,fall,leeds_millennium,3.46,0.000,7.679,False
train/fall/people(5151).jpg,train,fall,leeds_millennium,8.72,0.054,7.713,False
train/fall/people(5154).jpg,train,fall,leeds_millennium,5.34,0.005,7.687,False
train/fall/people(5161).jpg,train,fall,leeds_millennium,4.75,0.057,7.833,False
train/fall/people(5162).jpg,train,fall,leeds_millennium,4.17,0.012,7.721,False
train/fall/people(5163).jpg,train,fall,leeds_millennium,13.51,0.026,5.594,False
train/fall/people(5165).jpg,train,fall,leeds_millennium,4.89,0.001,7.713,False
train/fall/people(5166).jpg,train,fall,leeds_millennium,5.61,0.005,7.637,False
train/fall/people(5171).jpg,train,fall,leeds_millennium,4.45,0.019,7.622,False
train/fall/people(5175).jpg,train,fall,leeds_millennium,4.18,0.006,7.804,False
train/fall/people(5179).jpg,train,fall,leeds_millennium,7.80,0.002,7.578,False
train/fall/people(519).jpg,train,fall,leeds_millennium,7.14,0.002,7.519,False
train/fall/people(5198).jpg,train,fall,leeds_millennium,5.33,0.015,7.408,False
train/fall/people(5203).jpg,train,fall,leeds_millennium,5.73,0.000,7.154,False
train/fall/people(5206).jpg,train,fall,leeds_millennium,3.71,0.013,7.718,False
train/fall/people(5213).jpg,train,fall,leeds_millennium,8.97,0.000,7.253,False
train/fall/people(5214).jpg,train,fall,leeds_millennium,2.67,0.000,7.725,False
train/fall/people(5216).jpg,train,fall,leeds_millennium,7.24,0.005,7.193,False
train/fall/people(5222).jpg,train,fall,leeds_millennium,4.89,0.002,6.991,False
train/fall/people(5224).jpg,train,fall,leeds_millennium,4.01,0.033,7.746,False
train/fall/people(5227).jpg,train,fall,leeds_millennium,4.92,0.000,7.695,False
train/fall/people(5232).jpg,train,fall,leeds_millennium,4.71,0.015,7.756,False
train/fall/people(5236).jpg,train,fall,leeds_millennium,4.81,0.003,7.773,False
train/fall/people(5242).jpg,train,fall,leeds_millennium,4.15,0.018,7.810,False
train/fall/people(5245).jpg,train,fall,leeds_millennium,4.63,0.000,7.740,False
train/fall/people(5246).jpg,train,fall,leeds_millennium,5.29,0.002,7.445,False
train/fall/people(5252).jpg,train,fall,leeds_millennium,3.87,0.034,7.638,False
train/fall/people(5253).jpg,train,fall,leeds_millennium,6.20,0.000,7.754,False
train/fall/people(5254).jpg,train,fall,leeds_millennium,5.12,0.003,7.828,False
train/fall/people(5255).jpg,train,fall,leeds_millennium,6.81,0.123,7.498,False
train/fall/people(5256).jpg,train,fall,leeds_millennium,4.30,0.000,7.321,False
train/fall/people(5264).jpg,train,fall,leeds_millennium,5.22,0.040,7.691,False
train/fall/people(5265).jpg,train,fall,leeds_millennium,3.21,0.026,7.718,False
train/fall/people(5266).jpg,train,fall,leeds_millennium,6.69,0.000,7.561,False
train/fall/people(5268).jpg,train,fall,leeds_millennium,5.04,0.001,7.478,False
train/fall/people(5272).jpg,train,fall,leeds_millennium,5.32,0.050,7.698,False
train/fall/people(5274).jpg,train,fall,leeds_millennium,5.75,0.058,7.712,False
train/fall/people(5275).jpg,train,fall,leeds_millennium,7.27,0.000,7.303,False
train/fall/people(5276).jpg,train,fall,leeds_millennium,5.08,0.009,6.753,False
train/fall/people(5278).jpg,train,fall,leeds_millennium,4.55,0.006,7.444,False
train/fall/people(528).jpg,train,fall,leeds_millennium,10.66,0.000,7.658,False
train/fall/people(5283).jpg,train,fall,leeds_millennium,5.78,0.038,7.515,False
train/fall/people(5285).jpg,train,fall,leeds_millennium,5.07,0.000,7.227,False
train/fall/people(5298).jpg,train,fall,leeds_millennium,4.95,0.004,7.417,False
train/fall/people(5299).jpg,train,fall,leeds_millennium,6.51,0.000,7.136,False
train/fall/people(5300).jpg,train,fall,leeds_millennium,5.23,0.001,7.642,False
train/fall/people(5301).jpg,train,fall,leeds_millennium,4.58,0.000,7.410,False
train/fall/people(5302).jpg,train,fall,leeds_millennium,5.66,0.000,7.618,False
train/fall/people(5306).jpg,train,fall,leeds_millennium,7.24,0.000,7.708,False
train/fall/people(5309).jpg,train,fall,leeds_millennium,6.37,0.000,7.147,False
train/fall/people(5310).jpg,train,fall,leeds_millennium,8.23,0.000,7.351,False
train/fall/people(5328).jpg,train,fall,leeds_millennium,4.97,0.001,7.623,False
train/fall/people(5329).jpg,train,fall,leeds_millennium,6.92,0.000,7.702,False
train/fall/people(5336).jpg,train,fall,leeds_millennium,4.48,0.010,7.545,False
train/fall/people(5338).jpg,train,fall,leeds_millennium,6.92,0.000,7.572,False
train/fall/people(5340).jpg,train,fall,leeds_millennium,5.22,0.000,7.659,False
train/fall/people(5343).jpg,train,fall,leeds_millennium,4.12,0.004,7.644,False
train/fall/people(5344).jpg,train,fall,leeds_millennium,4.97,0.000,7.502,False
train/fall/people(5345).jpg,train,fall,leeds_millennium,4.42,0.023,7.854,False
train/fall/people(5346).jpg,train,fall,leeds_millennium,6.31,0.106,7.650,False
train/fall/people(5347).jpg,train,fall,leeds_millennium,3.64,0.021,7.871,False
train/fall/people(5348).jpg,train,fall,leeds_millennium,6.32,0.000,7.061,False
train/fall/people(5349).jpg,train,fall,leeds_millennium,4.57,0.002,7.222,False
train/fall/people(535).jpg,train,fall,leeds_millennium,4.94,0.001,7.493,False
train/fall/people(5350).jpg,train,fall,leeds_millennium,8.65,0.000,7.550,False
train/fall/people(5351).jpg,train,fall,leeds_millennium,10.87,0.000,6.097,False
train/fall/people(5353).jpg,train,fall,leeds_millennium,5.15,0.054,7.805,False
train/fall/people(5355).jpg,train,fall,leeds_millennium,4.61,0.002,7.457,False
train/fall/people(5356).jpg,train,fall,leeds_millennium,3.38,0.020,7.683,False
train/fall/people(5357).jpg,train,fall,leeds_millennium,5.83,0.006,7.579,False
train/fall/people(5358).jpg,train,fall,leeds_millennium,6.81,0.125,7.779,False
train/fall/people(5363).jpg,train,fall,leeds_millennium,9.47,0.016,7.508,False
train/fall/people(5364).jpg,train,fall,leeds_millennium,4.89,0.005,7.674,False
train/fall/people(5365).jpg,train,fall,leeds_millennium,4.68,0.003,7.743,False
train/fall/people(5366).jpg,train,fall,leeds_millennium,9.61,0.000,7.421,False
train/fall/people(5368).jpg,train,fall,leeds_millennium,7.50,0.083,7.610,False
train/fall/people(5371).jpg,train,fall,leeds_millennium,4.68,0.021,7.760,False
train/fall/people(539).jpg,train,fall,leeds_millennium,6.51,0.002,7.435,False
train/fall/people(548).jpg,train,fall,leeds_millennium,5.83,0.000,7.281,False
train/fall/people(549).jpg,train,fall,leeds_millennium,7.00,0.000,7.249,False
train/fall/people(551).jpg,train,fall,leeds_millennium,4.71,0.004,7.688,False
train/fall/people(561).jpg,train,fall,leeds_millennium,5.36,0.195,7.535,False
train/fall/people(562).jpg,train,fall,leeds_millennium,8.18,0.000,7.588,False
train/fall/people(564).jpg,train,fall,leeds_millennium,6.29,0.006,7.439,False
train/fall/people(567).jpg,train,fall,leeds_millennium,4.19,0.002,7.729,False
train/fall/people(57).jpg,train,fall,leeds_millennium,7.52,0.001,7.291,False
train/fall/people(573).jpg,train,fall,leeds_millennium,4.73,0.011,7.626,False
train/fall/people(5825).jpg,train,fall,leeds_millennium,3.80,0.000,7.677,False
train/fall/people(5826).jpg,train,fall,leeds_millennium,2.17,0.015,7.838,False
train/fall/people(583).jpg,train,fall,leeds_millennium,5.90,0.018,6.903,False
train/fall/people(5833).jpg,train,fall,leeds_millennium,2.52,0.166,7.177,False
train/fall/people(5834).jpg,train,fall,leeds_millennium,2.08,0.015,7.762,False
train/fall/people(5838).jpg,train,fall,leeds_millennium,5.80,0.000,7.684,False
train/fall/people(5843).jpg,train,fall,leeds_millennium,4.25,0.000,7.081,False
train/fall/people(5844).jpg,train,fall,leeds_millennium,5.60,0.000,7.280,False
train/fall/people(585).jpg,train,fall,leeds_millennium,4.58,0.036,7.834,False
train/fall/people(5850).jpg,train,fall,leeds_millennium,3.80,0.015,7.527,False
train/fall/people(5851).jpg,train,fall,leeds_millennium,3.28,0.031,7.669,False
train/fall/people(5853).jpg,train,fall,leeds_millennium,6.07,0.002,7.007,False
train/fall/people(5857).jpg,train,fall,leeds_millennium,6.67,0.070,7.798,False
train/fall/people(586).jpg,train,fall,leeds_millennium,6.20,0.000,7.476,False
train/fall/people(5865).jpg,train,fall,leeds_millennium,4.69,0.048,7.549,False
train/fall/people(5866).jpg,train,fall,leeds_millennium,2.84,0.010,7.881,False
train/fall/people(5870).jpg,train,fall,leeds_millennium,3.76,0.001,7.709,False
train/fall/people(5872).jpg,train,fall,leeds_millennium,5.02,0.000,7.590,False
train/fall/people(5875).jpg,train,fall,leeds_millennium,4.37,0.001,7.280,False
train/fall/people(5876).jpg,train,fall,leeds_millennium,4.21,0.001,7.613,False
train/fall/people(5877).jpg,train,fall,leeds_millennium,4.32,0.000,7.746,False
train/fall/people(5879).jpg,train,fall,leeds_millennium,3.84,0.001,7.397,False
train/fall/people(5881).jpg,train,fall,leeds_millennium,4.94,0.012,7.689,False
train/fall/people(5882).jpg,train,fall,leeds_millennium,6.67,0.220,7.122,False
train/fall/people(5883).jpg,train,fall,leeds_millennium,13.76,0.002,6.408,False
train/fall/people(5884).jpg,train,fall,leeds_millennium,20.04,0.004,6.035,True
train/fall/people(5886).jpg,train,fall,leeds_millennium,10.89,0.000,6.903,False
train/fall/people(5888).jpg,train,fall,leeds_millennium,11.14,0.000,5.780,False
train/fall/people(5889).jpg,train,fall,leeds_millennium,3.21,0.004,7.143,False
train/fall/people(5895).jpg,train,fall,leeds_millennium,2.14,0.000,7.475,False
train/fall/people(5899).jpg,train,fall,leeds_millennium,3.28,0.046,7.810,False
train/fall/people(590).jpg,train,fall,leeds_millennium,6.29,0.000,7.779,False
train/fall/people(5900).jpg,train,fall,leeds_millennium,4.08,0.015,7.118,False
train/fall/people(5903).jpg,train,fall,leeds_millennium,5.04,0.003,7.603,False
train/fall/people(5906).jpg,train,fall,leeds_millennium,14.01,0.000,7.483,False
train/fall/people(5907).jpg,train,fall,leeds_millennium,10.13,0.000,6.877,False
train/fall/people(5908).jpg,train,fall,leeds_millennium,6.81,0.011,7.239,False
train/fall/people(5909).jpg,train,fall,leeds_millennium,5.09,0.023,7.680,False
train/fall/people(5911).jpg,train,fall,leeds_millennium,5.76,0.000,6.832,False
train/fall/people(5914).jpg,train,fall,leeds_millennium,4.59,0.001,7.387,False
train/fall/people(5915).jpg,train,fall,leeds_millennium,6.35,0.006,7.537,False
train/fall/people(5916).jpg,train,fall,leeds_millennium,6.46,0.073,7.283,False
train/fall/people(5917).jpg,train,fall,leeds_millennium,4.56,0.000,7.664,False
train/fall/people(5918).jpg,train,fall,leeds_millennium,5.58,0.002,6.754,False
train/fall/people(5919).jpg,train,fall,leeds_millennium,4.27,0.000,7.688,False
train/fall/people(5920).jpg,train,fall,leeds_millennium,6.20,0.016,6.838,False
train/fall/people(5921).jpg,train,fall,leeds_millennium,6.40,0.000,6.744,False
train/fall/people(5922).jpg,train,fall,leeds_millennium,6.80,0.024,6.462,False
train/fall/people(5928).jpg,train,fall,leeds_millennium,3.58,0.000,7.573,False
train/fall/people(5929).jpg,train,fall,leeds_millennium,6.15,0.028,7.574,False
train/fall/people(5932).jpg,train,fall,leeds_millennium,5.42,0.000,7.498,False
train/fall/people(5938).jpg,train,fall,leeds_millennium,6.15,0.166,7.486,False
train/fall/people(5939).jpg,train,fall,leeds_millennium,3.66,0.000,7.452,False
train/fall/people(5940).jpg,train,fall,leeds_millennium,3.56,0.006,7.728,False
train/fall/people(5943).jpg,train,fall,leeds_millennium,6.48,0.005,7.231,False
train/fall/people(5944).jpg,train,fall,leeds_millennium,5.38,0.029,7.800,False
train/fall/people(5953).jpg,train,fall,leeds_millennium,8.89,0.012,7.740,False
train/fall/people(5954).jpg,train,fall,leeds_millennium,6.16,0.006,6.628,False
train/fall/people(5955).jpg,train,fall,leeds_millennium,3.42,0.000,7.779,False
train/fall/people(5958).jpg,train,fall,leeds_millennium,6.90,0.028,7.311,False
train/fall/people(5959).jpg,train,fall,leeds_millennium,3.45,0.000,7.244,False
train/fall/people(5960).jpg,train,fall,leeds_millennium,6.33,0.018,7.566,False
train/fall/people(5961).jpg,train,fall,leeds_millennium,5.82,0.004,7.264,False
train/fall/people(5962).jpg,train,fall,leeds_millennium,6.28,0.032,7.205,False
train/fall/people(5964).jpg,train,fall,leeds_millennium,4.11,0.000,7.802,False
train/fall/people(5966).jpg,train,fall,leeds_millennium,5.22,0.000,7.158,False
train/fall/people(5967).jpg,train,fall,leeds_millennium,7.41,0.002,6.742,False
train/fall/people(5968).jpg,train,fall,leeds_millennium,3.04,0.029,7.538,False
train/fall/people(5969).jpg,train,fall,leeds_millennium,4.39,0.000,7.462,False
train/fall/people(597).jpg,train,fall,leeds_millennium,4.58,0.000,7.525,False
train/fall/people(5973).jpg,train,fall,leeds_millennium,6.88,0.001,6.855,False
train/fall/people(5974).jpg,train,fall,leeds_millennium,3.45,0.038,7.808,False
train/fall/people(5975).jpg,train,fall,leeds_millennium,3.93,0.018,7.414,False
train/fall/people(5977).jpg,train,fall,leeds_millennium,6.55,0.000,7.714,False
train/fall/people(5978).jpg,train,fall,leeds_millennium,4.48,0.001,7.683,False
train/fall/people(5979).jpg,train,fall,leeds_millennium,4.54,0.000,7.638,False
train/fall/people(5982).jpg,train,fall,leeds_millennium,4.26,0.002,7.038,False
train/fall/people(5983).jpg,train,fall,leeds_millennium,5.48,0.001,6.867,False
train/fall/people(5984).jpg,train,fall,leeds_millennium,4.45,0.000,7.735,False
train/fall/people(5985).jpg,train,fall,leeds_millennium,8.64,0.095,6.577,False
train/fall/people(5986).jpg,train,fall,leeds_millennium,4.84,0.016,7.770,False
train/fall/people(5987).jpg,train,fall,leeds_millennium,4.87,0.000,7.286,False
train/fall/people(5988).jpg,train,fall,leeds_millennium,10.21,0.000,6.073,False
train/fall/people(5989).jpg,train,fall,leeds_millennium,6.60,0.000,7.626,False
train/fall/people(599).jpg,train,fall,leeds_millennium,6.99,0.004,7.445,False
train/fall/people(5991).jpg,train,fall,leeds_millennium,3.46,0.049,7.116,False
train/fall/people(5994).jpg,train,fall,leeds_millennium,5.97,0.000,7.377,False
train/fall/people(5995).jpg,train,fall,leeds_millennium,4.22,0.004,7.464,False
train/fall/people(5996).jpg,train,fall,leeds_millennium,6.61,0.000,7.178,False
train/fall/people(5998).jpg,train,fall,leeds_millennium,8.70,0.038,7.502,False
train/fall/people(60).jpg,train,fall,leeds_millennium,7.09,0.004,7.657,False
train/fall/people(6000).jpg,train,fall,leeds_millennium,6.24,0.006,6.306,False
train/fall/people(6001).jpg,train,fall,leeds_millennium,2.56,0.020,7.442,False
train/fall/people(6002).jpg,train,fall,leeds_millennium,5.06,0.005,7.057,False
train/fall/people(6011).jpg,train,fall,leeds_millennium,3.49,0.000,7.056,False
train/fall/people(6012).jpg,train,fall,leeds_millennium,3.73,0.017,7.670,False
train/fall/people(6014).jpg,train,fall,leeds_millennium,3.60,0.021,7.698,False
train/fall/people(6016).jpg,train,fall,leeds_millennium,4.90,0.000,7.265,False
train/fall/people(6017).jpg,train,fall,leeds_millennium,7.78,0.009,7.588,False
train/fall/people(6021).jpg,train,fall,leeds_millennium,7.28,0.001,7.261,False
train/fall/people(6023).jpg,train,fall,leeds_millennium,4.13,0.078,7.792,False
train/fall/people(6024).jpg,train,fall,leeds_millennium,5.72,0.000,7.547,False
train/fall/people(6029).jpg,train,fall,leeds_millennium,4.62,0.021,6.869,False
train/fall/people(6031).jpg,train,fall,leeds_millennium,3.77,0.032,7.783,False
train/fall/people(6035).jpg,train,fall,leeds_millennium,8.22,0.003,6.755,False
train/fall/people(6037).jpg,train,fall,leeds_millennium,5.23,0.008,7.066,False
train/fall/people(6039).jpg,train,fall,leeds_millennium,6.21,0.009,7.496,False
train/fall/people(6041).jpg,train,fall,leeds_millennium,4.28,0.007,7.085,False
train/fall/people(6042).jpg,train,fall,leeds_millennium,6.11,0.000,7.425,False
train/fall/people(6043).jpg,train,fall,leeds_millennium,3.70,0.011,7.449,False
train/fall/people(6044).jpg,train,fall,leeds_millennium,7.93,0.000,6.169,False
train/fall/people(6045).jpg,train,fall,leeds_millennium,2.99,0.000,7.808,False
train/fall/people(6046).jpg,train,fall,leeds_millennium,5.13,0.016,7.244,False
train/fall/people(6047).jpg,train,fall,leeds_millennium,7.92,0.012,7.796,False
train/fall/people(6049).jpg,train,fall,leeds_millennium,6.71,0.003,7.151,False
train/fall/people(6050).jpg,train,fall,leeds_millennium,4.13,0.066,7.882,False
train/fall/people(6053).jpg,train,fall,leeds_millennium,9.03,0.003,5.931,False
train/fall/people(6055).jpg,train,fall,leeds_millennium,6.54,0.000,7.305,False
train/fall/people(606).jpg,train,fall,leeds_millennium,6.30,0.000,7.427,False
train/fall/people(6060).jpg,train,fall,leeds_millennium,8.02,0.000,7.195,False
train/fall/people(6061).jpg,train,fall,leeds_millennium,3.07,0.000,7.243,False
train/fall/people(6063).jpg,train,fall,leeds_millennium,8.88,0.013,7.103,False
train/fall/people(6067).jpg,train,fall,leeds_millennium,2.78,0.000,7.557,False
train/fall/people(6068).jpg,train,fall,leeds_millennium,8.40,0.000,4.735,False
train/fall/people(6070).jpg,train,fall,leeds_millennium,6.46,0.003,7.309,False
train/fall/people(6071).jpg,train,fall,leeds_millennium,9.85,0.000,7.382,False
train/fall/people(6072).jpg,train,fall,leeds_millennium,2.85,0.001,7.629,False
train/fall/people(6074).jpg,train,fall,leeds_millennium,10.51,0.021,6.734,False
train/fall/people(6077).jpg,train,fall,leeds_millennium,6.16,0.001,6.544,False
train/fall/people(6078).jpg,train,fall,leeds_millennium,8.95,0.000,6.024,False
train/fall/people(6079).jpg,train,fall,leeds_millennium,8.33,0.001,6.300,False
train/fall/people(608).jpg,train,fall,leeds_millennium,4.98,0.001,7.697,False
train/fall/people(6081).jpg,train,fall,leeds_millennium,3.65,0.001,6.883,False
train/fall/people(6082).jpg,train,fall,leeds_millennium,9.18,0.022,6.376,False
train/fall/people(6084).jpg,train,fall,leeds_millennium,3.21,0.001,7.673,False
train/fall/people(6085).jpg,train,fall,leeds_millennium,5.39,0.000,7.244,False
train/fall/people(6087).jpg,train,fall,leeds_millennium,6.37,0.008,7.144,False
train/fall/people(6088).jpg,train,fall,leeds_millennium,6.77,0.007,7.565,False
train/fall/people(6089).jpg,train,fall,leeds_millennium,6.06,0.002,7.200,False
train/fall/people(6093).jpg,train,fall,leeds_millennium,3.79,0.000,7.383,False
train/fall/people(6098).jpg,train,fall,leeds_millennium,4.45,0.000,7.674,False
train/fall/people(6099).jpg,train,fall,leeds_millennium,3.83,0.000,7.575,False
train/fall/people(6100).jpg,train,fall,leeds_millennium,4.91,0.012,7.682,False
train/fall/people(6102).jpg,train,fall,leeds_millennium,4.29,0.003,7.313,False
train/fall/people(6103).jpg,train,fall,leeds_millennium,4.53,0.000,7.450,False
train/fall/people(6105).jpg,train,fall,leeds_millennium,7.75,0.040,6.691,False
train/fall/people(6106).jpg,train,fall,leeds_millennium,4.96,0.000,7.806,False
train/fall/people(6112).jpg,train,fall,leeds_millennium,5.55,0.000,6.844,False
train/fall/people(6113).jpg,train,fall,leeds_millennium,6.63,0.012,7.336,False
train/fall/people(6115).jpg,train,fall,leeds_millennium,10.68,0.028,7.278,False
train/fall/people(6116).jpg,train,fall,leeds_millennium,4.02,0.008,7.853,False
train/fall/people(6117).jpg,train,fall,leeds_millennium,18.81,0.011,5.445,True
train/fall/people(612).jpg,train,fall,leeds_millennium,3.73,0.003,7.690,False
train/fall/people(6120).jpg,train,fall,leeds_millennium,2.86,0.000,7.408,False
train/fall/people(6121).jpg,train,fall,leeds_millennium,6.72,0.000,6.809,False
train/fall/people(6122).jpg,train,fall,leeds_millennium,3.67,0.000,7.571,False
train/fall/people(6125).jpg,train,fall,leeds_millennium,8.87,0.000,7.318,False
train/fall/people(6128).jpg,train,fall,leeds_millennium,4.58,0.060,7.613,False
train/fall/people(6129).jpg,train,fall,leeds_millennium,5.28,0.035,7.479,False
train/fall/people(6130).jpg,train,fall,leeds_millennium,3.40,0.000,7.677,False
train/fall/people(6133).jpg,train,fall,leeds_millennium,4.58,0.046,7.472,False
train/fall/people(6134).jpg,train,fall,leeds_millennium,4.58,0.014,7.717,False
train/fall/people(6135).jpg,train,fall,leeds_millennium,7.91,0.000,6.876,False
train/fall/people(6137).jpg,train,fall,leeds_millennium,4.91,0.023,7.630,False
train/fall/people(6138).jpg,train,fall,leeds_millennium,5.71,0.005,7.254,False
train/fall/people(6139).jpg,train,fall,leeds_millennium,2.81,0.001,7.731,False
train/fall/people(6142).jpg,train,fall,leeds_millennium,7.81,0.001,6.527,False
train/fall/people(6143).jpg,train,fall,leeds_millennium,2.57,0.019,7.769,False
train/fall/people(6144).jpg,train,fall,leeds_millennium,10.83,0.008,7.573,False
train/fall/people(6146).jpg,train,fall,leeds_millennium,5.54,0.000,7.511,False
train/fall/people(6149).jpg,train,fall,leeds_millennium,2.88,0.001,7.713,False
train/fall/people(6152).jpg,train,fall,leeds_millennium,6.56,0.052,7.678,False
train/fall/people(6158).jpg,train,fall,leeds_millennium,4.86,0.001,7.498,False
train/fall/people(6159).jpg,train,fall,leeds_millennium,5.33,0.003,7.065,False
train/fall/people(616).jpg,train,fall,leeds_millennium,9.15,0.000,7.474,False
train/fall/people(6160).jpg,train,fall,leeds_millennium,5.35,0.000,7.293,False
train/fall/people(6161).jpg,train,fall,leeds_millennium,10.39,0.000,6.828,False
train/fall/people(6165).jpg,train,fall,leeds_millennium,2.76,0.031,7.908,False
train/fall/people(6166).jpg,train,fall,leeds_millennium,5.01,0.013,7.571,False
train/fall/people(6170).jpg,train,fall,leeds_millennium,7.25,0.009,7.141,False
train/fall/people(6171).jpg,train,fall,leeds_millennium,3.02,0.063,7.852,False
train/fall/people(6173).jpg,train,fall,leeds_millennium,7.85,0.001,5.166,False
train/fall/people(6181).jpg,train,fall,leeds_millennium,3.37,0.014,7.728,False
train/fall/people(6182).jpg,train,fall,leeds_millennium,5.14,0.000,7.739,False
train/fall/people(6183).jpg,train,fall,leeds_millennium,4.55,0.000,5.453,False
train/fall/people(6184).jpg,train,fall,leeds_millennium,4.94,0.013,7.005,False
train/fall/people(6186).jpg,train,fall,leeds_millennium,4.38,0.000,7.630,False
train/fall/people(6188).jpg,train,fall,leeds_millennium,3.53,0.001,7.417,False
train/fall/people(6189).jpg,train,fall,leeds_millennium,4.16,0.006,7.581,False
train/fall/people(6190).jpg,train,fall,leeds_millennium,8.65,0.001,5.910,False
train/fall/people(6191).jpg,train,fall,leeds_millennium,12.73,0.110,7.382,False
train/fall/people(6194).jpg,train,fall,leeds_millennium,8.68,0.048,7.092,False
train/fall/people(6195).jpg,train,fall,leeds_millennium,4.41,0.080,7.771,False
train/fall/people(6200).jpg,train,fall,leeds_millennium,4.37,0.015,7.031,False
train/fall/people(6201).jpg,train,fall,leeds_millennium,4.22,0.000,7.272,False
train/fall/people(6205).jpg,train,fall,leeds_millennium,10.33,0.005,6.485,False
train/fall/people(6207).jpg,train,fall,leeds_millennium,4.63,0.023,7.670,False
train/fall/people(6208).jpg,train,fall,leeds_millennium,5.90,0.053,6.711,False
train/fall/people(621).jpg,train,fall,leeds_millennium,6.15,0.000,7.174,False
train/fall/people(6210).jpg,train,fall,leeds_millennium,8.77,0.003,7.566,False
train/fall/people(6212).jpg,train,fall,leeds_millennium,9.17,0.020,7.342,False
train/fall/people(6214).jpg,train,fall,leeds_millennium,3.79,0.003,7.332,False
train/fall/people(6215).jpg,train,fall,leeds_millennium,6.61,0.000,6.481,False
train/fall/people(6218).jpg,train,fall,leeds_millennium,15.88,0.006,7.073,True
train/fall/people(6219).jpg,train,fall,leeds_millennium,3.13,0.031,7.600,False
train/fall/people(622).jpg,train,fall,leeds_millennium,4.89,0.000,7.709,False
train/fall/people(6220).jpg,train,fall,leeds_millennium,7.04,0.055,6.604,False
train/fall/people(6222).jpg,train,fall,leeds_millennium,5.87,0.064,6.842,False
train/fall/people(6224).jpg,train,fall,leeds_millennium,7.38,0.009,7.197,False
train/fall/people(6225).jpg,train,fall,leeds_millennium,5.77,0.000,6.506,False
train/fall/people(6226).jpg,train,fall,leeds_millennium,3.68,0.000,7.519,False
train/fall/people(6228).jpg,train,fall,leeds_millennium,5.54,0.019,7.019,False
train/fall/people(6229).jpg,train,fall,leeds_millennium,3.82,0.053,7.742,False
train/fall/people(623).jpg,train,fall,leeds_millennium,7.55,0.002,7.334,False
train/fall/people(6230).jpg,train,fall,leeds_millennium,5.47,0.010,6.811,False
train/fall/people(6231).jpg,train,fall,leeds_millennium,3.77,0.000,7.335,False
train/fall/people(6232).jpg,train,fall,leeds_millennium,8.05,0.002,6.094,False
train/fall/people(6233).jpg,train,fall,leeds_millennium,4.50,0.066,7.633,False
train/fall/people(6234).jpg,train,fall,leeds_millennium,6.35,0.000,7.696,False
train/fall/people(6237).jpg,train,fall,leeds_millennium,15.65,0.000,6.516,True
train/fall/people(6238).jpg,train,fall,leeds_millennium,15.32,0.012,7.630,True
train/fall/people(6239).jpg,train,fall,leeds_millennium,8.12,0.009,6.865,False
train/fall/people(6240).jpg,train,fall,leeds_millennium,5.94,0.015,7.278,False
train/fall/people(6241).jpg,train,fall,leeds_millennium,8.75,0.010,7.365,False
train/fall/people(6242).jpg,train,fall,leeds_millennium,4.01,0.093,7.180,False
train/fall/people(6243).jpg,train,fall,leeds_millennium,5.08,0.096,7.270,False
train/fall/people(6245).jpg,train,fall,leeds_millennium,3.09,0.116,7.540,False
train/fall/people(6251).jpg,train,fall,leeds_millennium,5.06,0.018,7.719,False
train/fall/people(6252).jpg,train,fall,leeds_millennium,8.67,0.000,5.742,False
train/fall/people(6253).jpg,train,fall,leeds_millennium,3.56,0.056,7.498,False
train/fall/people(6254).jpg,train,fall,leeds_millennium,4.14,0.003,5.761,False
train/fall/people(6255).jpg,train,fall,leeds_millennium,4.86,0.032,7.554,False
train/fall/people(6258).jpg,train,fall,leeds_millennium,4.42,0.010,7.074,False
train/fall/people(6259).jpg,train,fall,leeds_millennium,7.82,0.029,6.736,False
train/fall/people(6260).jpg,train,fall,leeds_millennium,3.01,0.014,7.643,False
train/fall/people(6261).jpg,train,fall,leeds_millennium,8.35,0.011,7.108,False
train/fall/people(6263).jpg,train,fall,leeds_millennium,8.35,0.005,7.033,False
train/fall/people(6264).jpg,train,fall,leeds_millennium,4.79,0.016,7.340,False
train/fall/people(6266).jpg,train,fall,leeds_millennium,10.46,0.010,7.463,False
train/fall/people(6267).jpg,train,fall,leeds_millennium,4.29,0.045,7.260,False
train/fall/people(6268).jpg,train,fall,leeds_millennium,8.00,0.030,6.967,False
train/fall/people(6269).jpg,train,fall,leeds_millennium,15.36,0.000,5.846,True
train/fall/people(6270).jpg,train,fall,leeds_millennium,4.69,0.000,7.740,False
train/fall/people(6273).jpg,train,fall,leeds_millennium,8.34,0.000,6.882,False
train/fall/people(6274).jpg,train,fall,leeds_millennium,9.69,0.211,6.820,False
train/fall/people(6276).jpg,train,fall,leeds_millennium,5.19,0.021,7.238,False
train/fall/people(628).jpg,train,fall,leeds_millennium,4.01,0.000,7.306,False
train/fall/people(6281).jpg,train,fall,leeds_millennium,4.18,0.154,7.473,False
train/fall/people(6282).jpg,train,fall,leeds_millennium,11.09,0.349,4.894,False
train/fall/people(6283).jpg,train,fall,leeds_millennium,2.56,0.026,7.796,False
train/fall/people(6284).jpg,train,fall,leeds_millennium,4.81,0.009,7.006,False
train/fall/people(6285).jpg,train,fall,leeds_millennium,9.20,0.000,7.294,False
train/fall/people(6286).jpg,train,fall,leeds_millennium,6.06,0.004,7.481,False
train/fall/people(6288).jpg,train,fall,leeds_millennium,8.06,0.000,6.020,False
train/fall/people(6289).jpg,train,fall,leeds_millennium,2.87,0.000,7.005,False
train/fall/people(6290).jpg,train,fall,leeds_millennium,5.06,0.001,5.592,False
train/fall/people(6292).jpg,train,fall,leeds_millennium,4.26,0.019,7.492,False
train/fall/people(6294).jpg,train,fall,leeds_millennium,4.33,0.060,7.430,False
train/fall/people(6297).jpg,train,fall,leeds_millennium,6.99,0.017,7.545,False
train/fall/people(6299).jpg,train,fall,leeds_millennium,6.90,0.000,7.291,False
train/fall/people(63).jpg,train,fall,leeds_millennium,5.55,0.000,6.930,False
train/fall/people(630).jpg,train,fall,leeds_millennium,12.74,0.001,6.693,False
train/fall/people(6303).jpg,train,fall,leeds_millennium,3.97,0.000,7.732,False
train/fall/people(6307).jpg,train,fall,leeds_millennium,5.02,0.003,7.369,False
train/fall/people(631).jpg,train,fall,leeds_millennium,11.27,0.016,7.157,False
train/fall/people(6311).jpg,train,fall,leeds_millennium,9.89,0.000,7.472,False
train/fall/people(6312).jpg,train,fall,leeds_millennium,3.38,0.001,7.693,False
train/fall/people(6313).jpg,train,fall,leeds_millennium,6.59,0.029,7.852,False
train/fall/people(6316).jpg,train,fall,leeds_millennium,2.99,0.005,7.708,False
train/fall/people(6317).jpg,train,fall,leeds_millennium,7.05,0.000,7.374,False
train/fall/people(6321).jpg,train,fall,leeds_millennium,5.13,0.004,7.374,False
train/fall/people(6323).jpg,train,fall,leeds_millennium,10.28,0.011,7.674,False
train/fall/people(6324).jpg,train,fall,leeds_millennium,6.37,0.000,7.050,False
train/fall/people(6329).jpg,train,fall,leeds_millennium,3.76,0.000,7.517,False
train/fall/people(6330).jpg,train,fall,leeds_millennium,11.12,0.004,7.231,False
train/fall/people(6331).jpg,train,fall,leeds_millennium,7.96,0.040,7.415,False
train/fall/people(6333).jpg,train,fall,leeds_millennium,22.96,0.001,6.731,True
train/fall/people(6334).jpg,train,fall,leeds_millennium,6.09,0.000,7.774,False
train/fall/people(6336).jpg,train,fall,leeds_millennium,3.62,0.000,7.570,False
train/fall/people(6339).jpg,train,fall,leeds_millennium,5.78,0.056,7.454,False
train/fall/people(634).jpg,train,fall,leeds_millennium,8.77,0.000,7.491,False
train/fall/people(6341).jpg,train,fall,leeds_millennium,5.55,0.095,7.004,False
train/fall/people(6343).jpg,train,fall,leeds_millennium,4.02,0.006,7.280,False
train/fall/people(6347).jpg,train,fall,leeds_millennium,6.14,0.010,7.530,False
train/fall/people(6348).jpg,train,fall,leeds_millennium,3.58,0.002,7.810,False
train/fall/people(6349).jpg,train,fall,leeds_millennium,6.17,0.079,7.590,False
train/fall/people(6350).jpg,train,fall,leeds_millennium,6.75,0.002,7.127,False
train/fall/people(6351).jpg,train,fall,leeds_millennium,9.99,0.000,5.869,False
train/fall/people(6352).jpg,train,fall,leeds_millennium,8.11,0.023,6.216,False
train/fall/people(6354).jpg,train,fall,leeds_millennium,5.31,0.009,7.273,False
train/fall/people(6357).jpg,train,fall,leeds_millennium,9.18,0.003,6.470,False
train/fall/people(6358).jpg,train,fall,leeds_millennium,10.53,0.196,7.243,False
train/fall/people(6359).jpg,train,fall,leeds_millennium,10.99,0.060,6.710,False
train/fall/people(636).jpg,train,fall,leeds_millennium,8.33,0.006,7.426,False
train/fall/people(6361).jpg,train,fall,leeds_millennium,5.02,0.003,7.402,False
train/fall/people(6363).jpg,train,fall,leeds_millennium,4.33,0.000,7.542,False
train/fall/people(6365).jpg,train,fall,leeds_millennium,5.24,0.022,7.533,False
train/fall/people(6366).jpg,train,fall,leeds_millennium,6.41,0.035,7.527,False
train/fall/people(6367).jpg,train,fall,leeds_millennium,1.69,0.001,7.747,False
train/fall/people(6368).jpg,train,fall,leeds_millennium,4.41,0.039,7.657,False
train/fall/people(6369).jpg,train,fall,leeds_millennium,19.06,0.000,7.229,True
train/fall/people(6371).jpg,train,fall,leeds_millennium,3.45,0.006,7.582,False
train/fall/people(6374).jpg,train,fall,leeds_millennium,12.81,0.000,7.445,False
train/fall/people(6377).jpg,train,fall,leeds_millennium,4.60,0.000,6.968,False
train/fall/people(6378).jpg,train,fall,leeds_millennium,6.56,0.146,6.511,False
train/fall/people(6383).jpg,train,fall,leeds_millennium,13.94,0.000,7.604,False
train/fall/people(6384).jpg,train,fall,leeds_millennium,3.77,0.000,7.261,False
train/fall/people(6386).jpg,train,fall,leeds_millennium,7.36,0.008,6.636,False
train/fall/people(6388).jpg,train,fall,leeds_millennium,8.03,0.038,7.762,False
train/fall/people(6389).jpg,train,fall,leeds_millennium,4.55,0.000,7.110,False
train/fall/people(6391).jpg,train,fall,leeds_millennium,6.77,0.010,7.139,False
train/fall/people(6393).jpg,train,fall,leeds_millennium,4.92,0.011,7.676,False
train/fall/people(6397).jpg,train,fall,leeds_millennium,3.89,0.022,7.405,False
train/fall/people(640).jpg,train,fall,leeds_millennium,5.48,0.013,7.827,False
train/fall/people(6401).jpg,train,fall,leeds_millennium,4.31,0.025,7.398,False
train/fall/people(6403).jpg,train,fall,leeds_millennium,4.10,0.007,7.531,False
train/fall/people(6404).jpg,train,fall,leeds_millennium,5.17,0.000,7.556,False
train/fall/people(6406).jpg,train,fall,leeds_millennium,4.38,0.011,7.373,False
train/fall/people(6407).jpg,train,fall,leeds_millennium,4.19,0.014,7.628,False
train/fall/people(6409).jpg,train,fall,leeds_millennium,6.83,0.000,7.034,False
train/fall/people(6410).jpg,train,fall,leeds_millennium,4.79,0.002,7.405,False
train/fall/people(6411).jpg,train,fall,leeds_millennium,4.49,0.000,7.580,False
train/fall/people(6412).jpg,train,fall,leeds_millennium,4.97,0.041,6.989,False
train/fall/people(6414).jpg,train,fall,leeds_millennium,4.61,0.006,7.180,False
train/fall/people(6415).jpg,train,fall,leeds_millennium,4.81,0.072,7.415,False
train/fall/people(6416).jpg,train,fall,leeds_millennium,9.04,0.000,6.920,False
train/fall/people(6418).jpg,train,fall,leeds_millennium,7.10,0.253,6.543,False
train/fall/people(6421).jpg,train,fall,leeds_millennium,3.13,0.031,7.599,False
train/fall/people(6425).jpg,train,fall,leeds_millennium,4.14,0.015,7.844,False
train/fall/people(6427).jpg,train,fall,leeds_millennium,6.41,0.001,7.563,False
train/fall/people(6432).jpg,train,fall,leeds_millennium,7.94,0.020,7.520,False
train/fall/people(6433).jpg,train,fall,leeds_millennium,4.82,0.002,7.538,False
train/fall/people(6434).jpg,train,fall,leeds_millennium,5.95,0.045,6.726,False
train/fall/people(6435).jpg,train,fall,leeds_millennium,8.78,0.000,7.462,False
train/fall/people(6436).jpg,train,fall,leeds_millennium,8.59,0.000,7.308,False
train/fall/people(6437).jpg,train,fall,leeds_millennium,5.75,0.001,7.597,False
train/fall/people(6438).jpg,train,fall,leeds_millennium,3.03,0.003,7.787,False
train/fall/people(644).jpg,train,fall,leeds_millennium,3.52,0.001,7.773,False
train/fall/people(6440).jpg,train,fall,leeds_millennium,3.18,0.001,7.673,False
train/fall/people(6443).jpg,train,fall,leeds_millennium,6.87,0.000,6.722,False
train/fall/people(6447).jpg,train,fall,leeds_millennium,4.11,0.038,7.623,False
train/fall/people(6449).jpg,train,fall,leeds_millennium,3.91,0.000,7.298,False
train/fall/people(6455).jpg,train,fall,leeds_millennium,13.88,0.000,7.254,False
train/fall/people(6456).jpg,train,fall,leeds_millennium,4.44,0.029,7.920,False
train/fall/people(6458).jpg,train,fall,leeds_millennium,3.66,0.201,7.100,False
train/fall/people(6460).jpg,train,fall,leeds_millennium,5.46,0.005,7.652,False
train/fall/people(6463).jpg,train,fall,leeds_millennium,6.20,0.003,7.333,False
train/fall/people(6464).jpg,train,fall,leeds_millennium,10.86,0.057,7.761,False
train/fall/people(6466).jpg,train,fall,leeds_millennium,4.71,0.002,7.713,False
train/fall/people(6467).jpg,train,fall,leeds_millennium,6.73,0.001,7.392,False
train/fall/people(6469).jpg,train,fall,leeds_millennium,5.21,0.002,7.245,False
train/fall/people(6470).jpg,train,fall,leeds_millennium,3.68,0.031,7.854,False
train/fall/people(6473).jpg,train,fall,leeds_millennium,6.17,0.034,7.621,False
train/fall/people(6474).jpg,train,fall,leeds_millennium,7.62,0.032,6.002,False
train/fall/people(6479).jpg,train,fall,leeds_millennium,3.31,0.401,6.659,True
train/fall/people(6480).jpg,train,fall,leeds_millennium,4.17,0.000,7.334,False
train/fall/people(6481).jpg,train,fall,leeds_millennium,2.74,0.004,7.610,False
train/fall/people(6484).jpg,train,fall,leeds_millennium,3.40,0.046,7.851,False
train/fall/people(6489).jpg,train,fall,leeds_millennium,4.74,0.011,6.752,False
train/fall/people(6495).jpg,train,fall,leeds_millennium,3.77,0.000,7.529,False
train/fall/people(6499).jpg,train,fall,leeds_millennium,8.13,0.000,6.660,False
train/fall/people(65).jpg,train,fall,leeds_millennium,5.51,0.001,7.524,False
train/fall/people(6501).jpg,train,fall,leeds_millennium,6.01,0.000,7.333,False
train/fall/people(6502).jpg,train,fall,leeds_millennium,4.31,0.021,7.492,False
train/fall/people(6513).jpg,train,fall,leeds_millennium,6.81,0.028,7.707,False
train/fall/people(6514).jpg,train,fall,leeds_millennium,8.72,0.004,7.174,False
train/fall/people(6515).jpg,train,fall,leeds_millennium,5.77,0.016,6.722,False
train/fall/people(6519).jpg,train,fall,leeds_millennium,6.99,0.039,7.387,False
train/fall/people(652).jpg,train,fall,leeds_millennium,6.05,0.053,7.416,False
train/fall/people(6520).jpg,train,fall,leeds_millennium,5.10,0.000,7.635,False
train/fall/people(6521).jpg,train,fall,leeds_millennium,6.41,0.000,6.760,False
train/fall/people(6526).jpg,train,fall,leeds_millennium,6.42,0.000,7.468,False
train/fall/people(6527).jpg,train,fall,leeds_millennium,7.52,0.000,6.638,False
train/fall/people(653).jpg,train,fall,leeds_millennium,3.00,0.006,7.720,False
train/fall/people(6536).jpg,train,fall,leeds_millennium,5.27,0.000,6.872,False
train/fall/people(6537).jpg,train,fall,leeds_millennium,4.24,0.029,7.577,False
train/fall/people(654).jpg,train,fall,leeds_millennium,9.39,0.000,7.647,False
train/fall/people(6542).jpg,train,fall,leeds_millennium,6.74,0.000,6.985,False
train/fall/people(6548).jpg,train,fall,leeds_millennium,5.18,0.128,7.619,False
train/fall/people(6551).jpg,train,fall,leeds_millennium,4.67,0.003,7.258,False
train/fall/people(6552).jpg,train,fall,leeds_millennium,6.82,0.000,7.368,False
train/fall/people(6553).jpg,train,fall,leeds_millennium,4.07,0.033,6.901,False
train/fall/people(6554).jpg,train,fall,leeds_millennium,7.80,0.002,7.185,False
train/fall/people(6555).jpg,train,fall,leeds_millennium,8.46,0.093,6.455,False
train/fall/people(6564).jpg,train,fall,leeds_millennium,4.13,0.006,7.714,False
train/fall/people(6565).jpg,train,fall,leeds_millennium,4.83,0.008,7.126,False
train/fall/people(6566).jpg,train,fall,leeds_millennium,4.92,0.000,7.194,False
train/fall/people(6569).jpg,train,fall,leeds_millennium,3.71,0.003,7.581,False
train/fall/people(6570).jpg,train,fall,leeds_millennium,3.87,0.001,7.418,False
train/fall/people(6571).jpg,train,fall,leeds_millennium,3.52,0.027,7.344,False
train/fall/people(6573).jpg,train,fall,leeds_millennium,4.38,0.000,7.279,False
train/fall/people(6575).jpg,train,fall,leeds_millennium,7.34,0.000,6.647,False
train/fall/people(6576).jpg,train,fall,leeds_millennium,6.92,0.012,7.405,False
train/fall/people(6577).jpg,train,fall,leeds_millennium,4.63,0.012,7.492,False
train/fall/people(6578).jpg,train,fall,leeds_millennium,5.32,0.000,6.897,False
train/fall/people(6579).jpg,train,fall,leeds_millennium,7.55,0.064,5.477,False
train/fall/people(658).jpg,train,fall,leeds_millennium,7.06,0.007,7.720,False
train/fall/people(6583).jpg,train,fall,leeds_millennium,8.73,0.027,7.176,False
train/fall/people(6586).jpg,train,fall,leeds_millennium,14.53,0.005,7.341,False
train/fall/people(6588).jpg,train,fall,leeds_millennium,4.64,0.000,7.512,False
train/fall/people(6590).jpg,train,fall,leeds_millennium,5.11,0.004,7.482,False
train/fall/people(6592).jpg,train,fall,leeds_millennium,2.80,0.065,7.720,False
train/fall/people(6594).jpg,train,fall,leeds_millennium,4.01,0.257,7.149,False
train/fall/people(6595).jpg,train,fall,leeds_millennium,12.63,0.096,7.413,False
train/fall/people(6596).jpg,train,fall,leeds_millennium,3.40,0.101,7.796,False
train/fall/people(6598).jpg,train,fall,leeds_millennium,5.01,0.006,7.303,False
train/fall/people(6600).jpg,train,fall,leeds_millennium,7.08,0.052,7.467,False
train/fall/people(6601).jpg,train,fall,leeds_millennium,6.83,0.011,5.527,False
train/fall/people(6602).jpg,train,fall,leeds_millennium,6.12,0.005,7.224,False
train/fall/people(6604).jpg,train,fall,leeds_millennium,7.94,0.000,7.331,False
train/fall/people(6606).jpg,train,fall,leeds_millennium,3.71,0.011,7.648,False
train/fall/people(6607).jpg,train,fall,leeds_millennium,5.44,0.002,7.240,False
train/fall/people(6609).jpg,train,fall,leeds_millennium,4.68,0.004,6.926,False
train/fall/people(6611).jpg,train,fall,leeds_millennium,9.03,0.000,6.574,False
train/fall/people(6613).jpg,train,fall,leeds_millennium,6.87,0.007,7.648,False
train/fall/people(6614).jpg,train,fall,leeds_millennium,3.80,0.009,7.408,False
train/fall/people(6616).jpg,train,fall,leeds_millennium,5.78,0.012,7.512,False
train/fall/people(6617).jpg,train,fall,leeds_millennium,17.92,0.000,6.682,True
train/fall/people(6618).jpg,train,fall,leeds_millennium,6.51,0.010,7.063,False
train/fall/people(6619).jpg,train,fall,leeds_millennium,3.17,0.004,7.780,False
train/fall/people(6620).jpg,train,fall,leeds_millennium,6.37,0.012,6.932,False
train/fall/people(6621).jpg,train,fall,leeds_millennium,6.17,0.067,7.323,False
train/fall/people(6623).jpg,train,fall,leeds_millennium,6.77,0.001,7.117,False
train/fall/people(6626).jpg,train,fall,leeds_millennium,4.36,0.100,7.570,False
train/fall/people(6629).jpg,train,fall,leeds_millennium,4.93,0.045,7.532,False
train/fall/people(6632).jpg,train,fall,leeds_millennium,3.25,0.045,7.459,False
train/fall/people(6635).jpg,train,fall,leeds_millennium,6.96,0.002,7.292,False
train/fall/people(6641).jpg,train,fall,leeds_millennium,6.28,0.005,5.913,False
train/fall/people(6643).jpg,train,fall,leeds_millennium,7.41,0.000,6.772,False
train/fall/people(6644).jpg,train,fall,leeds_millennium,5.48,0.000,7.589,False
train/fall/people(6645).jpg,train,fall,leeds_millennium,6.57,0.006,7.727,False
train/fall/people(6647).jpg,train,fall,leeds_millennium,3.89,0.054,7.711,False
train/fall/people(665).jpg,train,fall,leeds_millennium,7.10,0.000,7.686,False
train/fall/people(6650).jpg,train,fall,leeds_millennium,5.51,0.027,7.246,False
train/fall/people(6653).jpg,train,fall,leeds_millennium,2.64,0.014,7.824,False
train/fall/people(6656).jpg,train,fall,leeds_millennium,7.17,0.032,6.585,False
train/fall/people(6658).jpg,train,fall,leeds_millennium,6.27,0.011,6.867,False
train/fall/people(6659).jpg,train,fall,leeds_millennium,5.73,0.000,7.187,False
train/fall/people(6660).jpg,train,fall,leeds_millennium,8.19,0.029,7.321,False
train/fall/people(6661).jpg,train,fall,leeds_millennium,6.08,0.000,7.375,False
train/fall/people(6662).jpg,train,fall,leeds_millennium,3.00,0.002,7.178,False
train/fall/people(6664).jpg,train,fall,leeds_millennium,5.17,0.002,7.448,False
train/fall/people(6665).jpg,train,fall,leeds_millennium,4.04,0.016,7.653,False
train/fall/people(6671).jpg,train,fall,leeds_millennium,5.08,0.000,6.709,False
train/fall/people(6672).jpg,train,fall,leeds_millennium,12.25,0.000,6.333,False
train/fall/people(6674).jpg,train,fall,leeds_millennium,3.80,0.004,7.813,False
train/fall/people(6676).jpg,train,fall,leeds_millennium,4.45,0.048,7.830,False
train/fall/people(6677).jpg,train,fall,leeds_millennium,3.75,0.001,7.815,False
train/fall/people(6679).jpg,train,fall,leeds_millennium,6.91,0.000,7.295,False
train/fall/people(6680).jpg,train,fall,leeds_millennium,6.02,0.001,6.394,False
train/fall/people(6681).jpg,train,fall,leeds_millennium,3.16,0.001,7.627,False
train/fall/people(6682).jpg,train,fall,leeds_millennium,6.62,0.022,6.169,False
train/fall/people(6683).jpg,train,fall,leeds_millennium,4.41,0.005,7.793,False
train/fall/people(6685).jpg,train,fall,leeds_millennium,5.19,0.000,7.563,False
train/fall/people(6687).jpg,train,fall,leeds_millennium,4.16,0.000,7.490,False
train/fall/people(6688).jpg,train,fall,leeds_millennium,7.32,0.163,6.908,False
train/fall/people(669).jpg,train,fall,leeds_millennium,4.70,0.003,7.708,False
train/fall/people(6691).jpg,train,fall,leeds_millennium,2.59,0.032,7.700,False
train/fall/people(6692).jpg,train,fall,leeds_millennium,3.39,0.000,7.426,False
train/fall/people(6694).jpg,train,fall,leeds_millennium,4.18,0.023,7.606,False
train/fall/people(6697).jpg,train,fall,leeds_millennium,4.63,0.000,7.091,False
train/fall/people(6698).jpg,train,fall,leeds_millennium,7.86,0.001,7.756,False
train/fall/people(67).jpg,train,fall,leeds_millennium,5.83,0.009,7.803,False
train/fall/people(670).jpg,train,fall,leeds_millennium,4.11,0.000,7.705,False
train/fall/people(6700).jpg,train,fall,leeds_millennium,6.29,0.004,7.464,False
train/fall/people(6701).jpg,train,fall,leeds_millennium,8.14,0.005,6.672,False
train/fall/people(6702).jpg,train,fall,leeds_millennium,8.08,0.027,6.247,False
train/fall/people(6704).jpg,train,fall,leeds_millennium,10.13,0.003,6.044,False
train/fall/people(6705).jpg,train,fall,leeds_millennium,4.98,0.009,7.873,False
train/fall/people(6706).jpg,train,fall,leeds_millennium,5.14,0.129,7.399,False
train/fall/people(6709).jpg,train,fall,leeds_millennium,3.01,0.006,7.494,False
train/fall/people(671).jpg,train,fall,leeds_millennium,4.32,0.001,7.724,False
train/fall/people(6712).jpg,train,fall,leeds_millennium,3.27,0.003,7.583,False
train/fall/people(6713).jpg,train,fall,leeds_millennium,5.46,0.006,7.176,False
train/fall/people(6714).jpg,train,fall,leeds_millennium,5.14,0.000,7.552,False
train/fall/people(6715).jpg,train,fall,leeds_millennium,6.15,0.000,6.891,False
train/fall/people(6718).jpg,train,fall,leeds_millennium,10.72,0.001,6.278,False
train/fall/people(6723).jpg,train,fall,leeds_millennium,4.64,0.003,7.733,False
train/fall/people(6729).jpg,train,fall,leeds_millennium,5.63,0.012,6.607,False
train/fall/people(6730).jpg,train,fall,leeds_millennium,4.54,0.008,6.878,False
train/fall/people(6731).jpg,train,fall,leeds_millennium,14.24,0.049,7.700,False
train/fall/people(6732).jpg,train,fall,leeds_millennium,9.03,0.000,6.747,False
train/fall/people(6736).jpg,train,fall,leeds_millennium,6.37,0.003,7.398,False
train/fall/people(6737).jpg,train,fall,leeds_millennium,5.80,0.000,7.397,False
train/fall/people(6738).jpg,train,fall,leeds_millennium,5.30,0.000,7.413,False
train/fall/people(6739).jpg,train,fall,leeds_millennium,6.87,0.001,7.402,False
train/fall/people(6742).jpg,train,fall,leeds_millennium,7.74,0.000,6.438,False
train/fall/people(6743).jpg,train,fall,leeds_millennium,6.58,0.015,6.901,False
train/fall/people(6749).jpg,train,fall,leeds_millennium,4.14,0.022,7.498,False
train/fall/people(6752).jpg,train,fall,leeds_millennium,6.03,0.000,7.555,False
train/fall/people(6753).jpg,train,fall,leeds_millennium,4.48,0.026,7.727,False
train/fall/people(6756).jpg,train,fall,leeds_millennium,5.50,0.002,7.516,False
train/fall/people(6757).jpg,train,fall,leeds_millennium,4.45,0.009,7.496,False
train/fall/people(6758).jpg,train,fall,leeds_millennium,4.71,0.007,7.409,False
train/fall/people(6763).jpg,train,fall,leeds_millennium,9.29,0.000,6.693,False
train/fall/people(6764).jpg,train,fall,leeds_millennium,9.81,0.000,7.334,False
train/fall/people(6765).jpg,train,fall,leeds_millennium,9.29,0.000,6.693,False
train/fall/people(6766).jpg,train,fall,leeds_millennium,3.05,0.000,7.733,False
train/fall/people(6768).jpg,train,fall,leeds_millennium,5.81,0.079,7.921,False
train/fall/people(6769).jpg,train,fall,leeds_millennium,7.14,0.013,7.017,False
train/fall/people(6770).jpg,train,fall,leeds_millennium,12.18,0.002,7.491,False
train/fall/people(6772).jpg,train,fall,leeds_millennium,9.22,0.096,7.267,False
train/fall/people(6773).jpg,train,fall,leeds_millennium,4.55,0.011,7.571,False
train/fall/people(6774).jpg,train,fall,leeds_millennium,5.32,0.001,7.363,False
train/fall/people(6775).jpg,train,fall,leeds_millennium,7.52,0.001,6.853,False
train/fall/people(6779).jpg,train,fall,leeds_millennium,5.67,0.000,7.756,False
train/fall/people(678).jpg,train,fall,leeds_millennium,6.70,0.014,7.424,False
train/fall/people(6780).jpg,train,fall,leeds_millennium,10.67,0.002,6.735,False
train/fall/people(6781).jpg,train,fall,leeds_millennium,4.18,0.000,7.368,False
train/fall/people(6783).jpg,train,fall,leeds_millennium,10.54,0.000,6.938,False
train/fall/people(6785).jpg,train,fall,leeds_millennium,5.45,0.016,7.372,False
train/fall/people(6788).jpg,train,fall,leeds_millennium,2.44,0.046,7.804,False
train/fall/people(6791).jpg,train,fall,leeds_millennium,4.34,0.009,7.357,False
train/fall/people(6793).jpg,train,fall,leeds_millennium,5.81,0.001,7.435,False
train/fall/people(6794).jpg,train,fall,leeds_millennium,16.22,0.006,6.917,True
train/fall/people(6795).jpg,train,fall,leeds_millennium,5.16,0.072,6.909,False
train/fall/people(6796).jpg,train,fall,leeds_millennium,7.77,0.000,6.470,False
train/fall/people(6798).jpg,train,fall,leeds_millennium,6.76,0.047,6.118,False
train/fall/people(68).jpg,train,fall,leeds_millennium,4.44,0.001,7.471,False
train/fall/people(6803).jpg,train,fall,leeds_millennium,4.39,0.107,7.452,False
train/fall/people(6805).jpg,train,fall,leeds_millennium,8.23,0.063,7.023,False
train/fall/people(6808).jpg,train,fall,leeds_millennium,6.69,0.005,7.795,False
train/fall/people(6809).jpg,train,fall,leeds_millennium,7.57,0.014,7.289,False
train/fall/people(6811).jpg,train,fall,leeds_millennium,4.12,0.002,7.412,False
train/fall/people(6812).jpg,train,fall,leeds_millennium,6.89,0.010,6.605,False
train/fall/people(6813).jpg,train,fall,leeds_millennium,3.98,0.002,7.028,False
train/fall/people(6814).jpg,train,fall,leeds_millennium,8.84,0.000,7.358,False
train/fall/people(6817).jpg,train,fall,leeds_millennium,4.11,0.000,7.668,False
train/fall/people(6818).jpg,train,fall,leeds_millennium,4.85,0.163,6.591,False
train/fall/people(6819).jpg,train,fall,leeds_millennium,2.60,0.002,7.851,False
train/fall/people(682).jpg,train,fall,leeds_millennium,4.64,0.011,7.757,False
train/fall/people(6822).jpg,train,fall,leeds_millennium,4.85,0.004,7.435,False
train/fall/people(6823).jpg,train,fall,leeds_millennium,4.34,0.006,6.936,False
train/fall/people(6824).jpg,train,fall,leeds_millennium,9.05,0.001,7.506,False
train/fall/people(6826).jpg,train,fall,leeds_millennium,6.39,0.006,7.134,False
train/fall/people(6828).jpg,train,fall,leeds_millennium,6.77,0.005,6.434,False
train/fall/people(6829).jpg,train,fall,leeds_millennium,5.24,0.020,7.145,False
train/fall/people(6830).jpg,train,fall,leeds_millennium,3.73,0.273,7.142,False
train/fall/people(6832).jpg,train,fall,leeds_millennium,4.46,0.000,6.996,False
train/fall/people(6836).jpg,train,fall,leeds_millennium,6.48,0.010,7.397,False
train/fall/people(6837).jpg,train,fall,leeds_millennium,10.29,0.000,7.431,False
train/fall/people(6840).jpg,train,fall,leeds_millennium,2.99,0.116,7.744,False
train/fall/people(6845).jpg,train,fall,leeds_millennium,4.76,0.009,7.553,False
train/fall/people(6847).jpg,train,fall,leeds_millennium,2.77,0.000,7.436,False
train/fall/people(6849).jpg,train,fall,leeds_millennium,9.64,0.003,7.221,False
train/fall/people(6850).jpg,train,fall,leeds_millennium,4.57,0.014,7.090,False
train/fall/people(6853).jpg,train,fall,leeds_millennium,7.04,0.180,6.878,False
train/fall/people(6854).jpg,train,fall,leeds_millennium,3.25,0.003,7.232,False
train/fall/people(6855).jpg,train,fall,leeds_millennium,16.39,0.009,6.228,True
train/fall/people(6857).jpg,train,fall,leeds_millennium,6.09,0.264,6.830,False
train/fall/people(686).jpg,train,fall,leeds_millennium,4.15,0.000,7.151,False
train/fall/people(6860).jpg,train,fall,leeds_millennium,3.98,0.306,6.853,False
train/fall/people(6861).jpg,train,fall,leeds_millennium,6.02,0.060,7.360,False
train/fall/people(6863).jpg,train,fall,leeds_millennium,5.18,0.042,7.116,False
train/fall/people(6864).jpg,train,fall,leeds_millennium,3.41,0.000,7.576,False
train/fall/people(6865).jpg,train,fall,leeds_millennium,3.21,0.001,7.378,False
train/fall/people(6866).jpg,train,fall,leeds_millennium,8.15,0.001,7.446,False
train/fall/people(6867).jpg,train,fall,leeds_millennium,6.68,0.024,7.572,False
train/fall/people(6868).jpg,train,fall,leeds_millennium,7.75,0.018,7.465,False
train/fall/people(6869).jpg,train,fall,leeds_millennium,5.67,0.000,7.590,False
train/fall/people(687).jpg,train,fall,leeds_millennium,6.41,0.000,7.303,False
train/fall/people(6870).jpg,train,fall,leeds_millennium,6.10,0.008,7.642,False
train/fall/people(6871).jpg,train,fall,leeds_millennium,4.60,0.130,7.528,False
train/fall/people(6878).jpg,train,fall,leeds_millennium,3.59,0.021,7.327,False
train/fall/people(6880).jpg,train,fall,leeds_millennium,5.45,0.033,7.428,False
train/fall/people(6881).jpg,train,fall,leeds_millennium,3.50,0.080,7.825,False
train/fall/people(6883).jpg,train,fall,leeds_millennium,9.53,0.000,6.038,False
train/fall/people(6885).jpg,train,fall,leeds_millennium,6.52,0.000,5.827,False
train/fall/people(6887).jpg,train,fall,leeds_millennium,5.01,0.002,7.359,False
train/fall/people(6888).jpg,train,fall,leeds_millennium,8.39,0.000,7.635,False
train/fall/people(689).jpg,train,fall,leeds_millennium,5.00,0.000,7.435,False
train/fall/people(6891).jpg,train,fall,leeds_millennium,2.95,0.053,7.515,False
train/fall/people(6892).jpg,train,fall,leeds_millennium,6.84,0.017,6.114,False
train/fall/people(6894).jpg,train,fall,leeds_millennium,13.92,0.000,7.079,False
train/fall/people(6895).jpg,train,fall,leeds_millennium,3.78,0.018,7.808,False
train/fall/people(6898).jpg,train,fall,leeds_millennium,10.22,0.000,6.587,False
train/fall/people(6899).jpg,train,fall,leeds_millennium,5.95,0.000,7.347,False
train/fall/people(6904).jpg,train,fall,leeds_millennium,6.88,0.000,7.700,False
train/fall/people(6906).jpg,train,fall,leeds_millennium,6.65,0.146,7.472,False
train/fall/people(6907).jpg,train,fall,leeds_millennium,4.79,0.026,7.427,False
train/fall/people(6908).jpg,train,fall,leeds_millennium,5.42,0.015,7.068,False
train/fall/people(6909).jpg,train,fall,leeds_millennium,4.80,0.000,7.703,False
train/fall/people(6910).jpg,train,fall,leeds_millennium,5.36,0.004,7.778,False
train/fall/people(6914).jpg,train,fall,leeds_millennium,6.85,0.045,7.153,False
train/fall/people(6915).jpg,train,fall,leeds_millennium,5.54,0.021,5.436,False
train/fall/people(6922).jpg,train,fall,leeds_millennium,7.88,0.000,6.865,False
train/fall/people(6923).jpg,train,fall,leeds_millennium,4.94,0.000,7.541,False
train/fall/people(6924).jpg,train,fall,leeds_millennium,2.96,0.225,7.492,False
train/fall/people(6925).jpg,train,fall,leeds_millennium,5.75,0.005,7.278,False
train/fall/people(6929).jpg,train,fall,leeds_millennium,8.15,0.000,7.620,False
train/fall/people(6930).jpg,train,fall,leeds_millennium,6.32,0.031,7.576,False
train/fall/people(6936).jpg,train,fall,leeds_millennium,5.85,0.001,7.526,False
train/fall/people(6938).jpg,train,fall,leeds_millennium,4.23,0.015,7.734,False
train/fall/people(694).jpg,train,fall,leeds_millennium,5.69,0.004,7.458,False
train/fall/people(6941).jpg,train,fall,leeds_millennium,5.03,0.024,6.950,False
train/fall/people(6942).jpg,train,fall,leeds_millennium,5.85,0.014,7.039,False
train/fall/people(6943).jpg,train,fall,leeds_millennium,4.33,0.122,7.744,False
train/fall/people(6944).jpg,train,fall,leeds_millennium,4.81,0.007,7.402,False
train/fall/people(6945).jpg,train,fall,leeds_millennium,15.01,0.000,6.345,True
train/fall/people(6946).jpg,train,fall,leeds_millennium,5.02,0.000,7.260,False
train/fall/people(6947).jpg,train,fall,leeds_millennium,6.90,0.002,7.306,False
train/fall/people(6949).jpg,train,fall,leeds_millennium,4.50,0.102,7.658,False
train/fall/people(6954).jpg,train,fall,leeds_millennium,4.14,0.040,7.611,False
train/fall/people(6959).jpg,train,fall,leeds_millennium,3.67,0.011,7.234,False
train/fall/people(6961).jpg,train,fall,leeds_millennium,5.00,0.003,6.352,False
train/fall/people(6962).jpg,train,fall,leeds_millennium,4.14,0.011,7.604,False
train/fall/people(6963).jpg,train,fall,leeds_millennium,5.76,0.000,7.358,False
train/fall/people(6964).jpg,train,fall,leeds_millennium,5.43,0.024,7.549,False
train/fall/people(6966).jpg,train,fall,leeds_millennium,9.24,0.000,6.895,False
train/fall/people(6970).jpg,train,fall,leeds_millennium,5.03,0.007,7.381,False
train/fall/people(6971).jpg,train,fall,leeds_millennium,9.39,0.006,7.212,False
train/fall/people(6972).jpg,train,fall,leeds_millennium,5.79,0.001,5.972,False
train/fall/people(6973).jpg,train,fall,leeds_millennium,5.79,0.017,7.758,False
train/fall/people(6975).jpg,train,fall,leeds_millennium,14.28,0.017,7.808,False
train/fall/people(6977).jpg,train,fall,leeds_millennium,9.41,0.004,7.296,False
train/fall/people(6979).jpg,train,fall,leeds_millennium,4.55,0.000,7.482,False
train/fall/people(698).jpg,train,fall,leeds_millennium,2.89,0.000,7.322,False
train/fall/people(6980).jpg,train,fall,leeds_millennium,6.91,0.001,5.804,False
train/fall/people(6986).jpg,train,fall,leeds_millennium,4.29,0.000,7.622,False
train/fall/people(6988).jpg,train,fall,leeds_millennium,7.24,0.000,3.227,False
train/fall/people(6989).jpg,train,fall,leeds_millennium,8.01,0.016,7.327,False
train/fall/people(699).jpg,train,fall,leeds_millennium,5.27,0.000,7.393,False
train/fall/people(6991).jpg,train,fall,leeds_millennium,3.53,0.261,7.153,False
train/fall/people(6993).jpg,train,fall,leeds_millennium,4.95,0.120,6.807,False
train/fall/people(6996).jpg,train,fall,leeds_millennium,5.87,0.000,6.169,False
train/fall/people(6997).jpg,train,fall,leeds_millennium,3.54,0.001,7.846,False
train/fall/people(70).jpg,train,fall,leeds_millennium,3.60,0.000,7.684,False
train/fall/people(7000).jpg,train,fall,leeds_millennium,4.95,0.029,7.794,False
train/fall/people(7001).jpg,train,fall,leeds_millennium,5.25,0.007,7.478,False
train/fall/people(7002).jpg,train,fall,leeds_millennium,4.46,0.021,7.679,False
train/fall/people(7004).jpg,train,fall,leeds_millennium,7.44,0.006,6.888,False
train/fall/people(7010).jpg,train,fall,leeds_millennium,3.69,0.020,7.736,False
train/fall/people(7011).jpg,train,fall,leeds_millennium,9.56,0.000,7.057,False
train/fall/people(7013).jpg,train,fall,leeds_millennium,3.37,0.020,7.794,False
train/fall/people(7014).jpg,train,fall,leeds_millennium,3.39,0.000,7.577,False
train/fall/people(7015).jpg,train,fall,leeds_millennium,9.07,0.026,7.598,False
train/fall/people(7016).jpg,train,fall,leeds_millennium,5.36,0.000,7.370,False
train/fall/people(7017).jpg,train,fall,leeds_millennium,10.86,0.004,6.779,False
train/fall/people(7018).jpg,train,fall,leeds_millennium,5.01,0.010,7.443,False
train/fall/people(7022).jpg,train,fall,leeds_millennium,3.69,0.020,7.286,False
train/fall/people(7024).jpg,train,fall,leeds_millennium,12.72,0.000,7.480,False
train/fall/people(7026).jpg,train,fall,leeds_millennium,9.22,0.000,7.563,False
train/fall/people(7027).jpg,train,fall,leeds_millennium,4.05,0.001,6.858,False
train/fall/people(7032).jpg,train,fall,leeds_millennium,4.13,0.152,7.162,False
train/fall/people(7035).jpg,train,fall,leeds_millennium,7.79,0.005,6.663,False
train/fall/people(7036).jpg,train,fall,leeds_millennium,8.32,0.000,7.209,False
train/fall/people(7037).jpg,train,fall,leeds_millennium,8.66,0.000,6.033,False
train/fall/people(7040).jpg,train,fall,leeds_millennium,3.38,0.013,7.711,False
train/fall/people(7041).jpg,train,fall,leeds_millennium,11.97,0.001,7.511,False
train/fall/people(7045).jpg,train,fall,leeds_millennium,5.62,0.001,7.643,False
train/fall/people(7049).jpg,train,fall,leeds_millennium,3.48,0.000,7.754,False
train/fall/people(7051).jpg,train,fall,leeds_millennium,5.22,0.005,7.687,False
train/fall/people(7053).jpg,train,fall,leeds_millennium,9.02,0.000,7.131,False
train/fall/people(7054).jpg,train,fall,leeds_millennium,4.33,0.004,7.715,False
train/fall/people(7056).jpg,train,fall,leeds_millennium,3.83,0.029,7.562,False
train/fall/people(7059).jpg,train,fall,leeds_millennium,3.97,0.004,7.029,False
train/fall/people(7061).jpg,train,fall,leeds_millennium,3.55,0.019,7.223,False
train/fall/people(7064).jpg,train,fall,leeds_millennium,7.84,0.055,7.545,False
train/fall/people(7065).jpg,train,fall,leeds_millennium,4.22,0.001,7.623,False
train/fall/people(7066).jpg,train,fall,leeds_millennium,8.17,0.017,7.710,False
train/fall/people(7067).jpg,train,fall,leeds_millennium,8.46,0.022,7.663,False
train/fall/people(7070).jpg,train,fall,leeds_millennium,4.21,0.004,7.453,False
train/fall/people(7071).jpg,train,fall,leeds_millennium,11.27,0.000,6.788,False
train/fall/people(7072).jpg,train,fall,leeds_millennium,6.36,0.000,7.341,False
train/fall/people(7074).jpg,train,fall,leeds_millennium,5.21,0.032,7.019,False
train/fall/people(7075).jpg,train,fall,leeds_millennium,5.90,0.020,7.232,False
train/fall/people(7076).jpg,train,fall,leeds_millennium,4.80,0.004,6.880,False
train/fall/people(7077).jpg,train,fall,leeds_millennium,5.94,0.083,7.102,False
train/fall/people(7078).jpg,train,fall,leeds_millennium,7.20,0.006,7.341,False
train/fall/people(7079).jpg,train,fall,leeds_millennium,5.40,0.006,7.262,False
train/fall/people(7080).jpg,train,fall,leeds_millennium,6.39,0.104,7.267,False
train/fall/people(7081).jpg,train,fall,leeds_millennium,3.08,0.001,7.561,False
train/fall/people(7082).jpg,train,fall,leeds_millennium,4.18,0.038,7.798,False
train/fall/people(7087).jpg,train,fall,leeds_millennium,4.95,0.043,7.242,False
train/fall/people(7088).jpg,train,fall,leeds_millennium,5.37,0.015,7.675,False
train/fall/people(7090).jpg,train,fall,leeds_millennium,6.45,0.021,7.122,False
train/fall/people(7091).jpg,train,fall,leeds_millennium,4.36,0.009,7.150,False
train/fall/people(7093).jpg,train,fall,leeds_millennium,3.59,0.000,7.214,False
train/fall/people(7095).jpg,train,fall,leeds_millennium,3.17,0.000,7.585,False
train/fall/people(7096).jpg,train,fall,leeds_millennium,4.52,0.004,7.573,False
train/fall/people(7099).jpg,train,fall,leeds_millennium,7.67,0.000,7.535,False
train/fall/people(710).jpg,train,fall,leeds_millennium,8.23,0.022,7.684,False
train/fall/people(7102).jpg,train,fall,leeds_millennium,5.36,0.000,7.485,False
train/fall/people(7103).jpg,train,fall,leeds_millennium,6.73,0.001,6.744,False
train/fall/people(7106).jpg,train,fall,leeds_millennium,3.86,0.015,6.143,False
train/fall/people(7108).jpg,train,fall,leeds_millennium,9.34,0.000,7.410,False
train/fall/people(7109).jpg,train,fall,leeds_millennium,5.49,0.023,7.566,False
train/fall/people(7116).jpg,train,fall,leeds_millennium,4.08,0.063,7.754,False
train/fall/people(7119).jpg,train,fall,leeds_millennium,6.13,0.000,6.059,False
train/fall/people(7124).jpg,train,fall,leeds_millennium,5.53,0.021,7.035,False
train/fall/people(7128).jpg,train,fall,leeds_millennium,9.80,0.006,6.061,False
train/fall/people(7131).jpg,train,fall,leeds_millennium,6.03,0.000,7.054,False
train/fall/people(7132).jpg,train,fall,leeds_millennium,3.52,0.030,7.639,False
train/fall/people(7133).jpg,train,fall,leeds_millennium,7.63,0.000,6.614,False
train/fall/people(7136).jpg,train,fall,leeds_millennium,4.48,0.000,7.540,False
train/fall/people(7137).jpg,train,fall,leeds_millennium,5.91,0.000,6.822,False
train/fall/people(7138).jpg,train,fall,leeds_millennium,8.33,0.005,7.760,False
train/fall/people(7140).jpg,train,fall,leeds_millennium,6.18,0.004,7.305,False
train/fall/people(7141).jpg,train,fall,leeds_millennium,3.80,0.005,7.693,False
train/fall/people(7143).jpg,train,fall,leeds_millennium,5.93,0.004,7.655,False
train/fall/people(7147).jpg,train,fall,leeds_millennium,8.59,0.000,6.523,False
train/fall/people(7148).jpg,train,fall,leeds_millennium,7.60,0.018,6.000,False
train/fall/people(7153).jpg,train,fall,leeds_millennium,4.97,0.114,7.072,False
train/fall/people(7155).jpg,train,fall,leeds_millennium,6.89,0.028,7.486,False
train/fall/people(7158).jpg,train,fall,leeds_millennium,3.50,0.015,7.469,False
train/fall/people(7159).jpg,train,fall,leeds_millennium,5.47,0.006,5.655,False
train/fall/people(7164).jpg,train,fall,leeds_millennium,5.88,0.000,7.641,False
train/fall/people(7167).jpg,train,fall,leeds_millennium,3.80,0.000,7.539,False
train/fall/people(7168).jpg,train,fall,leeds_millennium,23.36,0.000,6.474,True
train/fall/people(7169).jpg,train,fall,leeds_millennium,3.99,0.003,7.156,False
train/fall/people(717).jpg,train,fall,leeds_millennium,6.66,0.011,7.552,False
train/fall/people(7170).jpg,train,fall,leeds_millennium,5.36,0.001,7.351,False
train/fall/people(7173).jpg,train,fall,leeds_millennium,4.18,0.053,7.819,False
train/fall/people(7175).jpg,train,fall,leeds_millennium,7.18,0.003,7.049,False
train/fall/people(7178).jpg,train,fall,leeds_millennium,10.54,0.000,7.423,False
train/fall/people(7179).jpg,train,fall,leeds_millennium,9.36,0.001,7.094,False
train/fall/people(7180).jpg,train,fall,leeds_millennium,6.55,0.001,7.210,False
train/fall/people(7181).jpg,train,fall,leeds_millennium,5.99,0.052,7.352,False
train/fall/people(7183).jpg,train,fall,leeds_millennium,5.49,0.035,6.633,False
train/fall/people(7184).jpg,train,fall,leeds_millennium,4.97,0.000,7.092,False
train/fall/people(7187).jpg,train,fall,leeds_millennium,7.93,0.085,7.127,False
train/fall/people(7189).jpg,train,fall,leeds_millennium,7.40,0.000,7.196,False
train/fall/people(7190).jpg,train,fall,leeds_millennium,6.07,0.007,7.447,False
train/fall/people(7194).jpg,train,fall,leeds_millennium,6.80,0.004,7.547,False
train/fall/people(7197).jpg,train,fall,leeds_millennium,3.27,0.005,7.381,False
train/fall/people(7199).jpg,train,fall,leeds_millennium,5.45,0.000,7.179,False
train/fall/people(7201).jpg,train,fall,leeds_millennium,6.70,0.003,7.351,False
train/fall/people(7202).jpg,train,fall,leeds_millennium,6.98,0.005,7.429,False
train/fall/people(7203).jpg,train,fall,leeds_millennium,3.68,0.077,6.672,False
train/fall/people(7204).jpg,train,fall,leeds_millennium,6.92,0.002,7.281,False
train/fall/people(7205).jpg,train,fall,leeds_millennium,6.24,0.032,6.955,False
train/fall/people(7206).jpg,train,fall,leeds_millennium,8.08,0.000,6.770,False
train/fall/people(7207).jpg,train,fall,leeds_millennium,7.37,0.100,7.526,False
train/fall/people(7208).jpg,train,fall,leeds_millennium,9.97,0.001,7.403,False
train/fall/people(7209).jpg,train,fall,leeds_millennium,8.10,0.157,7.557,False
train/fall/people(7210).jpg,train,fall,leeds_millennium,5.02,0.011,7.298,False
train/fall/people(7213).jpg,train,fall,leeds_millennium,3.40,0.000,7.772,False
train/fall/people(7217).jpg,train,fall,leeds_millennium,4.80,0.057,7.741,False
train/fall/people(7218).jpg,train,fall,leeds_millennium,2.58,0.053,7.883,False
train/fall/people(7219).jpg,train,fall,leeds_millennium,4.04,0.011,7.412,False
train/fall/people(7221).jpg,train,fall,leeds_millennium,4.03,0.019,7.590,False
train/fall/people(7222).jpg,train,fall,leeds_millennium,4.85,0.080,7.527,False
train/fall/people(7223).jpg,train,fall,leeds_millennium,5.71,0.070,6.617,False
train/fall/people(7225).jpg,train,fall,leeds_millennium,4.03,0.003,7.695,False
train/fall/people(7226).jpg,train,fall,leeds_millennium,5.47,0.000,6.545,False
train/fall/people(7230).jpg,train,fall,leeds_millennium,4.56,0.000,7.360,False
train/fall/people(7233).jpg,train,fall,leeds_millennium,4.91,0.000,7.146,False
train/fall/people(7237).jpg,train,fall,leeds_millennium,9.14,0.000,7.292,False
train/fall/people(7239).jpg,train,fall,leeds_millennium,5.57,0.000,7.555,False
train/fall/people(724).jpg,train,fall,leeds_millennium,4.83,0.006,7.699,False
train/fall/people(7240).jpg,train,fall,leeds_millennium,4.60,0.010,6.732,False
train/fall/people(7241).jpg,train,fall,leeds_millennium,3.74,0.001,7.514,False
train/fall/people(7242).jpg,train,fall,leeds_millennium,3.25,0.057,7.703,False
train/fall/people(7245).jpg,train,fall,leeds_millennium,5.88,0.021,7.567,False
train/fall/people(7246).jpg,train,fall,leeds_millennium,4.76,0.015,6.891,False
train/fall/people(7247).jpg,train,fall,leeds_millennium,10.77,0.021,7.282,False
train/fall/people(7249).jpg,train,fall,leeds_millennium,5.16,0.094,7.854,False
train/fall/people(7254).jpg,train,fall,leeds_millennium,4.96,0.045,7.212,False
train/fall/people(7255).jpg,train,fall,leeds_millennium,3.94,0.012,7.521,False
train/fall/people(7256).jpg,train,fall,leeds_millennium,6.82,0.000,6.946,False
train/fall/people(7257).jpg,train,fall,leeds_millennium,3.82,0.000,7.636,False
train/fall/people(7258).jpg,train,fall,leeds_millennium,6.03,0.001,6.514,False
train/fall/people(7259).jpg,train,fall,leeds_millennium,5.08,0.047,7.484,False
train/fall/people(726).jpg,train,fall,leeds_millennium,5.38,0.001,7.678,False
train/fall/people(7260).jpg,train,fall,leeds_millennium,6.70,0.010,6.706,False
train/fall/people(7261).jpg,train,fall,leeds_millennium,7.08,0.000,7.246,False
train/fall/people(7263).jpg,train,fall,leeds_millennium,7.51,0.000,6.312,False
train/fall/people(7266).jpg,train,fall,leeds_millennium,19.25,0.001,7.405,True
train/fall/people(7267).jpg,train,fall,leeds_millennium,2.08,0.013,7.800,False
train/fall/people(727).jpg,train,fall,leeds_millennium,6.86,0.000,7.723,False
train/fall/people(7272).jpg,train,fall,leeds_millennium,6.99,0.071,7.151,False
train/fall/people(7276).jpg,train,fall,leeds_millennium,4.86,0.001,7.513,False
train/fall/people(7277).jpg,train,fall,leeds_millennium,8.78,0.000,7.000,False
train/fall/people(7278).jpg,train,fall,leeds_millennium,5.10,0.037,7.419,False
train/fall/people(7279).jpg,train,fall,leeds_millennium,5.14,0.019,7.111,False
train/fall/people(7280).jpg,train,fall,leeds_millennium,8.96,0.000,7.346,False
train/fall/people(7284).jpg,train,fall,leeds_millennium,7.34,0.000,7.077,False
train/fall/people(7285).jpg,train,fall,leeds_millennium,4.64,0.005,7.292,False
train/fall/people(7286).jpg,train,fall,leeds_millennium,4.78,0.006,7.878,False
train/fall/people(7287).jpg,train,fall,leeds_millennium,7.42,0.000,4.962,False
train/fall/people(7288).jpg,train,fall,leeds_millennium,4.10,0.000,6.768,False
train/fall/people(7289).jpg,train,fall,leeds_millennium,11.48,0.028,7.688,False
train/fall/people(7291).jpg,train,fall,leeds_millennium,6.00,0.003,7.647,False
train/fall/people(7296).jpg,train,fall,leeds_millennium,4.74,0.000,7.509,False
train/fall/people(7297).jpg,train,fall,leeds_millennium,3.66,0.002,7.373,False
train/fall/people(7302).jpg,train,fall,leeds_millennium,3.61,0.000,7.462,False
train/fall/people(7303).jpg,train,fall,leeds_millennium,8.83,0.026,7.485,False
train/fall/people(7304).jpg,train,fall,leeds_millennium,3.30,0.000,7.033,False
train/fall/people(7307).jpg,train,fall,leeds_millennium,9.01,0.005,6.055,False
train/fall/people(7308).jpg,train,fall,leeds_millennium,10.43,0.014,6.030,False
train/fall/people(7309).jpg,train,fall,leeds_millennium,5.30,0.085,7.235,False
train/fall/people(731).jpg,train,fall,leeds_millennium,5.83,0.001,7.095,False
train/fall/people(7310).jpg,train,fall,leeds_millennium,7.18,0.000,5.875,False
train/fall/people(7311).jpg,train,fall,leeds_millennium,3.28,0.000,6.898,False
train/fall/people(7312).jpg,train,fall,leeds_millennium,6.91,0.001,7.267,False
train/fall/people(7314).jpg,train,fall,leeds_millennium,4.41,0.025,7.776,False
train/fall/people(7315).jpg,train,fall,leeds_millennium,10.51,0.000,6.910,False
train/fall/people(7316).jpg,train,fall,leeds_millennium,6.67,0.000,7.449,False
train/fall/people(732).jpg,train,fall,leeds_millennium,5.81,0.005,7.621,False
train/fall/people(7323).jpg,train,fall,leeds_millennium,5.80,0.018,7.714,False
train/fall/people(7325).jpg,train,fall,leeds_millennium,2.78,0.014,7.780,False
train/fall/people(7327).jpg,train,fall,leeds_millennium,5.36,0.011,6.777,False
train/fall/people(7332).jpg,train,fall,leeds_millennium,5.92,0.002,6.495,False
train/fall/people(7333).jpg,train,fall,leeds_millennium,6.61,0.044,7.738,False
train/fall/people(7334).jpg,train,fall,leeds_millennium,3.46,0.050,7.685,False
train/fall/people(7335).jpg,train,fall,leeds_millennium,7.18,0.000,7.301,False
train/fall/people(7336).jpg,train,fall,leeds_millennium,5.23,0.002,6.948,False
train/fall/people(7337).jpg,train,fall,leeds_millennium,5.58,0.000,7.120,False
train/fall/people(7339).jpg,train,fall,leeds_millennium,5.89,0.000,6.933,False
train/fall/people(7340).jpg,train,fall,leeds_millennium,5.61,0.033,6.853,False
train/fall/people(7343).jpg,train,fall,leeds_millennium,6.15,0.006,6.743,False
train/fall/people(7346).jpg,train,fall,leeds_millennium,4.21,0.013,7.290,False
train/fall/people(7349).jpg,train,fall,leeds_millennium,4.89,0.002,7.483,False
train/fall/people(7351).jpg,train,fall,leeds_millennium,8.19,0.000,6.142,False
train/fall/people(7352).jpg,train,fall,leeds_millennium,4.93,0.000,7.604,False
train/fall/people(7353).jpg,train,fall,leeds_millennium,4.40,0.000,6.948,False
train/fall/people(7355).jpg,train,fall,leeds_millennium,4.35,0.000,7.596,False
train/fall/people(7356).jpg,train,fall,leeds_millennium,8.25,0.036,7.830,False
train/fall/people(7358).jpg,train,fall,leeds_millennium,6.62,0.024,7.122,False
train/fall/people(7359).jpg,train,fall,leeds_millennium,5.64,0.001,6.862,False
train/fall/people(7361).jpg,train,fall,leeds_millennium,4.53,0.000,7.518,False
train/fall/people(7366).jpg,train,fall,leeds_millennium,6.16,0.012,6.837,False
train/fall/people(7368).jpg,train,fall,leeds_millennium,4.84,0.006,7.037,False
train/fall/people(7369).jpg,train,fall,leeds_millennium,4.97,0.000,7.405,False
train/fall/people(737).jpg,train,fall,leeds_millennium,4.45,0.000,7.547,False
train/fall/people(7370).jpg,train,fall,leeds_millennium,9.06,0.000,7.090,False
train/fall/people(7375).jpg,train,fall,leeds_millennium,7.33,0.037,7.130,False
train/fall/people(7376).jpg,train,fall,leeds_millennium,3.66,0.001,7.772,False
train/fall/people(7378).jpg,train,fall,leeds_millennium,3.92,0.000,7.226,False
train/fall/people(7379).jpg,train,fall,leeds_millennium,5.08,0.000,7.450,False
train/fall/people(7384).jpg,train,fall,leeds_millennium,6.17,0.000,7.340,False
train/fall/people(7388).jpg,train,fall,leeds_millennium,7.21,0.001,7.800,False
train/fall/people(7389).jpg,train,fall,leeds_millennium,4.00,0.008,7.889,False
train/fall/people(7390).jpg,train,fall,leeds_millennium,7.47,0.038,7.231,False
train/fall/people(7392).jpg,train,fall,leeds_millennium,5.67,0.000,7.348,False
train/fall/people(7393).jpg,train,fall,leeds_millennium,5.12,0.000,7.006,False
train/fall/people(7394).jpg,train,fall,leeds_millennium,3.29,0.003,7.110,False
train/fall/people(7395).jpg,train,fall,leeds_millennium,3.35,0.000,7.800,False
train/fall/people(7396).jpg,train,fall,leeds_millennium,5.37,0.000,7.450,False
train/fall/people(7402).jpg,train,fall,leeds_millennium,4.88,0.031,7.460,False
train/fall/people(7403).jpg,train,fall,leeds_millennium,5.27,0.014,7.376,False
train/fall/people(7404).jpg,train,fall,leeds_millennium,5.97,0.000,6.996,False
train/fall/people(7405).jpg,train,fall,leeds_millennium,6.25,0.002,6.126,False
train/fall/people(7407).jpg,train,fall,leeds_millennium,3.67,0.000,7.237,False
train/fall/people(7408).jpg,train,fall,leeds_millennium,19.25,0.000,6.801,True
train/fall/people(7411).jpg,train,fall,leeds_millennium,8.37,0.000,7.662,False
train/fall/people(7413).jpg,train,fall,leeds_millennium,4.43,0.007,7.092,False
train/fall/people(7417).jpg,train,fall,leeds_millennium,8.04,0.014,7.265,False
train/fall/people(7420).jpg,train,fall,leeds_millennium,3.62,0.000,7.874,False
train/fall/people(7421).jpg,train,fall,leeds_millennium,6.92,0.004,5.863,False
train/fall/people(7424).jpg,train,fall,leeds_millennium,4.52,0.000,6.951,False
train/fall/people(7425).jpg,train,fall,leeds_millennium,3.84,0.010,7.682,False
train/fall/people(7428).jpg,train,fall,leeds_millennium,3.47,0.000,7.249,False
train/fall/people(743).jpg,train,fall,leeds_millennium,3.79,0.006,7.726,False
train/fall/people(7431).jpg,train,fall,leeds_millennium,6.10,0.004,7.222,False
train/fall/people(7432).jpg,train,fall,leeds_millennium,6.52,0.000,7.623,False
train/fall/people(7433).jpg,train,fall,leeds_millennium,5.18,0.004,6.824,False
train/fall/people(7434).jpg,train,fall,leeds_millennium,2.87,0.002,7.224,False
train/fall/people(7436).jpg,train,fall,leeds_millennium,9.41,0.001,7.666,False
train/fall/people(7438).jpg,train,fall,leeds_millennium,3.74,0.001,7.678,False
train/fall/people(7440).jpg,train,fall,leeds_millennium,3.09,0.081,7.220,False
train/fall/people(7441).jpg,train,fall,leeds_millennium,4.18,0.002,7.559,False
train/fall/people(7442).jpg,train,fall,leeds_millennium,6.73,0.026,6.015,False
train/fall/people(7443).jpg,train,fall,leeds_millennium,8.17,0.000,6.689,False
train/fall/people(7445).jpg,train,fall,leeds_millennium,8.14,0.011,7.428,False
train/fall/people(7446).jpg,train,fall,leeds_millennium,10.32,0.000,6.932,False
train/fall/people(7447).jpg,train,fall,leeds_millennium,3.41,0.002,7.448,False
train/fall/people(7448).jpg,train,fall,leeds_millennium,5.96,0.029,7.679,False
train/fall/people(7449).jpg,train,fall,leeds_millennium,6.26,0.000,7.160,False
train/fall/people(745).jpg,train,fall,leeds_millennium,6.21,0.019,7.765,False
train/fall/people(7451).jpg,train,fall,leeds_millennium,6.49,0.004,7.779,False
train/fall/people(7453).jpg,train,fall,leeds_millennium,3.30,0.008,7.855,False
train/fall/people(7454).jpg,train,fall,leeds_millennium,6.95,0.006,5.898,False
train/fall/people(7455).jpg,train,fall,leeds_millennium,6.16,0.040,7.786,False
train/fall/people(7457).jpg,train,fall,leeds_millennium,5.83,0.005,7.707,False
train/fall/people(7458).jpg,train,fall,leeds_millennium,3.67,0.001,7.749,False
train/fall/people(7459).jpg,train,fall,leeds_millennium,5.07,0.000,7.578,False
train/fall/people(746).jpg,train,fall,leeds_millennium,6.35,0.000,7.520,False
train/fall/people(7461).jpg,train,fall,leeds_millennium,3.20,0.019,6.912,False
train/fall/people(7462).jpg,train,fall,leeds_millennium,6.62,0.199,7.150,False
train/fall/people(7465).jpg,train,fall,leeds_millennium,8.19,0.000,6.257,False
train/fall/people(7466).jpg,train,fall,leeds_millennium,9.10,0.006,6.651,False
train/fall/people(7468).jpg,train,fall,leeds_millennium,4.39,0.007,7.459,False
train/fall/people(7471).jpg,train,fall,leeds_millennium,6.11,0.000,6.720,False
train/fall/people(7472).jpg,train,fall,leeds_millennium,3.63,0.000,7.483,False
train/fall/people(7473).jpg,train,fall,leeds_millennium,4.27,0.031,7.327,False
train/fall/people(7475).jpg,train,fall,leeds_millennium,7.10,0.055,7.688,False
train/fall/people(7480).jpg,train,fall,leeds_millennium,3.73,0.001,7.810,False
train/fall/people(7484).jpg,train,fall,leeds_millennium,10.73,0.000,5.144,False
train/fall/people(7485).jpg,train,fall,leeds_millennium,3.68,0.038,7.473,False
train/fall/people(7486).jpg,train,fall,leeds_millennium,5.86,0.024,7.496,False
train/fall/people(7493).jpg,train,fall,leeds_millennium,6.73,0.040,6.110,False
train/fall/people(7494).jpg,train,fall,leeds_millennium,4.88,0.041,6.671,False
train/fall/people(7497).jpg,train,fall,leeds_millennium,6.91,0.004,6.971,False
train/fall/people(7499).jpg,train,fall,leeds_millennium,2.43,0.002,7.560,False
train/fall/people(7500).jpg,train,fall,leeds_millennium,7.28,0.261,6.271,False
train/fall/people(7503).jpg,train,fall,leeds_millennium,3.48,0.001,7.727,False
train/fall/people(7506).jpg,train,fall,leeds_millennium,6.88,0.013,6.686,False
train/fall/people(7507).jpg,train,fall,leeds_millennium,8.49,0.000,6.035,False
train/fall/people(7511).jpg,train,fall,leeds_millennium,8.02,0.002,6.666,False
train/fall/people(7514).jpg,train,fall,leeds_millennium,5.92,0.000,7.639,False
train/fall/people(7515).jpg,train,fall,leeds_millennium,3.62,0.423,6.033,True
train/fall/people(7520).jpg,train,fall,leeds_millennium,8.88,0.005,7.232,False
train/fall/people(7521).jpg,train,fall,leeds_millennium,4.29,0.000,7.729,False
train/fall/people(7525).jpg,train,fall,leeds_millennium,2.53,0.184,7.374,False
train/fall/people(7530).jpg,train,fall,leeds_millennium,3.20,0.022,6.780,False
train/fall/people(7532).jpg,train,fall,leeds_millennium,4.07,0.046,7.415,False
train/fall/people(7534).jpg,train,fall,leeds_millennium,5.63,0.000,7.694,False
train/fall/people(7537).jpg,train,fall,leeds_millennium,9.24,0.003,6.597,False
train/fall/people(7545).jpg,train,fall,leeds_millennium,2.48,0.001,7.235,False
train/fall/people(7546).jpg,train,fall,leeds_millennium,6.31,0.104,6.994,False
train/fall/people(7551).jpg,train,fall,leeds_millennium,4.85,0.009,7.675,False
train/fall/people(7553).jpg,train,fall,leeds_millennium,8.75,0.006,7.478,False
train/fall/people(7554).jpg,train,fall,leeds_millennium,3.59,0.004,7.440,False
train/fall/people(7556).jpg,train,fall,leeds_millennium,10.85,0.000,5.428,False
train/fall/people(7559).jpg,train,fall,leeds_millennium,10.94,0.002,4.979,False
train/fall/people(7560).jpg,train,fall,leeds_millennium,3.49,0.002,7.640,False
train/fall/people(7565).jpg,train,fall,leeds_millennium,5.51,0.126,7.434,False
train/fall/people(7570).jpg,train,fall,leeds_millennium,20.06,0.000,6.754,True
train/fall/people(7572).jpg,train,fall,leeds_millennium,5.17,0.000,7.660,False
train/fall/people(7577).jpg,train,fall,leeds_millennium,4.61,0.001,7.015,False
train/fall/people(7579).jpg,train,fall,leeds_millennium,4.99,0.051,7.734,False
train/fall/people(7583).jpg,train,fall,leeds_millennium,4.02,0.004,6.636,False
train/fall/people(7587).jpg,train,fall,leeds_millennium,5.51,0.008,7.834,False
train/fall/people(7590).jpg,train,fall,leeds_millennium,4.33,0.029,7.669,False
train/fall/people(7592).jpg,train,fall,leeds_millennium,5.95,0.015,7.101,False
train/fall/people(7595).jpg,train,fall,leeds_millennium,6.70,0.000,7.215,False
train/fall/people(7597).jpg,train,fall,leeds_millennium,3.86,0.002,6.909,False
train/fall/people(7599).jpg,train,fall,leeds_millennium,15.95,0.094,6.783,True
train/fall/people(760).jpg,train,fall,leeds_millennium,10.91,0.000,7.277,False
train/fall/people(7605).jpg,train,fall,leeds_millennium,3.48,0.004,7.251,False
train/fall/people(7606).jpg,train,fall,leeds_millennium,7.82,0.012,7.256,False
train/fall/people(7613).jpg,train,fall,leeds_millennium,5.57,0.000,7.234,False
train/fall/people(7614).jpg,train,fall,leeds_millennium,7.13,0.000,7.237,False
train/fall/people(7615).jpg,train,fall,leeds_millennium,4.31,0.000,7.581,False
train/fall/people(7616).jpg,train,fall,leeds_millennium,6.42,0.014,7.410,False
train/fall/people(7617).jpg,train,fall,leeds_millennium,5.42,0.000,6.286,False
train/fall/people(7618).jpg,train,fall,leeds_millennium,5.62,0.004,6.351,False
train/fall/people(7620).jpg,train,fall,leeds_millennium,5.49,0.003,6.884,False
train/fall/people(7623).jpg,train,fall,leeds_millennium,4.00,0.000,7.548,False
train/fall/people(7624).jpg,train,fall,leeds_millennium,5.00,0.063,7.708,False
train/fall/people(7625).jpg,train,fall,leeds_millennium,3.22,0.019,7.802,False
train/fall/people(7630).jpg,train,fall,leeds_millennium,6.93,0.000,6.552,False
train/fall/people(7635).jpg,train,fall,leeds_millennium,4.47,0.000,7.386,False
train/fall/people(7637).jpg,train,fall,leeds_millennium,4.81,0.008,6.509,False
train/fall/people(7641).jpg,train,fall,leeds_millennium,7.45,0.001,7.078,False
train/fall/people(7642).jpg,train,fall,leeds_millennium,8.62,0.008,7.199,False
train/fall/people(7646).jpg,train,fall,leeds_millennium,3.02,0.020,7.747,False
train/fall/people(7647).jpg,train,fall,leeds_millennium,6.93,0.000,6.519,False
train/fall/people(7648).jpg,train,fall,leeds_millennium,5.43,0.000,7.396,False
train/fall/people(765).jpg,train,fall,leeds_millennium,9.26,0.003,7.292,False
train/fall/people(7651).jpg,train,fall,leeds_millennium,5.83,0.001,6.287,False
train/fall/people(7652).jpg,train,fall,leeds_millennium,6.25,0.000,7.253,False
train/fall/people(7655).jpg,train,fall,leeds_millennium,5.47,0.006,7.673,False
train/fall/people(7660).jpg,train,fall,leeds_millennium,7.88,0.076,7.518,False
train/fall/people(7661).jpg,train,fall,leeds_millennium,4.85,0.004,7.450,False
train/fall/people(7664).jpg,train,fall,leeds_millennium,3.76,0.003,7.125,False
train/fall/people(767).jpg,train,fall,leeds_millennium,10.08,0.000,7.464,False
train/fall/people(7673).jpg,train,fall,leeds_millennium,6.39,0.000,7.660,False
train/fall/people(7674).jpg,train,fall,leeds_millennium,5.91,0.003,7.515,False
train/fall/people(768).jpg,train,fall,leeds_millennium,6.53,0.032,7.583,False
train/fall/people(7680).jpg,train,fall,leeds_millennium,8.86,0.000,5.057,False
train/fall/people(7685).jpg,train,fall,leeds_millennium,3.38,0.029,7.731,False
train/fall/people(7688).jpg,train,fall,leeds_millennium,7.67,0.015,7.542,False
train/fall/people(7689).jpg,train,fall,leeds_millennium,4.73,0.014,7.549,False
train/fall/people(7691).jpg,train,fall,leeds_millennium,6.17,0.023,6.963,False
train/fall/people(7692).jpg,train,fall,leeds_millennium,6.95,0.000,6.749,False
train/fall/people(7693).jpg,train,fall,leeds_millennium,5.12,0.001,7.161,False
train/fall/people(7694).jpg,train,fall,leeds_millennium,4.82,0.028,7.470,False
train/fall/people(7695).jpg,train,fall,leeds_millennium,5.50,0.016,7.533,False
train/fall/people(7701).jpg,train,fall,leeds_millennium,6.98,0.005,6.694,False
train/fall/people(7703).jpg,train,fall,leeds_millennium,7.20,0.040,7.425,False
train/fall/people(7705).jpg,train,fall,leeds_millennium,5.64,0.005,7.221,False
train/fall/people(7710).jpg,train,fall,leeds_millennium,4.84,0.023,6.734,False
train/fall/people(7715).jpg,train,fall,leeds_millennium,12.70,0.018,7.582,False
train/fall/people(7717).jpg,train,fall,leeds_millennium,6.71,0.020,7.189,False
train/fall/people(7718).jpg,train,fall,leeds_millennium,4.59,0.024,6.994,False
train/fall/people(7724).jpg,train,fall,leeds_millennium,8.82,0.007,6.803,False
train/fall/people(7726).jpg,train,fall,leeds_millennium,4.47,0.034,5.883,False
train/fall/people(7727).jpg,train,fall,leeds_millennium,8.43,0.026,7.161,False
train/fall/people(7731).jpg,train,fall,leeds_millennium,5.53,0.007,6.402,False
train/fall/people(7733).jpg,train,fall,leeds_millennium,5.01,0.003,7.468,False
train/fall/people(7744).jpg,train,fall,leeds_millennium,9.47,0.026,6.174,False
train/fall/people(7751).jpg,train,fall,leeds_millennium,7.40,0.001,6.930,False
train/fall/people(7753).jpg,train,fall,leeds_millennium,7.36,0.200,7.140,False
train/fall/people(7754).jpg,train,fall,leeds_millennium,6.40,0.001,6.218,False
train/fall/people(7755).jpg,train,fall,leeds_millennium,5.18,0.000,7.661,False
train/fall/people(7757).jpg,train,fall,leeds_millennium,6.93,0.000,7.530,False
train/fall/people(7758).jpg,train,fall,leeds_millennium,5.88,0.005,7.275,False
train/fall/people(7760).jpg,train,fall,leeds_millennium,3.28,0.011,7.525,False
train/fall/people(7761).jpg,train,fall,leeds_millennium,6.27,0.000,7.343,False
train/fall/people(7763).jpg,train,fall,leeds_millennium,6.87,0.000,7.290,False
train/fall/people(7764).jpg,train,fall,leeds_millennium,6.36,0.019,7.099,False
train/fall/people(7766).jpg,train,fall,leeds_millennium,6.86,0.002,6.195,False
train/fall/people(777).jpg,train,fall,leeds_millennium,7.41,0.001,7.363,False
train/fall/people(7771).jpg,train,fall,leeds_millennium,5.69,0.014,6.987,False
train/fall/people(7773).jpg,train,fall,leeds_millennium,4.14,0.029,7.371,False
train/fall/people(7775).jpg,train,fall,leeds_millennium,2.91,0.013,7.708,False
train/fall/people(7776).jpg,train,fall,leeds_millennium,7.30,0.000,7.138,False
train/fall/people(7781).jpg,train,fall,leeds_millennium,6.63,0.000,6.495,False
train/fall/people(7782).jpg,train,fall,leeds_millennium,4.69,0.034,7.547,False
train/fall/people(7783).jpg,train,fall,leeds_millennium,3.55,0.022,7.448,False
train/fall/people(7786).jpg,train,fall,leeds_millennium,4.82,0.000,7.354,False
train/fall/people(7789).jpg,train,fall,leeds_millennium,5.19,0.000,6.627,False
train/fall/people(779).jpg,train,fall,leeds_millennium,6.52,0.028,7.596,False
train/fall/people(7792).jpg,train,fall,leeds_millennium,6.81,0.056,6.655,False
train/fall/people(7794).jpg,train,fall,leeds_millennium,3.15,0.007,7.825,False
train/fall/people(7799).jpg,train,fall,leeds_millennium,5.12,0.000,7.346,False
train/fall/people(78).jpg,train,fall,leeds_millennium,6.68,0.000,7.644,False
train/fall/people(7800).jpg,train,fall,leeds_millennium,5.13,0.079,7.741,False
train/fall/people(7802).jpg,train,fall,leeds_millennium,3.10,0.025,6.906,False
train/fall/people(7805).jpg,train,fall,leeds_millennium,3.74,0.060,7.541,False
train/fall/people(7808).jpg,train,fall,leeds_millennium,6.03,0.076,7.834,False
train/fall/people(7810).jpg,train,fall,leeds_millennium,3.28,0.069,7.558,False
train/fall/people(7812).jpg,train,fall,leeds_millennium,8.53,0.000,6.299,False
train/fall/people(7813).jpg,train,fall,leeds_millennium,3.74,0.068,7.554,False
train/fall/people(7816).jpg,train,fall,leeds_millennium,3.63,0.002,7.723,False
train/fall/people(7817).jpg,train,fall,leeds_millennium,5.65,0.014,7.485,False
train/fall/people(7818).jpg,train,fall,leeds_millennium,5.47,0.002,7.819,False
train/fall/people(782).jpg,train,fall,leeds_millennium,14.79,0.008,7.482,False
train/fall/people(7820).jpg,train,fall,leeds_millennium,4.04,0.001,7.816,False
train/fall/people(7825).jpg,train,fall,leeds_millennium,3.10,0.001,7.445,False
train/fall/people(7827).jpg,train,fall,leeds_millennium,11.12,0.000,6.006,False
train/fall/people(7829).jpg,train,fall,leeds_millennium,8.35,0.002,6.754,False
train/fall/people(7832).jpg,train,fall,leeds_millennium,4.40,0.000,7.537,False
train/fall/people(7834).jpg,train,fall,leeds_millennium,7.07,0.003,6.168,False
train/fall/people(7837).jpg,train,fall,leeds_millennium,2.83,0.026,7.402,False
train/fall/people(7841).jpg,train,fall,leeds_millennium,11.97,0.004,5.412,False
train/fall/people(7842).jpg,train,fall,leeds_millennium,5.34,0.004,7.647,False
train/fall/people(7845).jpg,train,fall,leeds_millennium,5.55,0.011,7.690,False
train/fall/people(7853).jpg,train,fall,leeds_millennium,6.97,0.004,6.728,False
train/fall/people(7855).jpg,train,fall,leeds_millennium,8.60,0.033,7.744,False
train/fall/people(7856).jpg,train,fall,leeds_millennium,7.19,0.003,7.514,False
train/fall/people(7857).jpg,train,fall,leeds_millennium,6.11,0.015,5.973,False
train/fall/people(7859).jpg,train,fall,leeds_millennium,4.60,0.013,7.563,False
train/fall/people(7861).jpg,train,fall,leeds_millennium,8.54,0.000,6.872,False
train/fall/people(7862).jpg,train,fall,leeds_millennium,5.34,0.029,6.745,False
train/fall/people(7865).jpg,train,fall,leeds_millennium,3.10,0.003,7.396,False
train/fall/people(7868).jpg,train,fall,leeds_millennium,9.03,0.000,7.234,False
train/fall/people(7871).jpg,train,fall,leeds_millennium,3.63,0.007,7.360,False
train/fall/people(7873).jpg,train,fall,leeds_millennium,6.90,0.009,6.721,False
train/fall/people(7874).jpg,train,fall,leeds_millennium,5.27,0.000,5.919,False
train/fall/people(7876).jpg,train,fall,leeds_millennium,7.42,0.009,6.770,False
train/fall/people(7879).jpg,train,fall,leeds_millennium,5.33,0.022,7.513,False
train/fall/people(7882).jpg,train,fall,leeds_millennium,6.20,0.001,7.316,False
train/fall/people(7885).jpg,train,fall,leeds_millennium,3.85,0.000,7.307,False
train/fall/people(7890).jpg,train,fall,leeds_millennium,5.31,0.008,7.717,False
train/fall/people(7895).jpg,train,fall,leeds_millennium,11.72,0.002,7.109,False
train/fall/people(7896).jpg,train,fall,leeds_millennium,7.96,0.000,7.282,False
train/fall/people(7897).jpg,train,fall,leeds_millennium,8.22,0.021,7.344,False
train/fall/people(7898).jpg,train,fall,leeds_millennium,7.37,0.032,7.124,False
train/fall/people(7899).jpg,train,fall,leeds_millennium,8.94,0.000,6.711,False
train/fall/people(79).jpg,train,fall,leeds_millennium,3.20,0.000,7.174,False
train/fall/people(7902).jpg,train,fall,leeds_millennium,4.15,0.046,7.610,False
train/fall/people(7903).jpg,train,fall,leeds_millennium,7.29,0.046,7.396,False
train/fall/people(7905).jpg,train,fall,leeds_millennium,3.53,0.000,7.766,False
train/fall/people(7907).jpg,train,fall,leeds_millennium,6.82,0.020,7.513,False
train/fall/people(7908).jpg,train,fall,leeds_millennium,3.95,0.002,7.530,False
train/fall/people(7912).jpg,train,fall,leeds_millennium,8.12,0.123,6.918,False
train/fall/people(7913).jpg,train,fall,leeds_millennium,3.44,0.008,7.569,False
train/fall/people(7915).jpg,train,fall,leeds_millennium,5.52,0.000,7.696,False
train/fall/people(7916).jpg,train,fall,leeds_millennium,18.33,0.000,7.430,True
train/fall/people(7917).jpg,train,fall,leeds_millennium,4.03,0.018,7.537,False
train/fall/people(7918).jpg,train,fall,leeds_millennium,5.86,0.002,6.764,False
train/fall/people(7925).jpg,train,fall,leeds_millennium,10.00,0.007,6.903,False
train/fall/people(7928).jpg,train,fall,leeds_millennium,4.24,0.012,7.144,False
train/fall/people(7929).jpg,train,fall,leeds_millennium,4.72,0.016,7.638,False
train/fall/people(7930).jpg,train,fall,leeds_millennium,5.92,0.012,7.831,False
train/fall/people(7934).jpg,train,fall,leeds_millennium,10.18,0.018,7.105,False
train/fall/people(7935).jpg,train,fall,leeds_millennium,6.63,0.017,7.216,False
train/fall/people(7936).jpg,train,fall,leeds_millennium,6.66,0.000,7.257,False
train/fall/people(7937).jpg,train,fall,leeds_millennium,5.25,0.007,6.478,False
train/fall/people(7939).jpg,train,fall,leeds_millennium,7.86,0.002,6.273,False
train/fall/people(7952).jpg,train,fall,leeds_millennium,4.15,0.011,7.609,False
train/fall/people(7954).jpg,train,fall,leeds_millennium,4.87,0.005,6.925,False
train/fall/people(7959).jpg,train,fall,leeds_millennium,7.80,0.000,7.618,False
train/fall/people(7960).jpg,train,fall,leeds_millennium,8.16,0.002,7.353,False
train/fall/people(7961).jpg,train,fall,leeds_millennium,3.49,0.072,7.491,False
train/fall/people(7963).jpg,train,fall,leeds_millennium,8.77,0.064,7.520,False
train/fall/people(7964).jpg,train,fall,leeds_millennium,3.17,0.061,7.592,False
train/fall/people(7966).jpg,train,fall,leeds_millennium,8.29,0.000,6.938,False
train/fall/people(7967).jpg,train,fall,leeds_millennium,4.69,0.065,7.269,False
train/fall/people(7969).jpg,train,fall,leeds_millennium,6.98,0.001,7.047,False
train/fall/people(7971).jpg,train,fall,leeds_millennium,8.15,0.000,6.417,False
train/fall/people(7972).jpg,train,fall,leeds_millennium,3.18,0.000,7.754,False
train/fall/people(7975).jpg,train,fall,leeds_millennium,9.14,0.006,7.496,False
train/fall/people(7978).jpg,train,fall,leeds_millennium,4.00,0.001,7.400,False
train/fall/people(7981).jpg,train,fall,leeds_millennium,6.54,0.000,6.828,False
train/fall/people(7986).jpg,train,fall,leeds_millennium,2.25,0.001,7.707,False
train/fall/people(7987).jpg,train,fall,leeds_millennium,5.64,0.007,6.637,False
train/fall/people(7988).jpg,train,fall,leeds_millennium,12.34,0.000,7.078,False
train/fall/people(7989).jpg,train,fall,leeds_millennium,7.48,0.023,5.688,False
train/fall/people(8000).jpg,train,fall,leeds_millennium,8.85,0.007,7.332,False
train/fall/people(8001).jpg,train,fall,leeds_millennium,5.43,0.005,7.461,False
train/fall/people(8002).jpg,train,fall,leeds_millennium,5.12,0.005,5.928,False
train/fall/people(8003).jpg,train,fall,leeds_millennium,6.60,0.000,7.041,False
train/fall/people(8004).jpg,train,fall,leeds_millennium,2.16,0.002,7.728,False
train/fall/people(8005).jpg,train,fall,leeds_millennium,15.87,0.024,5.596,True
train/fall/people(8006).jpg,train,fall,leeds_millennium,9.66,0.007,7.426,False
train/fall/people(8007).jpg,train,fall,leeds_millennium,12.27,0.000,6.796,False
train/fall/people(801).jpg,train,fall,leeds_millennium,4.93,0.001,7.670,False
train/fall/people(8011).jpg,train,fall,leeds_millennium,7.54,0.000,6.781,False
train/fall/people(8013).jpg,train,fall,leeds_millennium,4.46,0.000,6.558,False
train/fall/people(8015).jpg,train,fall,leeds_millennium,4.42,0.130,7.575,False
train/fall/people(8016).jpg,train,fall,leeds_millennium,6.26,0.004,7.110,False
train/fall/people(8017).jpg,train,fall,leeds_millennium,6.63,0.019,6.638,False
train/fall/people(8022).jpg,train,fall,leeds_millennium,3.65,0.045,7.609,False
train/fall/people(8023).jpg,train,fall,leeds_millennium,4.02,0.157,7.562,False
train/fall/people(8024).jpg,train,fall,leeds_millennium,11.36,0.001,6.778,False
train/fall/people(8026).jpg,train,fall,leeds_millennium,4.15,0.007,7.178,False
train/fall/people(8027).jpg,train,fall,leeds_millennium,3.38,0.071,6.864,False
train/fall/people(8029).jpg,train,fall,leeds_millennium,4.98,0.004,7.598,False
train/fall/people(803).jpg,train,fall,leeds_millennium,7.24,0.000,7.440,False
train/fall/people(8030).jpg,train,fall,leeds_millennium,5.46,0.001,7.102,False
train/fall/people(8031).jpg,train,fall,leeds_millennium,4.25,0.001,6.851,False
train/fall/people(8032).jpg,train,fall,leeds_millennium,4.98,0.034,7.533,False
train/fall/people(8034).jpg,train,fall,leeds_millennium,6.64,0.000,7.253,False
train/fall/people(8035).jpg,train,fall,leeds_millennium,9.49,0.060,7.480,False
train/fall/people(8037).jpg,train,fall,leeds_millennium,8.03,0.023,5.790,False
train/fall/people(8039).jpg,train,fall,leeds_millennium,5.65,0.038,7.195,False
train/fall/people(804).jpg,train,fall,leeds_millennium,6.86,0.015,7.709,False
train/fall/people(8042).jpg,train,fall,leeds_millennium,3.48,0.000,7.446,False
train/fall/people(8043).jpg,train,fall,leeds_millennium,2.68,0.053,7.725,False
train/fall/people(8048).jpg,train,fall,leeds_millennium,4.47,0.002,7.288,False
train/fall/people(8049).jpg,train,fall,leeds_millennium,6.79,0.000,6.833,False
train/fall/people(8050).jpg,train,fall,leeds_millennium,4.14,0.006,7.759,False
train/fall/people(8051).jpg,train,fall,leeds_millennium,4.12,0.000,7.305,False
train/fall/people(8053).jpg,train,fall,leeds_millennium,9.41,0.001,7.057,False
train/fall/people(8054).jpg,train,fall,leeds_millennium,2.91,0.000,7.698,False
train/fall/people(8055).jpg,train,fall,leeds_millennium,2.97,0.012,7.783,False
train/fall/people(8056).jpg,train,fall,leeds_millennium,4.52,0.000,7.662,False
train/fall/people(8057).jpg,train,fall,leeds_millennium,5.03,0.021,7.728,False
train/fall/people(8058).jpg,train,fall,leeds_millennium,2.58,0.006,7.729,False
train/fall/people(8059).jpg,train,fall,leeds_millennium,5.67,0.000,6.988,False
train/fall/people(806).jpg,train,fall,leeds_millennium,3.45,0.062,7.554,False
train/fall/people(8060).jpg,train,fall,leeds_millennium,4.24,0.003,7.613,False
train/fall/people(8061).jpg,train,fall,leeds_millennium,10.33,0.000,6.402,False
train/fall/people(8063).jpg,train,fall,leeds_millennium,4.51,0.226,7.509,False
train/fall/people(8064).jpg,train,fall,leeds_millennium,4.21,0.002,7.513,False
train/fall/people(8066).jpg,train,fall,leeds_millennium,4.40,0.000,7.415,False
train/fall/people(8067).jpg,train,fall,leeds_millennium,7.96,0.008,7.304,False
train/fall/people(8068).jpg,train,fall,leeds_millennium,8.31,0.000,6.581,False
train/fall/people(8069).jpg,train,fall,leeds_millennium,6.25,0.001,7.569,False
train/fall/people(8073).jpg,train,fall,leeds_millennium,6.55,0.001,6.923,False
train/fall/people(8075).jpg,train,fall,leeds_millennium,6.23,0.001,7.395,False
train/fall/people(8076).jpg,train,fall,leeds_millennium,4.17,0.011,7.640,False
train/fall/people(8079).jpg,train,fall,leeds_millennium,4.42,0.001,7.716,False
train/fall/people(8081).jpg,train,fall,leeds_millennium,5.67,0.000,7.522,False
train/fall/people(8091).jpg,train,fall,leeds_millennium,9.20,0.002,6.300,False
train/fall/people(8092).jpg,train,fall,leeds_millennium,4.54,0.071,7.759,False
train/fall/people(8094).jpg,train,fall,leeds_millennium,4.60,0.026,7.641,False
train/fall/people(8097).jpg,train,fall,leeds_millennium,7.91,0.017,7.376,False
train/fall/people(8102).jpg,train,fall,leeds_millennium,9.44,0.000,7.237,False
train/fall/people(8103).jpg,train,fall,leeds_millennium,6.13,0.018,7.852,False
train/fall/people(8104).jpg,train,fall,leeds_millennium,3.63,0.003,7.178,False
train/fall/people(8105).jpg,train,fall,leeds_millennium,6.23,0.000,7.334,False
train/fall/people(8107).jpg,train,fall,leeds_millennium,7.93,0.008,6.197,False
train/fall/people(811).jpg,train,fall,leeds_millennium,7.54,0.002,7.375,False
train/fall/people(8110).jpg,train,fall,leeds_millennium,7.69,0.007,7.009,False
train/fall/people(8112).jpg,train,fall,leeds_millennium,4.05,0.000,7.604,False
train/fall/people(8113).jpg,train,fall,leeds_millennium,8.19,0.000,7.500,False
train/fall/people(8115).jpg,train,fall,leeds_millennium,4.92,0.039,7.184,False
train/fall/people(8117).jpg,train,fall,leeds_millennium,7.53,0.000,7.384,False
train/fall/people(8119).jpg,train,fall,leeds_millennium,4.42,0.001,7.225,False
train/fall/people(8124).jpg,train,fall,leeds_millennium,5.81,0.000,7.435,False
train/fall/people(8125).jpg,train,fall,leeds_millennium,4.45,0.003,7.786,False
train/fall/people(8126).jpg,train,fall,leeds_millennium,5.71,0.016,7.659,False
train/fall/people(8127).jpg,train,fall,leeds_millennium,11.96,0.000,7.548,False
train/fall/people(8137).jpg,train,fall,leeds_millennium,6.56,0.003,5.520,False
train/fall/people(8141).jpg,train,fall,leeds_millennium,3.74,0.000,7.443,False
train/fall/people(8143).jpg,train,fall,leeds_millennium,5.37,0.007,7.556,False
train/fall/people(8145).jpg,train,fall,leeds_millennium,4.29,0.061,7.595,False
train/fall/people(8146).jpg,train,fall,leeds_millennium,2.38,0.025,7.927,False
train/fall/people(8149).jpg,train,fall,leeds_millennium,4.67,0.005,7.749,False
train/fall/people(8151).jpg,train,fall,leeds_millennium,4.71,0.030,7.282,False
train/fall/people(8152).jpg,train,fall,leeds_millennium,4.08,0.053,7.469,False
train/fall/people(8153).jpg,train,fall,leeds_millennium,5.65,0.008,7.338,False
train/fall/people(8154).jpg,train,fall,leeds_millennium,7.83,0.034,7.501,False
train/fall/people(8155).jpg,train,fall,leeds_millennium,4.59,0.454,6.352,True
train/fall/people(8156).jpg,train,fall,leeds_millennium,5.77,0.005,7.837,False
train/fall/people(8157).jpg,train,fall,leeds_millennium,7.62,0.004,6.815,False
train/fall/people(8162).jpg,train,fall,leeds_millennium,5.33,0.074,7.576,False
train/fall/people(8163).jpg,train,fall,leeds_millennium,5.70,0.029,6.690,False
train/fall/people(8164).jpg,train,fall,leeds_millennium,3.77,0.015,7.645,False
train/fall/people(8167).jpg,train,fall,leeds_millennium,5.40,0.000,7.754,False
train/fall/people(8171).jpg,train,fall,leeds_millennium,7.54,0.005,6.401,False
train/fall/people(8173).jpg,train,fall,leeds_millennium,11.14,0.002,7.114,False
train/fall/people(8181).jpg,train,fall,leeds_millennium,4.18,0.031,6.655,False
train/fall/people(8184).jpg,train,fall,leeds_millennium,12.20,0.008,7.845,False
train/fall/people(8192).jpg,train,fall,leeds_millennium,4.66,0.002,7.535,False
train/fall/people(8194).jpg,train,fall,leeds_millennium,5.63,0.028,5.536,False
train/fall/people(8195).jpg,train,fall,leeds_millennium,3.49,0.000,7.702,False
train/fall/people(8196).jpg,train,fall,leeds_millennium,6.07,0.109,7.259,False
train/fall/people(8198).jpg,train,fall,leeds_millennium,2.58,0.014,7.427,False
train/fall/people(8201).jpg,train,fall,leeds_millennium,5.44,0.000,7.015,False
train/fall/people(8202).jpg,train,fall,leeds_millennium,4.36,0.010,7.605,False
train/fall/people(8203).jpg,train,fall,leeds_millennium,9.12,0.001,7.357,False
train/fall/people(8207).jpg,train,fall,leeds_millennium,3.89,0.000,7.702,False
train/fall/people(8214).jpg,train,fall,leeds_millennium,6.49,0.148,6.749,False
train/fall/people(8215).jpg,train,fall,leeds_millennium,6.56,0.070,7.033,False
train/fall/people(8217).jpg,train,fall,leeds_millennium,3.55,0.024,7.822,False
train/fall/people(8219).jpg,train,fall,leeds_millennium,7.86,0.001,7.080,False
train/fall/people(822).jpg,train,fall,leeds_millennium,3.78,0.000,7.501,False
train/fall/people(8222).jpg,train,fall,leeds_millennium,4.36,0.000,7.691,False
train/fall/people(8223).jpg,train,fall,leeds_millennium,6.95,0.000,7.331,False
train/fall/people(8225).jpg,train,fall,leeds_millennium,4.91,0.000,7.495,False
train/fall/people(8226).jpg,train,fall,leeds_millennium,5.94,0.015,7.278,False
train/fall/people(8229).jpg,train,fall,leeds_millennium,7.04,0.000,7.024,False
train/fall/people(823).jpg,train,fall,leeds_millennium,8.76,0.069,7.881,False
train/fall/people(8230).jpg,train,fall,leeds_millennium,8.09,0.013,6.544,False
train/fall/people(8239).jpg,train,fall,leeds_millennium,7.97,0.000,7.474,False
train/fall/people(8240).jpg,train,fall,leeds_millennium,6.65,0.000,7.015,False
train/fall/people(8241).jpg,train,fall,leeds_millennium,6.07,0.016,7.437,False
train/fall/people(8244).jpg,train,fall,leeds_millennium,5.94,0.009,7.736,False
train/fall/people(8245).jpg,train,fall,leeds_millennium,12.42,0.000,7.368,False
train/fall/people(8246).jpg,train,fall,leeds_millennium,10.47,0.000,7.089,False
train/fall/people(8251).jpg,train,fall,leeds_millennium,10.43,0.000,7.301,False
train/fall/people(8255).jpg,train,fall,leeds_millennium,5.43,0.053,7.321,False
train/fall/people(8256).jpg,train,fall,leeds_millennium,4.91,0.002,7.510,False
train/fall/people(8259).jpg,train,fall,leeds_millennium,5.65,0.053,7.663,False
train/fall/people(8260).jpg,train,fall,leeds_millennium,3.93,0.023,7.595,False
train/fall/people(8261).jpg,train,fall,leeds_millennium,4.36,0.007,7.088,False
train/fall/people(8263).jpg,train,fall,leeds_millennium,4.78,0.000,7.641,False
train/fall/people(8265).jpg,train,fall,leeds_millennium,4.87,0.001,7.069,False
train/fall/people(8267).jpg,train,fall,leeds_millennium,6.11,0.007,6.752,False
train/fall/people(8268).jpg,train,fall,leeds_millennium,11.69,0.032,7.596,False
train/fall/people(8269).jpg,train,fall,leeds_millennium,7.19,0.000,7.509,False
train/fall/people(8271).jpg,train,fall,leeds_millennium,16.78,0.002,7.307,True
train/fall/people(8273).jpg,train,fall,leeds_millennium,6.19,0.000,7.690,False
train/fall/people(8274).jpg,train,fall,leeds_millennium,3.98,0.006,6.991,False
train/fall/people(8278).jpg,train,fall,leeds_millennium,3.74,0.000,7.484,False
train/fall/people(8279).jpg,train,fall,leeds_millennium,3.99,0.008,7.002,False
train/fall/people(8280).jpg,train,fall,leeds_millennium,7.22,0.002,6.996,False
train/fall/people(8285).jpg,train,fall,leeds_millennium,4.46,0.001,7.318,False
train/fall/people(829).jpg,train,fall,leeds_millennium,6.12,0.026,7.760,False
train/fall/people(8290).jpg,train,fall,leeds_millennium,5.07,0.001,7.495,False
train/fall/people(8294).jpg,train,fall,leeds_millennium,5.00,0.000,6.990,False
train/fall/people(8295).jpg,train,fall,leeds_millennium,5.20,0.001,7.399,False
train/fall/people(8296).jpg,train,fall,leeds_millennium,9.86,0.014,7.407,False
train/fall/people(8299).jpg,train,fall,leeds_millennium,7.14,0.013,6.303,False
train/fall/people(83).jpg,train,fall,leeds_millennium,5.24,0.030,7.551,False
train/fall/people(8302).jpg,train,fall,leeds_millennium,7.71,0.012,7.559,False
train/fall/people(8303).jpg,train,fall,leeds_millennium,9.65,0.029,6.294,False
train/fall/people(8304).jpg,train,fall,leeds_millennium,7.15,0.327,6.664,False
train/fall/people(8306).jpg,train,fall,leeds_millennium,6.25,0.008,6.055,False
train/fall/people(8308).jpg,train,fall,leeds_millennium,6.43,0.063,6.968,False
train/fall/people(831).jpg,train,fall,leeds_millennium,4.68,0.005,7.683,False
train/fall/people(8310).jpg,train,fall,leeds_millennium,2.78,0.000,7.349,False
train/fall/people(8316).jpg,train,fall,leeds_millennium,9.32,0.000,6.422,False
train/fall/people(8317).jpg,train,fall,leeds_millennium,5.07,0.050,7.859,False
train/fall/people(832).jpg,train,fall,leeds_millennium,4.57,0.000,7.706,False
train/fall/people(8320).jpg,train,fall,leeds_millennium,6.04,0.004,7.037,False
train/fall/people(8321).jpg,train,fall,leeds_millennium,5.90,0.035,6.894,False
train/fall/people(8323).jpg,train,fall,leeds_millennium,5.31,0.006,7.451,False
train/fall/people(8325).jpg,train,fall,leeds_millennium,6.83,0.045,7.549,False
train/fall/people(8326).jpg,train,fall,leeds_millennium,3.43,0.012,7.595,False
train/fall/people(8328).jpg,train,fall,leeds_millennium,5.59,0.060,6.791,False
train/fall/people(8329).jpg,train,fall,leeds_millennium,15.09,0.058,7.032,True
train/fall/people(8330).jpg,train,fall,leeds_millennium,2.39,0.030,7.611,False
train/fall/people(8331).jpg,train,fall,leeds_millennium,6.59,0.033,7.453,False
train/fall/people(8337).jpg,train,fall,leeds_millennium,3.23,0.010,7.589,False
train/fall/people(8340).jpg,train,fall,leeds_millennium,5.26,0.000,7.335,False
train/fall/people(8341).jpg,train,fall,leeds_millennium,3.49,0.000,6.904,False
train/fall/people(8342).jpg,train,fall,leeds_millennium,5.62,0.004,6.574,False
train/fall/people(8344).jpg,train,fall,leeds_millennium,9.99,0.000,5.392,False
train/fall/people(8345).jpg,train,fall,leeds_millennium,5.24,0.127,7.474,False
train/fall/people(8347).jpg,train,fall,leeds_millennium,6.92,0.106,6.959,False
train/fall/people(8353).jpg,train,fall,leeds_millennium,8.11,0.000,7.444,False
train/fall/people(8355).jpg,train,fall,leeds_millennium,11.07,0.000,7.004,False
train/fall/people(8358).jpg,train,fall,leeds_millennium,5.49,0.002,7.435,False
train/fall/people(8361).jpg,train,fall,leeds_millennium,3.39,0.013,7.643,False
train/fall/people(8364).jpg,train,fall,leeds_millennium,3.39,0.008,7.594,False
train/fall/people(8367).jpg,train,fall,leeds_millennium,4.21,0.000,7.526,False
train/fall/people(8368).jpg,train,fall,leeds_millennium,5.11,0.029,7.663,False
train/fall/people(8370).jpg,train,fall,leeds_millennium,6.80,0.001,6.854,False
train/fall/people(8372).jpg,train,fall,leeds_millennium,3.69,0.000,7.485,False
train/fall/people(8373).jpg,train,fall,leeds_millennium,4.87,0.006,7.268,False
train/fall/people(838).jpg,train,fall,leeds_millennium,4.43,0.001,7.711,False
train/fall/people(840).jpg,train,fall,leeds_millennium,5.95,0.000,7.207,False
train/fall/people(86).jpg,train,fall,leeds_millennium,4.35,0.004,7.771,False
train/fall/people(8662).jpg,train,fall,leeds_millennium,7.00,0.016,6.828,False
train/fall/people(8663).jpg,train,fall,leeds_millennium,5.02,0.030,7.620,False
train/fall/people(8664).jpg,train,fall,leeds_millennium,5.01,0.055,7.426,False
train/fall/people(8665).jpg,train,fall,leeds_millennium,7.22,0.014,6.764,False
train/fall/people(8667).jpg,train,fall,leeds_millennium,6.68,0.005,6.618,False
train/fall/people(8674).jpg,train,fall,leeds_millennium,8.58,0.018,7.558,False
train/fall/people(8676).jpg,train,fall,leeds_millennium,8.48,0.002,5.990,False
train/fall/people(8677).jpg,train,fall,leeds_millennium,8.24,0.015,6.385,False
train/fall/people(8678).jpg,train,fall,leeds_millennium,3.67,0.006,7.478,False
train/fall/people(8679).jpg,train,fall,leeds_millennium,6.49,0.000,7.285,False
train/fall/people(868).jpg,train,fall,leeds_millennium,6.73,0.000,7.496,False
train/fall/people(8681).jpg,train,fall,leeds_millennium,3.19,0.042,7.272,False
train/fall/people(8682).jpg,train,fall,leeds_millennium,3.83,0.041,7.477,False
train/fall/people(8683).jpg,train,fall,leeds_millennium,5.97,0.010,7.420,False
train/fall/people(8684).jpg,train,fall,leeds_millennium,8.77,0.024,6.135,False
train/fall/people(8685).jpg,train,fall,leeds_millennium,5.31,0.020,7.165,False
train/fall/people(8687).jpg,train,fall,leeds_millennium,6.02,0.047,7.321,False
train/fall/people(8689).jpg,train,fall,leeds_millennium,5.27,0.004,7.162,False
train/fall/people(8692).jpg,train,fall,leeds_millennium,10.14,0.053,7.415,False
train/fall/people(8694).jpg,train,fall,leeds_millennium,4.60,0.051,7.720,False
train/fall/people(8697).jpg,train,fall,leeds_millennium,5.73,0.003,6.780,False
train/fall/people(8698).jpg,train,fall,leeds_millennium,9.01,0.000,6.423,False
train/fall/people(8699).jpg,train,fall,leeds_millennium,5.59,0.026,6.930,False
train/fall/people(870).jpg,train,fall,leeds_millennium,3.73,0.003,7.884,False
train/fall/people(8704).jpg,train,fall,leeds_millennium,6.44,0.040,5.730,False
train/fall/people(8706).jpg,train,fall,leeds_millennium,7.43,0.093,7.822,False
train/fall/people(8710).jpg,train,fall,leeds_millennium,4.27,0.226,7.334,False
train/fall/people(8711).jpg,train,fall,leeds_millennium,5.20,0.499,5.627,True
train/fall/people(8713).jpg,train,fall,leeds_millennium,6.11,0.079,5.985,False
train/fall/people(8714).jpg,train,fall,leeds_millennium,5.63,0.008,6.303,False
train/fall/people(8716).jpg,train,fall,leeds_millennium,6.71,0.000,6.706,False
train/fall/people(8717).jpg,train,fall,leeds_millennium,6.87,0.038,6.061,False
train/fall/people(8724).jpg,train,fall,leeds_millennium,5.55,0.018,7.591,False
train/fall/people(8728).jpg,train,fall,leeds_millennium,6.96,0.003,7.624,False
train/fall/people(8729).jpg,train,fall,leeds_millennium,6.82,0.050,6.865,False
train/fall/people(8730).jpg,train,fall,leeds_millennium,2.25,0.002,7.507,False
train/fall/people(8735).jpg,train,fall,leeds_millennium,6.46,0.016,6.784,False
train/fall/people(8738).jpg,train,fall,leeds_millennium,7.31,0.120,7.287,False
train/fall/people(8739).jpg,train,fall,leeds_millennium,5.40,0.038,7.265,False
train/fall/people(8740).jpg,train,fall,leeds_millennium,2.95,0.059,7.800,False
train/fall/people(8747).jpg,train,fall,leeds_millennium,5.40,0.026,7.577,False
train/fall/people(8748).jpg,train,fall,leeds_millennium,9.67,0.005,7.265,False
train/fall/people(8749).jpg,train,fall,leeds_millennium,6.24,0.002,7.197,False
train/fall/people(8750).jpg,train,fall,leeds_millennium,5.43,0.002,7.282,False
train/fall/people(8755).jpg,train,fall,leeds_millennium,8.26,0.000,7.564,False
train/fall/people(8756).jpg,train,fall,leeds_millennium,4.88,0.015,6.941,False
train/fall/people(8758).jpg,train,fall,leeds_millennium,5.09,0.000,7.178,False
train/fall/people(8759).jpg,train,fall,leeds_millennium,6.04,0.000,6.478,False
train/fall/people(8760).jpg,train,fall,leeds_millennium,4.39,0.000,7.031,False
train/fall/people(8765).jpg,train,fall,leeds_millennium,4.48,0.000,7.514,False
train/fall/people(877).jpg,train,fall,leeds_millennium,3.53,0.019,7.647,False
train/fall/people(8779).jpg,train,fall,leeds_millennium,8.33,0.000,7.254,False
train/fall/people(8780).jpg,train,fall,leeds_millennium,3.62,0.000,7.097,False
train/fall/people(8781).jpg,train,fall,leeds_millennium,5.37,0.006,7.125,False
train/fall/people(8782).jpg,train,fall,leeds_millennium,5.35,0.006,7.497,False
train/fall/people(8783).jpg,train,fall,leeds_millennium,10.18,0.000,7.530,False
train/fall/people(8784).jpg,train,fall,leeds_millennium,28.48,0.000,7.236,True
train/fall/people(8785).jpg,train,fall,leeds_millennium,11.76,0.001,7.276,False
train/fall/people(8786).jpg,train,fall,leeds_millennium,8.05,0.017,7.489,False
train/fall/people(8787).jpg,train,fall,leeds_millennium,6.20,0.002,7.545,False
train/fall/people(8789).jpg,train,fall,leeds_millennium,3.54,0.001,7.402,False
train/fall/people(879).jpg,train,fall,leeds_millennium,3.47,0.226,7.035,False
train/fall/people(8790).jpg,train,fall,leeds_millennium,9.40,0.024,7.600,False
train/fall/people(8791).jpg,train,fall,leeds_millennium,13.71,0.005,6.416,False
train/fall/people(8792).jpg,train,fall,leeds_millennium,10.04,0.000,7.373,False
train/fall/people(8793).jpg,train,fall,leeds_millennium,3.15,0.027,7.518,False
train/fall/people(8794).jpg,train,fall,leeds_millennium,22.40,0.066,7.548,True
train/fall/people(8795).jpg,train,fall,leeds_millennium,8.43,0.295,6.620,False
train/fall/people(8796).jpg,train,fall,leeds_millennium,6.77,0.161,7.614,False
train/fall/people(8798).jpg,train,fall,leeds_millennium,1.94,0.007,7.671,False
train/fall/people(8799).jpg,train,fall,leeds_millennium,4.91,0.004,6.582,False
train/fall/people(8801).jpg,train,fall,leeds_millennium,5.10,0.000,4.900,False
train/fall/people(8802).jpg,train,fall,leeds_millennium,4.95,0.001,7.469,False
train/fall/people(8805).jpg,train,fall,leeds_millennium,4.59,0.002,6.742,False
train/fall/people(8807).jpg,train,fall,leeds_millennium,5.76,0.004,6.454,False
train/fall/people(8808).jpg,train,fall,leeds_millennium,6.47,0.000,7.417,False
train/fall/people(8809).jpg,train,fall,leeds_millennium,4.89,0.005,5.605,False
train/fall/people(881).jpg,train,fall,leeds_millennium,6.64,0.000,7.345,False
train/fall/people(8810).jpg,train,fall,leeds_millennium,3.63,0.001,6.304,False
train/fall/people(8811).jpg,train,fall,leeds_millennium,3.07,0.000,6.998,False
train/fall/people(8813).jpg,train,fall,leeds_millennium,2.48,0.001,7.257,False
train/fall/people(8814).jpg,train,fall,leeds_millennium,4.90,0.015,6.143,False
train/fall/people(8815).jpg,train,fall,leeds_millennium,2.88,0.005,6.559,False
train/fall/people(8816).jpg,train,fall,leeds_millennium,5.89,0.000,6.750,False
train/fall/people(8817).jpg,train,fall,leeds_millennium,4.89,0.000,5.629,False
train/fall/people(8818).jpg,train,fall,leeds_millennium,3.65,0.000,6.650,False
train/fall/people(8819).jpg,train,fall,leeds_millennium,5.09,0.010,6.890,False
train/fall/people(8820).jpg,train,fall,leeds_millennium,5.72,0.001,6.294,False
train/fall/people(8821).jpg,train,fall,leeds_millennium,3.74,0.000,6.491,False
train/fall/people(8822).jpg,train,fall,leeds_millennium,3.18,0.011,7.172,False
train/fall/people(8823).jpg,train,fall,leeds_millennium,2.67,0.006,6.950,False
train/fall/people(8824).jpg,train,fall,leeds_millennium,5.31,0.003,6.371,False
train/fall/people(8825).jpg,train,fall,leeds_millennium,6.18,0.002,6.645,False
train/fall/people(8827).jpg,train,fall,leeds_millennium,5.56,0.004,6.523,False
train/fall/people(8828).jpg,train,fall,leeds_millennium,3.42,0.000,6.495,False
train/fall/people(8829).jpg,train,fall,leeds_millennium,4.33,0.049,7.607,False
train/fall/people(8830).jpg,train,fall,leeds_millennium,16.75,0.000,6.969,True
train/fall/people(8831).jpg,train,fall,leeds_millennium,7.42,0.037,7.430,False
train/fall/people(8833).jpg,train,fall,leeds_millennium,4.40,0.001,6.910,False
train/fall/people(8836).jpg,train,fall,leeds_millennium,6.20,0.007,7.458,False
train/fall/people(8837).jpg,train,fall,leeds_millennium,2.85,0.024,7.543,False
train/fall/people(8838).jpg,train,fall,leeds_millennium,5.87,0.004,7.097,False
train/fall/people(8839).jpg,train,fall,leeds_millennium,12.61,0.001,7.473,False
train/fall/people(8841).jpg,train,fall,leeds_millennium,4.21,0.056,7.677,False
train/fall/people(8842).jpg,train,fall,leeds_millennium,4.23,0.002,7.835,False
train/fall/people(8845).jpg,train,fall,leeds_millennium,7.35,0.031,7.364,False
train/fall/people(8846).jpg,train,fall,leeds_millennium,9.43,0.000,7.432,False
train/fall/people(8847).jpg,train,fall,leeds_millennium,23.07,0.020,6.635,True
train/fall/people(8850).jpg,train,fall,leeds_millennium,7.70,0.006,7.823,False
train/fall/people(8851).jpg,train,fall,leeds_millennium,8.15,0.049,7.344,False
train/fall/people(8852).jpg,train,fall,leeds_millennium,15.36,0.013,6.640,True
train/fall/people(8853).jpg,train,fall,leeds_millennium,13.77,0.010,7.012,False
train/fall/people(8854).jpg,train,fall,leeds_millennium,6.13,0.028,7.618,False
train/fall/people(8855).jpg,train,fall,leeds_millennium,6.42,0.000,7.365,False
train/fall/people(8856).jpg,train,fall,leeds_millennium,5.19,0.015,7.418,False
train/fall/people(8859).jpg,train,fall,leeds_millennium,8.22,0.016,4.931,False
train/fall/people(886).jpg,train,fall,leeds_millennium,4.95,0.000,7.651,False
train/fall/people(8865).jpg,train,fall,leeds_millennium,2.70,0.002,7.654,False
train/fall/people(8867).jpg,train,fall,leeds_millennium,3.03,0.000,7.706,False
train/fall/people(8868).jpg,train,fall,leeds_millennium,2.88,0.004,7.676,False
train/fall/people(8870).jpg,train,fall,leeds_millennium,4.17,0.000,7.549,False
train/fall/people(8873).jpg,train,fall,leeds_millennium,3.51,0.091,7.552,False
train/fall/people(8876).jpg,train,fall,leeds_millennium,5.03,0.016,7.108,False
train/fall/people(8879).jpg,train,fall,leeds_millennium,6.51,0.000,6.132,False
train/fall/people(888).jpg,train,fall,leeds_millennium,4.72,0.057,7.734,False
train/fall/people(8883).jpg,train,fall,leeds_millennium,2.90,0.048,7.519,False
train/fall/people(8886).jpg,train,fall,leeds_millennium,3.23,0.019,7.258,False
train/fall/people(8887).jpg,train,fall,leeds_millennium,3.47,0.000,7.298,False
train/fall/people(8888).jpg,train,fall,leeds_millennium,4.43,0.000,7.476,False
train/fall/people(8889).jpg,train,fall,leeds_millennium,4.00,0.008,7.684,False
train/fall/people(8890).jpg,train,fall,leeds_millennium,5.64,0.000,7.194,False
train/fall/people(8893).jpg,train,fall,leeds_millennium,2.69,0.063,7.822,False
train/fall/people(8894).jpg,train,fall,leeds_millennium,4.72,0.056,7.851,False
train/fall/people(8897).jpg,train,fall,leeds_millennium,5.30,0.017,7.866,False
train/fall/people(8899).jpg,train,fall,leeds_millennium,5.19,0.000,7.681,False
train/fall/people(8901).jpg,train,fall,leeds_millennium,4.79,0.040,7.397,False
train/fall/people(8902).jpg,train,fall,leeds_millennium,3.69,0.001,7.475,False
train/fall/people(8904).jpg,train,fall,leeds_millennium,4.73,0.001,7.305,False
train/fall/people(8905).jpg,train,fall,leeds_millennium,4.20,0.001,7.579,False
train/fall/people(8910).jpg,train,fall,leeds_millennium,4.11,0.027,6.327,False
train/fall/people(8911).jpg,train,fall,leeds_millennium,3.32,0.000,7.174,False
train/fall/people(8913).jpg,train,fall,leeds_millennium,3.74,0.080,7.510,False
train/fall/people(8918).jpg,train,fall,leeds_millennium,10.22,0.120,7.173,False
train/fall/people(892).jpg,train,fall,leeds_millennium,4.97,0.000,7.570,False
train/fall/people(8920).jpg,train,fall,leeds_millennium,6.97,0.018,7.690,False
train/fall/people(8921).jpg,train,fall,leeds_millennium,6.78,0.002,7.709,False
train/fall/people(8922).jpg,train,fall,leeds_millennium,6.77,0.000,7.159,False
train/fall/people(8923).jpg,train,fall,leeds_millennium,5.64,0.068,7.646,False
train/fall/people(8928).jpg,train,fall,leeds_millennium,5.42,0.001,6.412,False
train/fall/people(893).jpg,train,fall,leeds_millennium,10.76,0.004,7.085,False
train/fall/people(8932).jpg,train,fall,leeds_millennium,6.81,0.108,7.742,False
train/fall/people(8933).jpg,train,fall,leeds_millennium,6.04,0.011,7.546,False
train/fall/people(8934).jpg,train,fall,leeds_millennium,14.56,0.000,7.267,False
train/fall/people(8935).jpg,train,fall,leeds_millennium,17.56,0.000,7.167,True
train/fall/people(8936).jpg,train,fall,leeds_millennium,6.88,0.010,7.374,False
train/fall/people(8939).jpg,train,fall,leeds_millennium,6.39,0.000,7.689,False
train/fall/people(8941).jpg,train,fall,leeds_millennium,11.84,0.001,6.077,False
train/fall/people(8942).jpg,train,fall,leeds_millennium,13.14,0.000,6.458,False
train/fall/people(8944).jpg,train,fall,leeds_millennium,13.99,0.042,7.177,False
train/fall/people(8945).jpg,train,fall,leeds_millennium,26.07,0.001,6.845,True
train/fall/people(8946).jpg,train,fall,leeds_millennium,7.69,0.007,7.219,False
train/fall/people(8947).jpg,train,fall,leeds_millennium,24.15,0.000,6.612,True
train/fall/people(8948).jpg,train,fall,leeds_millennium,6.37,0.000,6.999,False
train/fall/people(8949).jpg,train,fall,leeds_millennium,10.21,0.014,6.710,False
train/fall/people(8950).jpg,train,fall,leeds_millennium,14.91,0.000,6.502,False
train/fall/people(8951).jpg,train,fall,leeds_millennium,5.51,0.001,6.424,False
train/fall/people(8952).jpg,train,fall,leeds_millennium,16.65,0.004,7.082,True
train/fall/people(8953).jpg,train,fall,leeds_millennium,6.69,0.021,7.213,False
train/fall/people(8954).jpg,train,fall,leeds_millennium,7.61,0.000,7.609,False
train/fall/people(8955).jpg,train,fall,leeds_millennium,9.79,0.052,7.489,False
train/fall/people(8956).jpg,train,fall,leeds_millennium,11.88,0.088,7.300,False
train/fall/people(896).jpg,train,fall,leeds_millennium,4.29,0.172,7.616,False
train/fall/people(897).jpg,train,fall,leeds_millennium,4.90,0.006,7.728,False
train/fall/people(9).jpg,train,fall,leeds_millennium,3.89,0.027,7.718,False
train/fall/people(904).jpg,train,fall,leeds_millennium,3.31,0.007,7.727,False
train/fall/people(908).jpg,train,fall,leeds_millennium,4.08,0.002,7.629,False
train/fall/people(913).jpg,train,fall,leeds_millennium,3.39,0.009,7.482,False
train/fall/people(921).jpg,train,fall,leeds_millennium,5.49,0.002,7.602,False
train/fall/people(923).jpg,train,fall,leeds_millennium,6.79,0.000,7.622,False
train/fall/people(925).jpg,train,fall,leeds_millennium,4.79,0.001,7.264,False
train/fall/people(927).jpg,train,fall,leeds_millennium,4.55,0.016,7.198,False
train/fall/people(930).jpg,train,fall,leeds_millennium,6.21,0.000,7.519,False
train/fall/people(932).jpg,train,fall,leeds_millennium,8.01,0.000,6.780,False
train/fall/people(934).jpg,train,fall,leeds_millennium,4.02,0.011,7.839,False
train/fall/people(935).jpg,train,fall,leeds_millennium,5.56,0.024,7.225,False
train/fall/people(945).jpg,train,fall,leeds_millennium,16.67,0.000,7.167,True
train/fall/people(946).jpg,train,fall,leeds_millennium,6.99,0.028,7.550,False
train/fall/people(95).jpg,train,fall,leeds_millennium,3.61,0.000,7.570,False
train/fall/people(950).jpg,train,fall,leeds_millennium,4.11,0.000,7.529,False
train/fall/people(957).jpg,train,fall,leeds_millennium,5.60,0.000,7.691,False
train/fall/people(961).jpg,train,fall,leeds_millennium,3.84,0.020,7.759,False
train/fall/people(968).jpg,train,fall,leeds_millennium,9.04,0.000,7.428,False
train/fall/people(977).jpg,train,fall,leeds_millennium,4.91,0.000,7.094,False
train/fall/people(981).jpg,train,fall,leeds_millennium,3.64,0.085,7.713,False
train/fall/people(987).jpg,train,fall,leeds_millennium,18.70,0.000,7.197,True
train/fall/people(989).jpg,train,fall,leeds_millennium,2.97,0.005,7.780,False
train/fall/people(990).jpg,train,fall,leeds_millennium,5.71,0.070,7.552,False
train/fall/people(991).jpg,train,fall,leeds_millennium,5.82,0.042,7.650,False
train/fall/people(992).jpg,train,fall,leeds_millennium,5.08,0.066,7.829,False
train/fall/people(993).jpg,train,fall,leeds_millennium,3.45,0.001,7.420,False
train/fall/people(995).jpg,train,fall,leeds_millennium,4.14,0.000,7.673,False
train/normal/000000000785.jpg,train,normal,coco2017,4.35,0.001,5.950,False
train/normal/000000000872.jpg,train,normal,coco2017,2.75,0.003,7.647,False
train/normal/000000000885.jpg,train,normal,coco2017,5.81,0.001,6.557,False
train/normal/000000001000.jpg,train,normal,coco2017,2.66,0.001,7.854,False
train/normal/000000001353.jpg,train,normal,coco2017,9.89,0.083,6.932,False
train/normal/000000001490.jpg,train,normal,coco2017,4.04,0.001,6.925,False
train/normal/000000001532.jpg,train,normal,coco2017,5.28,0.000,6.831,False
train/normal/000000002006.jpg,train,normal,coco2017,3.64,0.000,7.418,False
train/normal/000000002153.jpg,train,normal,coco2017,5.49,0.000,6.433,False
train/normal/000000002261.jpg,train,normal,coco2017,4.52,0.000,6.915,False
train/normal/000000002473.jpg,train,normal,coco2017,4.22,0.001,5.889,False
train/normal/000000002532.jpg,train,normal,coco2017,3.19,0.001,7.771,False
train/normal/000000003156.jpg,train,normal,coco2017,3.26,0.099,7.781,False
train/normal/000000003934.jpg,train,normal,coco2017,4.70,0.000,7.388,False
train/normal/000000004134.jpg,train,normal,coco2017,4.61,0.128,7.331,False
train/normal/000000004395.jpg,train,normal,coco2017,5.11,0.270,6.916,False
train/normal/000000004765.jpg,train,normal,coco2017,4.95,0.000,7.367,False
train/normal/000000005001.jpg,train,normal,coco2017,2.52,0.437,6.338,True
train/normal/000000005037.jpg,train,normal,coco2017,2.65,0.046,7.817,False
train/normal/000000005060.jpg,train,normal,coco2017,4.15,0.004,7.607,False
train/normal/000000005193.jpg,train,normal,coco2017,3.90,0.003,7.413,False
train/normal/000000005529.jpg,train,normal,coco2017,2.14,0.004,7.085,False
train/normal/000000006460.jpg,train,normal,coco2017,3.19,0.003,7.720,False
train/normal/000000006471.jpg,train,normal,coco2017,4.16,0.059,7.446,False
train/normal/000000006763.jpg,train,normal,coco2017,5.36,0.002,6.966,False
train/normal/000000006771.jpg,train,normal,coco2017,4.68,0.000,7.548,False
train/normal/000000006954.jpg,train,normal,coco2017,2.45,0.001,7.477,False
train/normal/000000007816.jpg,train,normal,coco2017,3.91,0.007,7.224,False
train/normal/000000007977.jpg,train,normal,coco2017,3.20,0.000,7.510,False
train/normal/000000008690.jpg,train,normal,coco2017,4.24,0.000,7.326,False
train/normal/000000008844.jpg,train,normal,coco2017,6.06,0.017,7.798,False
train/normal/000000009378.jpg,train,normal,coco2017,4.19,0.212,6.955,False
train/normal/000000009400.jpg,train,normal,coco2017,5.74,0.206,6.584,False
train/normal/000000009448.jpg,train,normal,coco2017,2.13,0.012,7.449,False
train/normal/000000009590.jpg,train,normal,coco2017,3.75,0.215,7.206,False
train/normal/000000009891.jpg,train,normal,coco2017,3.67,0.000,7.714,False
train/normal/000000010707.jpg,train,normal,coco2017,4.04,0.022,7.808,False
train/normal/000000010764.jpg,train,normal,coco2017,3.87,0.042,6.855,False
train/normal/000000011051.jpg,train,normal,coco2017,5.76,0.060,7.133,False
train/normal/000000011197.jpg,train,normal,coco2017,4.06,0.088,7.394,False
train/normal/000000011699.jpg,train,normal,coco2017,3.48,0.042,7.613,False
train/normal/000000012639.jpg,train,normal,coco2017,2.95,0.000,7.411,False
train/normal/000000012670.jpg,train,normal,coco2017,5.60,0.001,7.466,False
train/normal/000000012748.jpg,train,normal,coco2017,4.71,0.000,7.690,False
train/normal/000000013177.jpg,train,normal,coco2017,3.26,0.025,7.837,False
train/normal/000000013291.jpg,train,normal,coco2017,3.24,0.006,7.586,False
train/normal/000000013546.jpg,train,normal,coco2017,3.46,0.040,7.559,False
train/normal/000000013659.jpg,train,normal,coco2017,3.27,0.061,7.704,False
train/normal/000000013729.jpg,train,normal,coco2017,3.76,0.002,7.667,False
train/normal/000000015335.jpg,train,normal,coco2017,4.41,0.394,6.401,False
train/normal/000000015338.jpg,train,normal,coco2017,3.10,0.007,7.773,False
train/normal/000000015517.jpg,train,normal,coco2017,3.50,0.001,7.851,False
train/normal/000000015597.jpg,train,normal,coco2017,6.57,0.013,7.386,False
train/normal/000000015660.jpg,train,normal,coco2017,1.79,0.014,7.707,False
train/normal/000000016249.jpg,train,normal,coco2017,3.70,0.097,7.585,False
train/normal/000000016598.jpg,train,normal,coco2017,6.12,0.001,7.782,False
train/normal/000000017178.jpg,train,normal,coco2017,2.52,0.022,7.621,False
train/normal/000000017627.jpg,train,normal,coco2017,3.63,0.077,7.607,False
train/normal/000000017905.jpg,train,normal,coco2017,2.73,0.000,7.582,False
train/normal/000000018150.jpg,train,normal,coco2017,5.46,0.022,7.124,False
train/normal/000000018193.jpg,train,normal,coco2017,3.52,0.082,6.991,False
train/normal/000000018380.jpg,train,normal,coco2017,2.65,0.021,7.773,False
train/normal/000000018491.jpg,train,normal,coco2017,4.62,0.000,7.228,False
train/normal/000000018770.jpg,train,normal,coco2017,9.51,0.073,5.636,False
train/normal/000000019109.jpg,train,normal,coco2017,2.36,0.002,7.781,False
train/normal/000000019786.jpg,train,normal,coco2017,8.42,0.004,7.248,False
train/normal/000000019924.jpg,train,normal,coco2017,2.41,0.137,7.107,False
train/normal/000000020333.jpg,train,normal,coco2017,3.42,0.178,7.507,False
train/normal/000000020992.jpg,train,normal,coco2017,9.00,0.043,7.376,False
train/normal/000000021167.jpg,train,normal,coco2017,8.86,0.000,6.976,False
train/normal/000000022192.jpg,train,normal,coco2017,5.06,0.010,6.989,False
train/normal/000000022371.jpg,train,normal,coco2017,7.84,0.003,6.988,False
train/normal/000000022479.jpg,train,normal,coco2017,6.27,0.057,7.561,False
train/normal/000000022892.jpg,train,normal,coco2017,3.91,0.000,7.528,False
train/normal/000000022935.jpg,train,normal,coco2017,4.79,0.017,7.505,False
train/normal/000000023034.jpg,train,normal,coco2017,2.74,0.009,7.739,False
train/normal/000000023126.jpg,train,normal,coco2017,5.01,0.006,7.581,False
train/normal/000000024021.jpg,train,normal,coco2017,2.65,0.000,7.527,False
train/normal/000000024243.jpg,train,normal,coco2017,3.80,0.040,7.800,False
train/normal/000000024567.jpg,train,normal,coco2017,3.76,0.004,7.742,False
train/normal/000000025057.jpg,train,normal,coco2017,1.90,0.004,7.621,False
train/normal/000000025096.jpg,train,normal,coco2017,4.48,0.000,7.376,False
train/normal/000000025386.jpg,train,normal,coco2017,3.82,0.044,7.782,False
train/normal/000000025393.jpg,train,normal,coco2017,6.39,0.185,6.627,False
train/normal/000000025394.jpg,train,normal,coco2017,4.66,0.084,7.282,False
train/normal/000000025603.jpg,train,normal,coco2017,6.60,0.203,7.320,False
train/normal/000000027186.jpg,train,normal,coco2017,7.16,0.007,7.589,False
train/normal/000000027972.jpg,train,normal,coco2017,3.97,0.011,7.488,False
train/normal/000000029984.jpg,train,normal,coco2017,6.23,0.000,6.069,False
train/normal/000000031093.jpg,train,normal,coco2017,6.12,0.007,6.500,False
train/normal/000000031296.jpg,train,normal,coco2017,3.40,0.007,7.547,False
train/normal/000000031817.jpg,train,normal,coco2017,4.47,0.047,7.816,False
train/normal/000000032081.jpg,train,normal,coco2017,3.90,0.004,7.026,False
train/normal/000000032334.jpg,train,normal,coco2017,4.64,0.022,7.788,False
train/normal/000000032887.jpg,train,normal,coco2017,3.79,0.000,7.298,False
train/normal/000000032901.jpg,train,normal,coco2017,4.43,0.001,7.817,False
train/normal/000000033005.jpg,train,normal,coco2017,4.82,0.100,6.675,False
train/normal/000000033104.jpg,train,normal,coco2017,2.38,0.003,7.751,False
train/normal/000000033221.jpg,train,normal,coco2017,3.66,0.000,7.318,False
train/normal/000000033368.jpg,train,normal,coco2017,4.93,0.039,6.332,False
train/normal/000000033638.jpg,train,normal,coco2017,5.45,0.000,6.884,False
train/normal/000000033759.jpg,train,normal,coco2017,1.77,0.114,7.730,False
train/normal/000000034139.jpg,train,normal,coco2017,2.20,0.059,7.696,False
train/normal/000000036539.jpg,train,normal,coco2017,2.64,0.016,7.589,False
train/normal/000000036936.jpg,train,normal,coco2017,4.34,0.026,7.450,False
train/normal/000000038048.jpg,train,normal,coco2017,3.16,0.029,7.261,False
train/normal/000000038118.jpg,train,normal,coco2017,6.65,0.000,6.887,False
train/normal/000000039405.jpg,train,normal,coco2017,4.28,0.072,6.387,False
train/normal/000000039480.jpg,train,normal,coco2017,7.25,0.000,6.060,False
train/normal/000000039484.jpg,train,normal,coco2017,2.78,0.047,7.473,False
train/normal/000000039551.jpg,train,normal,coco2017,5.17,0.002,5.807,False
train/normal/000000039670.jpg,train,normal,coco2017,2.45,0.010,7.814,False
train/normal/000000039769.jpg,train,normal,coco2017,4.03,0.018,7.570,False
train/normal/000000039785.jpg,train,normal,coco2017,3.87,0.022,7.533,False
train/normal/000000039951.jpg,train,normal,coco2017,4.09,0.044,6.847,False
train/normal/000000039956.jpg,train,normal,coco2017,4.47,0.127,7.638,False
train/normal/000000040036.jpg,train,normal,coco2017,2.22,0.004,7.693,False
train/normal/000000040471.jpg,train,normal,coco2017,3.94,0.103,7.814,False
train/normal/000000040757.jpg,train,normal,coco2017,9.43,0.115,6.835,False
train/normal/000000041488.jpg,train,normal,coco2017,2.44,0.081,7.106,False
train/normal/000000041633.jpg,train,normal,coco2017,3.75,0.025,7.408,False
train/normal/000000041635.jpg,train,normal,coco2017,2.68,0.078,7.728,False
train/normal/000000041872.jpg,train,normal,coco2017,7.14,0.007,7.320,False
train/normal/000000041888.jpg,train,normal,coco2017,3.00,0.000,7.085,False
train/normal/000000041990.jpg,train,normal,coco2017,2.64,0.014,7.033,False
train/normal/000000042102.jpg,train,normal,coco2017,5.80,0.051,7.025,False
train/normal/000000042178.jpg,train,normal,coco2017,3.67,0.000,7.232,False
train/normal/000000042276.jpg,train,normal,coco2017,5.56,0.094,7.754,False
train/normal/000000042528.jpg,train,normal,coco2017,5.76,0.040,7.701,False
train/normal/000000042628.jpg,train,normal,coco2017,6.06,0.013,6.299,False
train/normal/000000042888.jpg,train,normal,coco2017,2.43,0.002,7.576,False
train/normal/000000043314.jpg,train,normal,coco2017,3.13,0.156,7.116,False
train/normal/000000043816.jpg,train,normal,coco2017,3.85,0.043,7.339,False
train/normal/000000044068.jpg,train,normal,coco2017,6.98,0.001,7.109,False
train/normal/000000044195.jpg,train,normal,coco2017,4.29,0.045,7.698,False
train/normal/000000044279.jpg,train,normal,coco2017,4.27,0.118,7.740,False
train/normal/000000044877.jpg,train,normal,coco2017,5.97,0.027,7.273,False
train/normal/000000045550.jpg,train,normal,coco2017,5.55,0.107,7.309,False
train/normal/000000046048.jpg,train,normal,coco2017,4.76,0.016,7.049,False
train/normal/000000046252.jpg,train,normal,coco2017,2.33,0.009,7.501,False
train/normal/000000046497.jpg,train,normal,coco2017,5.21,0.000,7.383,False
train/normal/000000046804.jpg,train,normal,coco2017,2.95,0.000,7.445,False
train/normal/000000046872.jpg,train,normal,coco2017,2.82,0.054,7.776,False
train/normal/000000047571.jpg,train,normal,coco2017,3.00,0.022,7.398,False
train/normal/000000047585.jpg,train,normal,coco2017,4.91,0.040,7.216,False
train/normal/000000047801.jpg,train,normal,coco2017,3.32,0.338,6.447,False
train/normal/000000047819.jpg,train,normal,coco2017,2.26,0.004,7.887,False
train/normal/000000048396.jpg,train,normal,coco2017,5.57,0.054,7.002,False
train/normal/000000048564.jpg,train,normal,coco2017,4.15,0.359,6.798,False
train/normal/000000048924.jpg,train,normal,coco2017,2.84,0.042,7.140,False
train/normal/000000049759.jpg,train,normal,coco2017,5.97,0.017,7.365,False
train/normal/000000050145.jpg,train,normal,coco2017,3.88,0.072,7.455,False
train/normal/000000050380.jpg,train,normal,coco2017,4.11,0.068,7.628,False
train/normal/000000050638.jpg,train,normal,coco2017,3.82,0.001,7.531,False
train/normal/000000050811.jpg,train,normal,coco2017,6.81,0.000,7.295,False
train/normal/000000051314.jpg,train,normal,coco2017,5.23,0.005,7.464,False
train/normal/000000051610.jpg,train,normal,coco2017,4.82,0.015,4.435,False
train/normal/000000052591.jpg,train,normal,coco2017,4.06,0.057,7.549,False
train/normal/000000053626.jpg,train,normal,coco2017,2.36,0.000,7.517,False
train/normal/000000053994.jpg,train,normal,coco2017,2.52,0.001,7.489,False
train/normal/000000054164.jpg,train,normal,coco2017,4.21,0.020,7.393,False
train/normal/000000054592.jpg,train,normal,coco2017,6.41,0.030,7.408,False
train/normal/000000054593.jpg,train,normal,coco2017,2.84,0.000,7.583,False
train/normal/000000054654.jpg,train,normal,coco2017,3.88,0.051,7.638,False
train/normal/000000054931.jpg,train,normal,coco2017,3.54,0.049,7.650,False
train/normal/000000055150.jpg,train,normal,coco2017,3.19,0.072,7.821,False
train/normal/000000055528.jpg,train,normal,coco2017,5.89,0.001,7.132,False
train/normal/000000055950.jpg,train,normal,coco2017,4.02,0.001,6.608,False
train/normal/000000056350.jpg,train,normal,coco2017,4.73,0.085,7.772,False
train/normal/000000057597.jpg,train,normal,coco2017,3.67,0.025,7.052,False
train/normal/000000058539.jpg,train,normal,coco2017,4.37,0.117,7.734,False
train/normal/000000058705.jpg,train,normal,coco2017,2.94,0.033,7.431,False
train/normal/000000059044.jpg,train,normal,coco2017,4.13,0.022,6.877,False
train/normal/000000060347.jpg,train,normal,coco2017,2.51,0.002,7.238,False
train/normal/000000060507.jpg,train,normal,coco2017,4.06,0.000,6.830,False
train/normal/000000060886.jpg,train,normal,coco2017,5.44,0.026,7.140,False
train/normal/000000060932.jpg,train,normal,coco2017,3.50,0.133,7.611,False
train/normal/000000061584.jpg,train,normal,coco2017,1.89,0.104,7.642,False
train/normal/000000061747.jpg,train,normal,coco2017,2.86,0.027,7.802,False
train/normal/000000061960.jpg,train,normal,coco2017,3.95,0.008,7.616,False
train/normal/000000062692.jpg,train,normal,coco2017,4.36,0.000,6.798,False
train/normal/000000062808.jpg,train,normal,coco2017,3.83,0.025,7.500,False
train/normal/000000063047.jpg,train,normal,coco2017,2.30,0.095,7.644,False
train/normal/000000064462.jpg,train,normal,coco2017,3.78,0.142,7.117,False
train/normal/000000064523.jpg,train,normal,coco2017,3.82,0.014,7.503,False
train/normal/000000064718.jpg,train,normal,coco2017,5.56,0.033,7.306,False
train/normal/000000064868.jpg,train,normal,coco2017,6.07,0.001,7.763,False
train/normal/000000065288.jpg,train,normal,coco2017,2.81,0.048,7.784,False
train/normal/000000065736.jpg,train,normal,coco2017,8.54,0.027,5.678,False
train/normal/000000065798.jpg,train,normal,coco2017,3.39,0.020,7.366,False
train/normal/000000066231.jpg,train,normal,coco2017,3.32,0.404,6.453,True
train/normal/000000066771.jpg,train,normal,coco2017,4.41,0.000,7.041,False
train/normal/000000066886.jpg,train,normal,coco2017,7.70,0.014,7.618,False
train/normal/000000067180.jpg,train,normal,coco2017,3.17,0.001,7.426,False
train/normal/000000067213.jpg,train,normal,coco2017,3.15,0.169,6.984,False
train/normal/000000067310.jpg,train,normal,coco2017,2.86,0.002,7.492,False
train/normal/000000068409.jpg,train,normal,coco2017,3.55,0.005,7.768,False
train/normal/000000068628.jpg,train,normal,coco2017,7.43,0.034,7.028,False
train/normal/000000069213.jpg,train,normal,coco2017,3.74,0.017,7.512,False
train/normal/000000069224.jpg,train,normal,coco2017,5.59,0.019,7.591,False
train/normal/000000069356.jpg,train,normal,coco2017,2.31,0.012,7.734,False
train/normal/000000070739.jpg,train,normal,coco2017,6.10,0.072,7.617,False
train/normal/000000071877.jpg,train,normal,coco2017,4.53,0.004,7.201,False
train/normal/000000071938.jpg,train,normal,coco2017,10.90,0.002,7.250,False
train/normal/000000072281.jpg,train,normal,coco2017,6.14,0.033,7.286,False
train/normal/000000072795.jpg,train,normal,coco2017,2.17,0.043,7.518,False
train/normal/000000073153.jpg,train,normal,coco2017,7.08,0.087,7.303,False
train/normal/000000073533.jpg,train,normal,coco2017,3.80,0.027,7.426,False
train/normal/000000073702.jpg,train,normal,coco2017,3.35,0.049,7.761,False
train/normal/000000073946.jpg,train,normal,coco2017,3.91,0.048,7.416,False
train/normal/000000074092.jpg,train,normal,coco2017,4.61,0.006,6.712,False
train/normal/000000074256.jpg,train,normal,coco2017,2.54,0.002,7.657,False
train/normal/000000075612.jpg,train,normal,coco2017,4.75,0.002,7.733,False
train/normal/000000076468.jpg,train,normal,coco2017,5.12,0.000,7.275,False
train/normal/000000078404.jpg,train,normal,coco2017,2.98,0.001,7.545,False
train/normal/000000078420.jpg,train,normal,coco2017,4.31,0.034,7.549,False
train/normal/000000078426.jpg,train,normal,coco2017,7.75,0.035,7.716,False
train/normal/000000078565.jpg,train,normal,coco2017,6.08,0.000,6.709,False
train/normal/000000078748.jpg,train,normal,coco2017,2.00,0.028,7.787,False
train/normal/000000078823.jpg,train,normal,coco2017,3.74,0.005,7.400,False
train/normal/000000079969.jpg,train,normal,coco2017,2.49,0.006,7.353,False
train/normal/000000080022.jpg,train,normal,coco2017,6.18,0.000,6.426,False
train/normal/000000080057.jpg,train,normal,coco2017,6.92,0.001,7.542,False
train/normal/000000080153.jpg,train,normal,coco2017,3.22,0.005,6.587,False
train/normal/000000080273.jpg,train,normal,coco2017,4.44,0.000,6.351,False
train/normal/000000080274.jpg,train,normal,coco2017,2.58,0.013,7.706,False
train/normal/000000080340.jpg,train,normal,coco2017,2.96,0.004,7.564,False
train/normal/000000080666.jpg,train,normal,coco2017,3.08,0.000,7.644,False
train/normal/000000080671.jpg,train,normal,coco2017,6.41,0.000,5.914,False
train/normal/000000080932.jpg,train,normal,coco2017,5.04,0.016,7.506,False
train/normal/000000081061.jpg,train,normal,coco2017,5.22,0.000,7.083,False
train/normal/000000081394.jpg,train,normal,coco2017,3.12,0.017,7.589,False
train/normal/000000081594.jpg,train,normal,coco2017,2.99,0.029,7.673,False
train/normal/000000081988.jpg,train,normal,coco2017,4.79,0.028,7.495,False
train/normal/000000082688.jpg,train,normal,coco2017,6.52,0.142,7.429,False
train/normal/000000083172.jpg,train,normal,coco2017,5.26,0.006,6.612,False
train/normal/000000084241.jpg,train,normal,coco2017,4.66,0.021,7.882,False
train/normal/000000084270.jpg,train,normal,coco2017,3.19,0.086,7.590,False
train/normal/000000084674.jpg,train,normal,coco2017,5.16,0.093,7.294,False
train/normal/000000084752.jpg,train,normal,coco2017,3.90,0.034,7.265,False
train/normal/000000085089.jpg,train,normal,coco2017,3.43,0.254,6.709,False
train/normal/000000085157.jpg,train,normal,coco2017,2.45,0.081,7.704,False
train/normal/000000085329.jpg,train,normal,coco2017,6.38,0.653,4.027,True
train/normal/000000085376.jpg,train,normal,coco2017,3.05,0.014,7.436,False
train/normal/000000085682.jpg,train,normal,coco2017,3.26,0.009,7.586,False
train/normal/000000085911.jpg,train,normal,coco2017,3.05,0.000,7.081,False
train/normal/000000086755.jpg,train,normal,coco2017,3.24,0.011,6.942,False
train/normal/000000086956.jpg,train,normal,coco2017,5.95,0.144,6.891,False
train/normal/000000087038.jpg,train,normal,coco2017,3.96,0.000,7.133,False
train/normal/000000087144.jpg,train,normal,coco2017,2.28,0.003,7.879,False
train/normal/000000087476.jpg,train,normal,coco2017,4.57,0.095,7.283,False
train/normal/000000088345.jpg,train,normal,coco2017,4.75,0.004,6.645,False
train/normal/000000088951.jpg,train,normal,coco2017,1.98,0.031,7.876,False
train/normal/000000088970.jpg,train,normal,coco2017,5.04,0.061,7.126,False
train/normal/000000089296.jpg,train,normal,coco2017,3.28,0.001,7.291,False
train/normal/000000089648.jpg,train,normal,coco2017,3.98,0.053,7.469,False
train/normal/000000089697.jpg,train,normal,coco2017,2.03,0.005,7.671,False
train/normal/000000090284.jpg,train,normal,coco2017,4.67,0.001,6.257,False
train/normal/000000091406.jpg,train,normal,coco2017,3.73,0.009,7.506,False
train/normal/000000091495.jpg,train,normal,coco2017,3.08,0.016,7.267,False
train/normal/000000091500.jpg,train,normal,coco2017,5.74,0.003,7.421,False
train/normal/000000092091.jpg,train,normal,coco2017,3.49,0.001,7.728,False
train/normal/000000092416.jpg,train,normal,coco2017,3.85,0.029,7.739,False
train/normal/000000093261.jpg,train,normal,coco2017,2.21,0.003,7.678,False
train/normal/000000094751.jpg,train,normal,coco2017,4.03,0.000,6.963,False
train/normal/000000094944.jpg,train,normal,coco2017,4.40,0.029,7.200,False
train/normal/000000095862.jpg,train,normal,coco2017,2.96,0.001,7.384,False
train/normal/000000097924.jpg,train,normal,coco2017,3.99,0.000,7.361,False
train/normal/000000097988.jpg,train,normal,coco2017,2.44,0.005,7.727,False
train/normal/000000098392.jpg,train,normal,coco2017,3.64,0.000,7.220,False
train/normal/000000098853.jpg,train,normal,coco2017,3.14,0.017,7.614,False
train/normal/000000099182.jpg,train,normal,coco2017,3.36,0.206,7.458,False
train/normal/000000099242.jpg,train,normal,coco2017,7.34,0.000,4.224,False
train/normal/000000099810.jpg,train,normal,coco2017,18.73,0.000,7.196,True
train/normal/000000100238.jpg,train,normal,coco2017,3.28,0.001,7.453,False
train/normal/000000100428.jpg,train,normal,coco2017,4.23,0.025,7.775,False
train/normal/000000100624.jpg,train,normal,coco2017,6.17,0.101,7.482,False
train/normal/000000101068.jpg,train,normal,coco2017,4.43,0.000,7.342,False
train/normal/000000102331.jpg,train,normal,coco2017,4.31,0.001,7.428,False
train/normal/000000102356.jpg,train,normal,coco2017,4.00,0.001,7.605,False
train/normal/000000102805.jpg,train,normal,coco2017,5.20,0.026,7.684,False
train/normal/000000102820.jpg,train,normal,coco2017,2.83,0.100,7.751,False
train/normal/000000104424.jpg,train,normal,coco2017,5.15,0.016,7.689,False
train/normal/000000106757.jpg,train,normal,coco2017,4.30,0.000,7.639,False
train/normal/000000107226.jpg,train,normal,coco2017,5.69,0.000,7.270,False
train/normal/000000108495.jpg,train,normal,coco2017,5.96,0.006,7.534,False
train/normal/000000109118.jpg,train,normal,coco2017,3.17,0.000,7.419,False
train/normal/000000109313.jpg,train,normal,coco2017,4.61,0.000,7.502,False
train/normal/000000109900.jpg,train,normal,coco2017,3.10,0.001,7.624,False
train/normal/000000109992.jpg,train,normal,coco2017,4.49,0.000,7.079,False
train/normal/000000110449.jpg,train,normal,coco2017,11.24,0.094,7.276,False
train/normal/000000111609.jpg,train,normal,coco2017,4.80,0.018,7.660,False
train/normal/000000114884.jpg,train,normal,coco2017,2.25,0.039,7.419,False
train/normal/000000114907.jpg,train,normal,coco2017,2.99,0.025,7.855,False
train/normal/000000115898.jpg,train,normal,coco2017,3.35,0.025,7.832,False
train/normal/000000115946.jpg,train,normal,coco2017,3.92,0.000,7.145,False
train/normal/000000116068.jpg,train,normal,coco2017,4.79,0.000,7.638,False
train/normal/000000117197.jpg,train,normal,coco2017,2.55,0.010,7.528,False
train/normal/000000117425.jpg,train,normal,coco2017,5.00,0.094,7.508,False
train/normal/000000117492.jpg,train,normal,coco2017,3.34,0.060,7.347,False
train/normal/000000117525.jpg,train,normal,coco2017,4.71,0.000,7.348,False
train/normal/000000117744.jpg,train,normal,coco2017,3.80,0.015,7.697,False
train/normal/000000118921.jpg,train,normal,coco2017,2.31,0.012,7.089,False
train/normal/000000119365.jpg,train,normal,coco2017,4.67,0.004,7.659,False
train/normal/000000119445.jpg,train,normal,coco2017,2.76,0.001,7.638,False
train/normal/000000119516.jpg,train,normal,coco2017,3.53,0.000,6.362,False
train/normal/000000119911.jpg,train,normal,coco2017,3.28,0.000,6.900,False
train/normal/000000119995.jpg,train,normal,coco2017,4.27,0.000,6.691,False
train/normal/000000120420.jpg,train,normal,coco2017,2.95,0.002,7.811,False
train/normal/000000121417.jpg,train,normal,coco2017,5.16,0.000,7.412,False
train/normal/000000121673.jpg,train,normal,coco2017,5.97,0.000,7.236,False
train/normal/000000121744.jpg,train,normal,coco2017,4.75,0.028,7.649,False
train/normal/000000122046.jpg,train,normal,coco2017,4.32,0.004,7.024,False
train/normal/000000122166.jpg,train,normal,coco2017,2.40,0.000,7.734,False
train/normal/000000122217.jpg,train,normal,coco2017,6.53,0.286,6.770,False
train/normal/000000122672.jpg,train,normal,coco2017,1.86,0.079,7.685,False
train/normal/000000123213.jpg,train,normal,coco2017,3.75,0.003,7.035,False
train/normal/000000123480.jpg,train,normal,coco2017,11.86,0.000,6.573,False
train/normal/000000123633.jpg,train,normal,coco2017,4.30,0.000,7.783,False
train/normal/000000124442.jpg,train,normal,coco2017,3.54,0.003,7.616,False
train/normal/000000125129.jpg,train,normal,coco2017,4.99,0.069,7.690,False
train/normal/000000125257.jpg,train,normal,coco2017,1.61,0.009,7.537,False
train/normal/000000125472.jpg,train,normal,coco2017,2.83,0.075,6.957,False
train/normal/000000127270.jpg,train,normal,coco2017,3.98,0.002,7.308,False
train/normal/000000127987.jpg,train,normal,coco2017,4.41,0.099,7.666,False
train/normal/000000128112.jpg,train,normal,coco2017,2.96,0.000,7.395,False
train/normal/000000128476.jpg,train,normal,coco2017,4.09,0.077,7.271,False
train/normal/000000128654.jpg,train,normal,coco2017,7.54,0.037,6.072,False
train/normal/000000128675.jpg,train,normal,coco2017,3.83,0.004,7.326,False
train/normal/000000128699.jpg,train,normal,coco2017,3.57,0.011,7.353,False
train/normal/000000128748.jpg,train,normal,coco2017,3.90,0.032,7.528,False
train/normal/000000129062.jpg,train,normal,coco2017,2.19,0.003,7.701,False
train/normal/000000129492.jpg,train,normal,coco2017,4.83,0.025,7.386,False
train/normal/000000129812.jpg,train,normal,coco2017,5.19,0.108,7.005,False
train/normal/000000129945.jpg,train,normal,coco2017,5.49,0.000,7.344,False
train/normal/000000130579.jpg,train,normal,coco2017,5.39,0.006,6.179,False
train/normal/000000130586.jpg,train,normal,coco2017,3.15,0.051,6.167,False
train/normal/000000130599.jpg,train,normal,coco2017,2.88,0.000,7.672,False
train/normal/000000130826.jpg,train,normal,coco2017,2.85,0.010,7.850,False
train/normal/000000131556.jpg,train,normal,coco2017,3.20,0.037,6.707,False
train/normal/000000132587.jpg,train,normal,coco2017,4.29,0.140,7.531,False
train/normal/000000132703.jpg,train,normal,coco2017,3.80,0.003,7.717,False
train/normal/000000132796.jpg,train,normal,coco2017,2.41,0.026,7.564,False
train/normal/000000132931.jpg,train,normal,coco2017,5.33,0.000,7.381,False
train/normal/000000133244.jpg,train,normal,coco2017,2.86,0.001,7.160,False
train/normal/000000133343.jpg,train,normal,coco2017,7.15,0.197,6.875,False
train/normal/000000133567.jpg,train,normal,coco2017,3.47,0.000,7.731,False
train/normal/000000133778.jpg,train,normal,coco2017,3.81,0.017,7.324,False
train/normal/000000133819.jpg,train,normal,coco2017,2.48,0.058,7.750,False
train/normal/000000133969.jpg,train,normal,coco2017,3.40,0.000,7.481,False
train/normal/000000135604.jpg,train,normal,coco2017,3.36,0.000,7.162,False
train/normal/000000136334.jpg,train,normal,coco2017,6.33,0.000,6.657,False
train/normal/000000136715.jpg,train,normal,coco2017,3.01,0.110,7.599,False
train/normal/000000136915.jpg,train,normal,coco2017,4.20,0.026,7.628,False
train/normal/000000137294.jpg,train,normal,coco2017,3.61,0.014,7.612,False
train/normal/000000138639.jpg,train,normal,coco2017,2.44,0.015,7.797,False
train/normal/000000138979.jpg,train,normal,coco2017,3.60,0.052,7.475,False
train/normal/000000139077.jpg,train,normal,coco2017,3.86,0.001,7.535,False
train/normal/000000139099.jpg,train,normal,coco2017,3.24,0.008,7.589,False
train/normal/000000140270.jpg,train,normal,coco2017,4.88,0.000,6.560,False
train/normal/000000140286.jpg,train,normal,coco2017,2.56,0.155,7.324,False
train/normal/000000140420.jpg,train,normal,coco2017,2.41,0.042,7.257,False
train/normal/000000140439.jpg,train,normal,coco2017,4.22,0.004,7.213,False
train/normal/000000140556.jpg,train,normal,coco2017,3.35,0.007,7.544,False
train/normal/000000140583.jpg,train,normal,coco2017,2.42,0.019,7.610,False
train/normal/000000140640.jpg,train,normal,coco2017,3.12,0.019,7.350,False
train/normal/000000140987.jpg,train,normal,coco2017,5.36,0.059,7.848,False
train/normal/000000142238.jpg,train,normal,coco2017,1.91,0.010,7.597,False
train/normal/000000142324.jpg,train,normal,coco2017,3.51,0.031,7.429,False
train/normal/000000142472.jpg,train,normal,coco2017,2.35,0.000,7.455,False
train/normal/000000142620.jpg,train,normal,coco2017,2.66,0.030,7.631,False
train/normal/000000142790.jpg,train,normal,coco2017,4.67,0.007,6.978,False
train/normal/000000143556.jpg,train,normal,coco2017,3.63,0.098,7.350,False
train/normal/000000143572.jpg,train,normal,coco2017,1.79,0.020,7.796,False
train/normal/000000143961.jpg,train,normal,coco2017,3.15,0.000,7.602,False
train/normal/000000144333.jpg,train,normal,coco2017,2.67,0.181,7.444,False
train/normal/000000144706.jpg,train,normal,coco2017,5.79,0.001,7.445,False
train/normal/000000144932.jpg,train,normal,coco2017,10.42,0.001,5.888,False
train/normal/000000144984.jpg,train,normal,coco2017,7.80,0.024,7.156,False
train/normal/000000145597.jpg,train,normal,coco2017,2.50,0.114,7.572,False
train/normal/000000145620.jpg,train,normal,coco2017,2.55,0.096,7.548,False
train/normal/000000145781.jpg,train,normal,coco2017,3.88,0.003,7.646,False
train/normal/000000146155.jpg,train,normal,coco2017,4.32,0.030,7.357,False
train/normal/000000146358.jpg,train,normal,coco2017,3.73,0.000,7.411,False
train/normal/000000146457.jpg,train,normal,coco2017,4.73,0.000,7.480,False
train/normal/000000146667.jpg,train,normal,coco2017,2.58,0.037,7.462,False
train/normal/000000146831.jpg,train,normal,coco2017,2.94,0.010,7.677,False
train/normal/000000147725.jpg,train,normal,coco2017,4.55,0.026,7.621,False
train/normal/000000147729.jpg,train,normal,coco2017,8.61,0.178,6.152,False
train/normal/000000147740.jpg,train,normal,coco2017,3.70,0.037,7.845,False
train/normal/000000147745.jpg,train,normal,coco2017,2.68,0.029,7.834,False
train/normal/000000148508.jpg,train,normal,coco2017,2.51,0.008,7.767,False
train/normal/000000148662.jpg,train,normal,coco2017,7.50,0.031,7.270,False
train/normal/000000148739.jpg,train,normal,coco2017,3.96,0.000,7.217,False
train/normal/000000149375.jpg,train,normal,coco2017,5.63,0.183,6.988,False
train/normal/000000149568.jpg,train,normal,coco2017,4.65,0.000,7.027,False
train/normal/000000150417.jpg,train,normal,coco2017,4.52,0.012,7.723,False
train/normal/000000150649.jpg,train,normal,coco2017,4.51,0.002,7.343,False
train/normal/000000150726.jpg,train,normal,coco2017,2.74,0.035,7.921,False
train/normal/000000151000.jpg,train,normal,coco2017,2.90,0.053,7.666,False
train/normal/000000151051.jpg,train,normal,coco2017,5.55,0.004,4.641,False
train/normal/000000151480.jpg,train,normal,coco2017,4.09,0.000,7.236,False
train/normal/000000151629.jpg,train,normal,coco2017,6.06,0.000,7.478,False
train/normal/000000151657.jpg,train,normal,coco2017,6.73,0.122,6.793,False
train/normal/000000151820.jpg,train,normal,coco2017,4.17,0.068,7.350,False
train/normal/000000152120.jpg,train,normal,coco2017,3.47,0.012,7.470,False
train/normal/000000152214.jpg,train,normal,coco2017,8.88,0.000,7.367,False
train/normal/000000152686.jpg,train,normal,coco2017,4.17,0.001,6.725,False
train/normal/000000153011.jpg,train,normal,coco2017,2.99,0.055,7.528,False
train/normal/000000153529.jpg,train,normal,coco2017,3.38,0.003,7.732,False
train/normal/000000153797.jpg,train,normal,coco2017,3.39,0.000,6.772,False
train/normal/000000154087.jpg,train,normal,coco2017,3.73,0.006,7.006,False
train/normal/000000154425.jpg,train,normal,coco2017,3.40,0.019,7.453,False
train/normal/000000154644.jpg,train,normal,coco2017,8.39,0.278,7.168,False
train/normal/000000156278.jpg,train,normal,coco2017,4.91,0.006,7.735,False
train/normal/000000156292.jpg,train,normal,coco2017,3.27,0.021,7.489,False
train/normal/000000156372.jpg,train,normal,coco2017,5.08,0.030,7.129,False
train/normal/000000156643.jpg,train,normal,coco2017,4.22,0.000,7.571,False
train/normal/000000156924.jpg,train,normal,coco2017,5.74,0.158,7.423,False
train/normal/000000157365.jpg,train,normal,coco2017,6.21,0.237,6.794,False
train/normal/000000157601.jpg,train,normal,coco2017,7.70,0.007,7.172,False
train/normal/000000157767.jpg,train,normal,coco2017,3.73,0.044,7.810,False
train/normal/000000157928.jpg,train,normal,coco2017,3.26,0.084,7.433,False
train/normal/000000161609.jpg,train,normal,coco2017,4.85,0.197,7.104,False
train/normal/000000161642.jpg,train,normal,coco2017,5.07,0.000,6.532,False
train/normal/000000161781.jpg,train,normal,coco2017,3.43,0.000,7.402,False
train/normal/000000161799.jpg,train,normal,coco2017,3.83,0.000,6.014,False
train/normal/000000161861.jpg,train,normal,coco2017,18.39,0.000,6.166,True
train/normal/000000161875.jpg,train,normal,coco2017,1.64,0.079,7.782,False
train/normal/000000161879.jpg,train,normal,coco2017,4.04,0.052,7.520,False
train/normal/000000161978.jpg,train,normal,coco2017,3.07,0.012,7.406,False
train/normal/000000162092.jpg,train,normal,coco2017,6.99,0.282,6.843,False
train/normal/000000162415.jpg,train,normal,coco2017,3.95,0.068,7.793,False
train/normal/000000162543.jpg,train,normal,coco2017,2.97,0.037,7.055,False
train/normal/000000162581.jpg,train,normal,coco2017,6.23,0.005,6.327,False
train/normal/000000162732.jpg,train,normal,coco2017,3.25,0.008,7.753,False
train/normal/000000163117.jpg,train,normal,coco2017,3.82,0.106,7.357,False
train/normal/000000163118.jpg,train,normal,coco2017,6.49,0.000,6.930,False
train/normal/000000163257.jpg,train,normal,coco2017,4.33,0.149,7.115,False
train/normal/000000163682.jpg,train,normal,coco2017,5.68,0.069,7.517,False
train/normal/000000163746.jpg,train,normal,coco2017,4.55,0.001,7.213,False
train/normal/000000164883.jpg,train,normal,coco2017,4.18,0.039,7.765,False
train/normal/000000164885.jpg,train,normal,coco2017,5.39,0.000,6.130,False
train/normal/000000166165.jpg,train,normal,coco2017,3.70,0.001,7.054,False
train/normal/000000166478.jpg,train,normal,coco2017,5.44,0.070,7.407,False
train/normal/000000166747.jpg,train,normal,coco2017,3.12,0.002,7.484,False
train/normal/000000166768.jpg,train,normal,coco2017,8.49,0.002,6.941,False
train/normal/000000167067.jpg,train,normal,coco2017,14.72,0.008,7.549,False
train/normal/000000167486.jpg,train,normal,coco2017,3.39,0.247,7.025,False
train/normal/000000168883.jpg,train,normal,coco2017,4.02,0.013,7.681,False
train/normal/000000168974.jpg,train,normal,coco2017,6.38,0.001,7.198,False
train/normal/000000170099.jpg,train,normal,coco2017,3.11,0.009,7.751,False
train/normal/000000170191.jpg,train,normal,coco2017,6.06,0.016,7.619,False
train/normal/000000170474.jpg,train,normal,coco2017,3.97,0.013,7.419,False
train/normal/000000170955.jpg,train,normal,coco2017,6.44,0.012,7.350,False
train/normal/000000171190.jpg,train,normal,coco2017,5.15,0.054,7.351,False
train/normal/000000171382.jpg,train,normal,coco2017,3.57,0.013,7.513,False
train/normal/000000171757.jpg,train,normal,coco2017,12.09,0.001,7.166,False
train/normal/000000171788.jpg,train,normal,coco2017,3.55,0.027,7.528,False
train/normal/000000172946.jpg,train,normal,coco2017,4.83,0.007,6.839,False
train/normal/000000173008.jpg,train,normal,coco2017,4.58,0.000,7.717,False
train/normal/000000173799.jpg,train,normal,coco2017,2.36,0.000,7.590,False
train/normal/000000175251.jpg,train,normal,coco2017,7.49,0.000,7.629,False
train/normal/000000176037.jpg,train,normal,coco2017,2.88,0.001,7.213,False
train/normal/000000176857.jpg,train,normal,coco2017,6.57,0.001,7.437,False
train/normal/000000176901.jpg,train,normal,coco2017,4.27,0.000,6.570,False
train/normal/000000177065.jpg,train,normal,coco2017,2.00,0.026,7.553,False
train/normal/000000177357.jpg,train,normal,coco2017,3.09,0.002,7.278,False
train/normal/000000177489.jpg,train,normal,coco2017,4.35,0.033,7.806,False
train/normal/000000177861.jpg,train,normal,coco2017,4.77,0.014,7.510,False
train/normal/000000177893.jpg,train,normal,coco2017,5.44,0.000,6.739,False
train/normal/000000177934.jpg,train,normal,coco2017,2.25,0.055,7.829,False
train/normal/000000179112.jpg,train,normal,coco2017,7.94,0.008,7.738,False
train/normal/000000179141.jpg,train,normal,coco2017,6.39,0.250,6.655,False
train/normal/000000180101.jpg,train,normal,coco2017,4.72,0.018,7.426,False
train/normal/000000180135.jpg,train,normal,coco2017,3.87,0.636,4.537,True
train/normal/000000180296.jpg,train,normal,coco2017,2.75,0.113,7.739,False
train/normal/000000180487.jpg,train,normal,coco2017,3.09,0.000,7.560,False
train/normal/000000180751.jpg,train,normal,coco2017,3.72,0.006,7.829,False
train/normal/000000181421.jpg,train,normal,coco2017,8.36,0.000,6.521,False
train/normal/000000181542.jpg,train,normal,coco2017,2.55,0.061,7.880,False
train/normal/000000182021.jpg,train,normal,coco2017,26.61,0.000,6.471,True
train/normal/000000182155.jpg,train,normal,coco2017,5.42,0.034,7.248,False
train/normal/000000182441.jpg,train,normal,coco2017,3.39,0.003,7.368,False
train/normal/000000182805.jpg,train,normal,coco2017,4.45,0.000,7.595,False
train/normal/000000182923.jpg,train,normal,coco2017,3.97,0.000,7.245,False
train/normal/000000183127.jpg,train,normal,coco2017,8.43,0.000,7.104,False
train/normal/000000183391.jpg,train,normal,coco2017,3.70,0.090,7.548,False
train/normal/000000183437.jpg,train,normal,coco2017,2.92,0.004,7.736,False
train/normal/000000183648.jpg,train,normal,coco2017,3.30,0.000,7.603,False
train/normal/000000183675.jpg,train,normal,coco2017,3.95,0.003,7.560,False
train/normal/000000183709.jpg,train,normal,coco2017,4.04,0.000,7.307,False
train/normal/000000183716.jpg,train,normal,coco2017,5.37,0.079,7.417,False
train/normal/000000184324.jpg,train,normal,coco2017,3.15,0.083,7.453,False
train/normal/000000184338.jpg,train,normal,coco2017,2.99,0.019,7.564,False
train/normal/000000184611.jpg,train,normal,coco2017,2.57,0.070,7.659,False
train/normal/000000184978.jpg,train,normal,coco2017,3.41,0.000,6.756,False
train/normal/000000185250.jpg,train,normal,coco2017,2.07,0.005,7.571,False
train/normal/000000185950.jpg,train,normal,coco2017,5.24,0.066,7.401,False
train/normal/000000187055.jpg,train,normal,coco2017,5.73,0.000,7.617,False
train/normal/000000187243.jpg,train,normal,coco2017,4.95,0.000,7.209,False
train/normal/000000187362.jpg,train,normal,coco2017,8.51,0.000,7.004,False
train/normal/000000187585.jpg,train,normal,coco2017,4.21,0.022,7.732,False
train/normal/000000188465.jpg,train,normal,coco2017,4.17,0.111,7.399,False
train/normal/000000189475.jpg,train,normal,coco2017,4.95,0.000,7.707,False
train/normal/000000189775.jpg,train,normal,coco2017,3.71,0.000,7.269,False
train/normal/000000190140.jpg,train,normal,coco2017,4.59,0.062,7.163,False
train/normal/000000190236.jpg,train,normal,coco2017,3.22,0.206,7.132,False
train/normal/000000190307.jpg,train,normal,coco2017,3.43,0.025,7.574,False
train/normal/000000190637.jpg,train,normal,coco2017,6.54,0.011,7.377,False
train/normal/000000190676.jpg,train,normal,coco2017,3.36,0.076,7.398,False
train/normal/000000190756.jpg,train,normal,coco2017,3.50,0.001,7.426,False
train/normal/000000190841.jpg,train,normal,coco2017,2.75,0.016,7.546,False
train/normal/000000192670.jpg,train,normal,coco2017,2.23,0.024,7.714,False
train/normal/000000192699.jpg,train,normal,coco2017,3.04,0.026,7.849,False
train/normal/000000193348.jpg,train,normal,coco2017,10.15,0.000,7.266,False
train/normal/000000193429.jpg,train,normal,coco2017,2.79,0.001,6.973,False
train/normal/000000193674.jpg,train,normal,coco2017,4.01,0.054,7.742,False
train/normal/000000193743.jpg,train,normal,coco2017,6.45,0.046,6.570,False
train/normal/000000194216.jpg,train,normal,coco2017,4.04,0.009,7.099,False
train/normal/000000194716.jpg,train,normal,coco2017,5.69,0.004,7.618,False
train/normal/000000195842.jpg,train,normal,coco2017,4.36,0.008,6.993,False
train/normal/000000196141.jpg,train,normal,coco2017,3.80,0.020,7.471,False
train/normal/000000198510.jpg,train,normal,coco2017,2.45,0.219,6.754,False
train/normal/000000199310.jpg,train,normal,coco2017,2.41,0.114,7.586,False
train/normal/000000199771.jpg,train,normal,coco2017,3.13,0.042,7.617,False
train/normal/000000200421.jpg,train,normal,coco2017,4.21,0.104,7.181,False
train/normal/000000200961.jpg,train,normal,coco2017,4.90,0.000,6.730,False
train/normal/000000201072.jpg,train,normal,coco2017,4.08,0.001,7.290,False
train/normal/000000201418.jpg,train,normal,coco2017,5.27,0.003,7.156,False
train/normal/000000201426.jpg,train,normal,coco2017,3.64,0.009,7.739,False
train/normal/000000201646.jpg,train,normal,coco2017,5.90,0.001,7.515,False
train/normal/000000202001.jpg,train,normal,coco2017,4.48,0.152,7.460,False
train/normal/000000202228.jpg,train,normal,coco2017,9.96,0.041,7.334,False
train/normal/000000202339.jpg,train,normal,coco2017,3.50,0.099,7.446,False
train/normal/000000203294.jpg,train,normal,coco2017,2.81,0.031,7.476,False
train/normal/000000203629.jpg,train,normal,coco2017,3.74,0.186,7.489,False
train/normal/000000203639.jpg,train,normal,coco2017,1.82,0.015,7.786,False
train/normal/000000203864.jpg,train,normal,coco2017,2.48,0.005,7.365,False
train/normal/000000203931.jpg,train,normal,coco2017,2.32,0.046,7.827,False
train/normal/000000204186.jpg,train,normal,coco2017,2.97,0.000,7.307,False
train/normal/000000205105.jpg,train,normal,coco2017,6.54,0.248,6.435,False
train/normal/000000206025.jpg,train,normal,coco2017,4.84,0.166,7.515,False
train/normal/000000206487.jpg,train,normal,coco2017,2.90,0.000,7.356,False
train/normal/000000206579.jpg,train,normal,coco2017,11.79,0.003,7.258,False
train/normal/000000206838.jpg,train,normal,coco2017,7.45,0.000,7.529,False
train/normal/000000208363.jpg,train,normal,coco2017,3.52,0.006,7.868,False
train/normal/000000209222.jpg,train,normal,coco2017,2.57,0.119,7.364,False
train/normal/000000209530.jpg,train,normal,coco2017,4.66,0.100,6.966,False
train/normal/000000209757.jpg,train,normal,coco2017,3.34,0.045,7.138,False
train/normal/000000209829.jpg,train,normal,coco2017,6.84,0.000,7.046,False
train/normal/000000210230.jpg,train,normal,coco2017,2.98,0.133,7.487,False
train/normal/000000210388.jpg,train,normal,coco2017,4.10,0.004,7.015,False
train/normal/000000210789.jpg,train,normal,coco2017,4.45,0.020,7.592,False
train/normal/000000212573.jpg,train,normal,coco2017,3.99,0.000,7.711,False
train/normal/000000212800.jpg,train,normal,coco2017,2.93,0.012,7.668,False
train/normal/000000213033.jpg,train,normal,coco2017,5.14,0.004,7.316,False
train/normal/000000213255.jpg,train,normal,coco2017,4.20,0.101,7.211,False
train/normal/000000213830.jpg,train,normal,coco2017,3.21,0.002,7.074,False
train/normal/000000214539.jpg,train,normal,coco2017,2.95,0.009,7.620,False
train/normal/000000214720.jpg,train,normal,coco2017,4.32,0.002,7.796,False
train/normal/000000215072.jpg,train,normal,coco2017,3.73,0.039,7.549,False
train/normal/000000215259.jpg,train,normal,coco2017,6.33,0.026,7.711,False
train/normal/000000215644.jpg,train,normal,coco2017,6.28,0.009,7.553,False
train/normal/000000215723.jpg,train,normal,coco2017,5.39,0.023,7.461,False
train/normal/000000216296.jpg,train,normal,coco2017,5.32,0.023,6.825,False
train/normal/000000216516.jpg,train,normal,coco2017,2.57,0.001,7.352,False
train/normal/000000217285.jpg,train,normal,coco2017,2.92,0.005,7.772,False
train/normal/000000218439.jpg,train,normal,coco2017,3.07,0.002,7.564,False
train/normal/000000218997.jpg,train,normal,coco2017,2.83,0.017,7.622,False
train/normal/000000221291.jpg,train,normal,coco2017,7.62,0.002,6.956,False
train/normal/000000222118.jpg,train,normal,coco2017,4.76,0.001,5.367,False
train/normal/000000223182.jpg,train,normal,coco2017,2.45,0.005,7.839,False
train/normal/000000223188.jpg,train,normal,coco2017,4.62,0.000,7.494,False
train/normal/000000223738.jpg,train,normal,coco2017,3.42,0.013,7.683,False
train/normal/000000223959.jpg,train,normal,coco2017,5.87,0.000,7.158,False
train/normal/000000224337.jpg,train,normal,coco2017,6.63,0.152,7.142,False
train/normal/000000224675.jpg,train,normal,coco2017,6.34,0.061,7.702,False
train/normal/000000224724.jpg,train,normal,coco2017,2.61,0.058,7.831,False
train/normal/000000224807.jpg,train,normal,coco2017,4.00,0.071,7.247,False
train/normal/000000226147.jpg,train,normal,coco2017,4.63,0.037,7.344,False
train/normal/000000226417.jpg,train,normal,coco2017,2.68,0.006,7.760,False
train/normal/000000227478.jpg,train,normal,coco2017,2.45,0.019,7.825,False
train/normal/000000227482.jpg,train,normal,coco2017,10.36,0.135,6.677,False
train/normal/000000228214.jpg,train,normal,coco2017,5.32,0.191,7.274,False
train/normal/000000229111.jpg,train,normal,coco2017,9.96,0.003,6.890,False
train/normal/000000229553.jpg,train,normal,coco2017,5.58,0.004,6.234,False
train/normal/000000229601.jpg,train,normal,coco2017,4.39,0.128,6.980,False
train/normal/000000229659.jpg,train,normal,coco2017,4.31,0.000,7.752,False
train/normal/000000229849.jpg,train,normal,coco2017,2.33,0.006,7.610,False
train/normal/000000229858.jpg,train,normal,coco2017,2.44,0.003,7.544,False
train/normal/000000230166.jpg,train,normal,coco2017,3.75,0.000,7.431,False
train/normal/000000230362.jpg,train,normal,coco2017,4.52,0.004,7.820,False
train/normal/000000230450.jpg,train,normal,coco2017,2.76,0.070,7.592,False
train/normal/000000230819.jpg,train,normal,coco2017,5.13,0.000,7.519,False
train/normal/000000230993.jpg,train,normal,coco2017,3.46,0.134,7.535,False
train/normal/000000231339.jpg,train,normal,coco2017,4.40,0.026,7.444,False
train/normal/000000231508.jpg,train,normal,coco2017,3.12,0.005,7.394,False
train/normal/000000231580.jpg,train,normal,coco2017,2.38,0.000,7.579,False
train/normal/000000231879.jpg,train,normal,coco2017,5.06,0.004,7.809,False
train/normal/000000233727.jpg,train,normal,coco2017,3.98,0.000,7.196,False
train/normal/000000235241.jpg,train,normal,coco2017,5.19,0.020,6.638,False
train/normal/000000235784.jpg,train,normal,coco2017,5.95,0.003,7.233,False
train/normal/000000236166.jpg,train,normal,coco2017,4.83,0.000,7.650,False
train/normal/000000236308.jpg,train,normal,coco2017,6.70,0.000,6.511,False
train/normal/000000236426.jpg,train,normal,coco2017,3.09,0.015,7.108,False
train/normal/000000237071.jpg,train,normal,coco2017,6.04,0.011,6.096,False
train/normal/000000237118.jpg,train,normal,coco2017,5.17,0.080,7.636,False
train/normal/000000238013.jpg,train,normal,coco2017,4.68,0.007,7.368,False
train/normal/000000238410.jpg,train,normal,coco2017,2.48,0.020,7.895,False
train/normal/000000239717.jpg,train,normal,coco2017,6.36,0.029,7.627,False
train/normal/000000239857.jpg,train,normal,coco2017,3.50,0.024,7.490,False
train/normal/000000240023.jpg,train,normal,coco2017,4.91,0.004,7.055,False
train/normal/000000240049.jpg,train,normal,coco2017,3.06,0.034,7.791,False
train/normal/000000240250.jpg,train,normal,coco2017,3.73,0.051,7.358,False
train/normal/000000241668.jpg,train,normal,coco2017,8.43,0.027,7.695,False
train/normal/000000242287.jpg,train,normal,coco2017,3.03,0.000,7.577,False
train/normal/000000242678.jpg,train,normal,coco2017,2.03,0.014,7.571,False
train/normal/000000242724.jpg,train,normal,coco2017,5.14,0.000,7.396,False
train/normal/000000242946.jpg,train,normal,coco2017,3.61,0.020,7.713,False
train/normal/000000243148.jpg,train,normal,coco2017,4.51,0.000,7.011,False
train/normal/000000243626.jpg,train,normal,coco2017,5.02,0.000,7.738,False
train/normal/000000243989.jpg,train,normal,coco2017,3.56,0.034,7.514,False
train/normal/000000244379.jpg,train,normal,coco2017,5.07,0.090,7.729,False
train/normal/000000244496.jpg,train,normal,coco2017,9.80,0.021,6.671,False
train/normal/000000244750.jpg,train,normal,coco2017,4.55,0.271,6.961,False
train/normal/000000245026.jpg,train,normal,coco2017,4.54,0.047,7.261,False
train/normal/000000245448.jpg,train,normal,coco2017,2.97,0.006,7.230,False
train/normal/000000245513.jpg,train,normal,coco2017,4.05,0.000,7.174,False
train/normal/000000246436.jpg,train,normal,coco2017,5.77,0.117,7.499,False
train/normal/000000246454.jpg,train,normal,coco2017,4.08,0.061,7.549,False
train/normal/000000246883.jpg,train,normal,coco2017,8.09,0.002,7.066,False
train/normal/000000246963.jpg,train,normal,coco2017,3.41,0.000,6.937,False
train/normal/000000246968.jpg,train,normal,coco2017,4.12,0.053,7.508,False
train/normal/000000247917.jpg,train,normal,coco2017,3.36,0.027,7.500,False
train/normal/000000248616.jpg,train,normal,coco2017,1.96,0.007,7.838,False
train/normal/000000250282.jpg,train,normal,coco2017,3.02,0.014,7.711,False
train/normal/000000251572.jpg,train,normal,coco2017,10.00,0.006,7.664,False
train/normal/000000251824.jpg,train,normal,coco2017,5.73,0.014,7.498,False
train/normal/000000252216.jpg,train,normal,coco2017,4.25,0.004,7.224,False
train/normal/000000252219.jpg,train,normal,coco2017,2.51,0.061,7.725,False
train/normal/000000252332.jpg,train,normal,coco2017,2.49,0.009,7.020,False
train/normal/000000252507.jpg,train,normal,coco2017,3.63,0.002,7.244,False
train/normal/000000252559.jpg,train,normal,coco2017,3.20,0.000,7.074,False
train/normal/000000252716.jpg,train,normal,coco2017,3.54,0.000,7.292,False
train/normal/000000252776.jpg,train,normal,coco2017,6.99,0.001,7.472,False
train/normal/000000253002.jpg,train,normal,coco2017,3.32,0.001,7.249,False
train/normal/000000253386.jpg,train,normal,coco2017,6.23,0.299,6.480,False
train/normal/000000253433.jpg,train,normal,coco2017,4.63,0.027,7.615,False
train/normal/000000253452.jpg,train,normal,coco2017,6.62,0.005,7.146,False
train/normal/000000253742.jpg,train,normal,coco2017,2.64,0.013,7.831,False
train/normal/000000253819.jpg,train,normal,coco2017,2.54,0.012,7.550,False
train/normal/000000253835.jpg,train,normal,coco2017,3.66,0.002,7.762,False
train/normal/000000254368.jpg,train,normal,coco2017,4.36,0.014,7.745,False
train/normal/000000256775.jpg,train,normal,coco2017,6.29,0.000,7.367,False
train/normal/000000256941.jpg,train,normal,coco2017,5.92,0.131,6.902,False
train/normal/000000257370.jpg,train,normal,coco2017,5.65,0.000,7.025,False
train/normal/000000257478.jpg,train,normal,coco2017,4.95,0.001,6.595,False
train/normal/000000257624.jpg,train,normal,coco2017,5.51,0.003,7.262,False
train/normal/000000257865.jpg,train,normal,coco2017,6.58,0.012,4.885,False
train/normal/000000257896.jpg,train,normal,coco2017,6.57,0.001,7.296,False
train/normal/000000258388.jpg,train,normal,coco2017,9.33,0.358,5.638,False
train/normal/000000258541.jpg,train,normal,coco2017,11.20,0.044,7.290,False
train/normal/000000259597.jpg,train,normal,coco2017,4.41,0.269,7.129,False
train/normal/000000259690.jpg,train,normal,coco2017,3.11,0.002,7.470,False
train/normal/000000261061.jpg,train,normal,coco2017,7.69,0.018,7.131,False
train/normal/000000261318.jpg,train,normal,coco2017,2.65,0.367,6.655,False
train/normal/000000261535.jpg,train,normal,coco2017,3.75,0.042,7.363,False
train/normal/000000261732.jpg,train,normal,coco2017,4.05,0.004,7.162,False
train/normal/000000261888.jpg,train,normal,coco2017,4.26,0.044,7.329,False
train/normal/000000262487.jpg,train,normal,coco2017,4.30,0.000,6.488,False
train/normal/000000262895.jpg,train,normal,coco2017,8.06,0.412,6.434,True
train/normal/000000263425.jpg,train,normal,coco2017,2.73,0.066,7.461,False
train/normal/000000263969.jpg,train,normal,coco2017,3.66,0.252,7.196,False
train/normal/000000264968.jpg,train,normal,coco2017,4.23,0.013,7.415,False
train/normal/000000265777.jpg,train,normal,coco2017,4.61,0.000,7.660,False
train/normal/000000266768.jpg,train,normal,coco2017,2.41,0.012,7.511,False
train/normal/000000266892.jpg,train,normal,coco2017,3.48,0.009,7.510,False
train/normal/000000268378.jpg,train,normal,coco2017,3.93,0.004,7.572,False
train/normal/000000269316.jpg,train,normal,coco2017,5.30,0.000,7.167,False
train/normal/000000269942.jpg,train,normal,coco2017,3.81,0.021,7.368,False
train/normal/000000270474.jpg,train,normal,coco2017,4.84,0.011,7.303,False
train/normal/000000270677.jpg,train,normal,coco2017,1.85,0.019,7.494,False
train/normal/000000271116.jpg,train,normal,coco2017,4.31,0.078,7.807,False
train/normal/000000271402.jpg,train,normal,coco2017,4.26,0.000,7.489,False
train/normal/000000271997.jpg,train,normal,coco2017,13.92,0.000,7.380,False
train/normal/000000272566.jpg,train,normal,coco2017,1.92,0.003,7.865,False
train/normal/000000273132.jpg,train,normal,coco2017,7.21,0.000,7.486,False
train/normal/000000273198.jpg,train,normal,coco2017,4.03,0.018,7.538,False
train/normal/000000273232.jpg,train,normal,coco2017,3.34,0.009,7.768,False
train/normal/000000273420.jpg,train,normal,coco2017,6.14,0.000,7.412,False
train/normal/000000273715.jpg,train,normal,coco2017,2.92,0.080,7.291,False
train/normal/000000273760.jpg,train,normal,coco2017,5.11,0.000,6.577,False
train/normal/000000274219.jpg,train,normal,coco2017,7.27,0.006,7.768,False
train/normal/000000274411.jpg,train,normal,coco2017,4.70,0.017,7.022,False
train/normal/000000274460.jpg,train,normal,coco2017,2.49,0.020,7.609,False
train/normal/000000275198.jpg,train,normal,coco2017,2.95,0.043,7.711,False
train/normal/000000275392.jpg,train,normal,coco2017,3.89,0.038,6.066,False
train/normal/000000275749.jpg,train,normal,coco2017,5.85,0.037,7.089,False
train/normal/000000275791.jpg,train,normal,coco2017,2.96,0.009,7.513,False
train/normal/000000276018.jpg,train,normal,coco2017,5.77,0.062,7.761,False
train/normal/000000276024.jpg,train,normal,coco2017,1.88,0.001,7.481,False
train/normal/000000276055.jpg,train,normal,coco2017,4.02,0.000,7.175,False
train/normal/000000276804.jpg,train,normal,coco2017,4.57,0.001,7.223,False
train/normal/000000277005.jpg,train,normal,coco2017,2.13,0.010,7.816,False
train/normal/000000277020.jpg,train,normal,coco2017,4.00,0.420,6.421,True
train/normal/000000278705.jpg,train,normal,coco2017,3.03,0.005,7.729,False
train/normal/000000278749.jpg,train,normal,coco2017,2.58,0.020,7.651,False
train/normal/000000278848.jpg,train,normal,coco2017,4.63,0.074,7.005,False
train/normal/000000278973.jpg,train,normal,coco2017,2.71,0.000,7.514,False
train/normal/000000279774.jpg,train,normal,coco2017,4.21,0.000,7.622,False
train/normal/000000280779.jpg,train,normal,coco2017,5.11,0.010,7.352,False
train/normal/000000280930.jpg,train,normal,coco2017,3.34,0.234,7.275,False
train/normal/000000281687.jpg,train,normal,coco2017,2.94,0.151,7.475,False
train/normal/000000281754.jpg,train,normal,coco2017,3.91,0.005,7.754,False
train/normal/000000281759.jpg,train,normal,coco2017,3.42,0.008,7.891,False
train/normal/000000283520.jpg,train,normal,coco2017,2.85,0.000,7.302,False
train/normal/000000283717.jpg,train,normal,coco2017,3.33,0.053,7.578,False
train/normal/000000283785.jpg,train,normal,coco2017,2.97,0.090,7.512,False
train/normal/000000284743.jpg,train,normal,coco2017,5.80,0.650,4.330,True
train/normal/000000284762.jpg,train,normal,coco2017,4.25,0.011,7.355,False
train/normal/000000284764.jpg,train,normal,coco2017,7.43,0.000,7.250,False
train/normal/000000284991.jpg,train,normal,coco2017,7.98,0.078,7.180,False
train/normal/000000285047.jpg,train,normal,coco2017,5.85,0.000,7.253,False
train/normal/000000285894.jpg,train,normal,coco2017,3.82,0.083,7.434,False
train/normal/000000286182.jpg,train,normal,coco2017,4.34,0.024,7.702,False
train/normal/000000286523.jpg,train,normal,coco2017,5.16,0.078,7.787,False
train/normal/000000286553.jpg,train,normal,coco2017,5.93,0.000,7.527,False
train/normal/000000287347.jpg,train,normal,coco2017,3.44,0.096,7.609,False
train/normal/000000287527.jpg,train,normal,coco2017,6.84,0.000,7.342,False
train/normal/000000288430.jpg,train,normal,coco2017,5.26,0.004,6.574,False
train/normal/000000289343.jpg,train,normal,coco2017,3.32,0.001,7.500,False
train/normal/000000292024.jpg,train,normal,coco2017,5.03,0.000,7.482,False
train/normal/000000292082.jpg,train,normal,coco2017,4.80,0.000,7.643,False
train/normal/000000292236.jpg,train,normal,coco2017,7.17,0.082,7.577,False
train/normal/000000292456.jpg,train,normal,coco2017,2.86,0.180,7.486,False
train/normal/000000292488.jpg,train,normal,coco2017,17.91,0.119,6.536,True
train/normal/000000292997.jpg,train,normal,coco2017,3.49,0.004,7.009,False
train/normal/000000294350.jpg,train,normal,coco2017,3.95,0.132,7.748,False
train/normal/000000294695.jpg,train,normal,coco2017,4.17,0.003,7.001,False
train/normal/000000295478.jpg,train,normal,coco2017,5.71,0.000,7.300,False
train/normal/000000295713.jpg,train,normal,coco2017,3.20,0.008,7.628,False
train/normal/000000296222.jpg,train,normal,coco2017,4.83,0.060,7.572,False
train/normal/000000296649.jpg,train,normal,coco2017,2.61,0.050,7.638,False
train/normal/000000296657.jpg,train,normal,coco2017,2.22,0.003,7.756,False
train/normal/000000297084.jpg,train,normal,coco2017,3.35,0.000,7.819,False
train/normal/000000297562.jpg,train,normal,coco2017,4.29,0.075,7.465,False
train/normal/000000297578.jpg,train,normal,coco2017,6.69,0.129,7.342,False
train/normal/000000299887.jpg,train,normal,coco2017,3.27,0.041,7.699,False
train/normal/000000300276.jpg,train,normal,coco2017,2.68,0.108,7.673,False
train/normal/000000300341.jpg,train,normal,coco2017,4.76,0.057,7.090,False
train/normal/000000301135.jpg,train,normal,coco2017,2.09,0.098,7.595,False
train/normal/000000301376.jpg,train,normal,coco2017,3.86,0.006,7.127,False
train/normal/000000301718.jpg,train,normal,coco2017,5.53,0.027,7.615,False
train/normal/000000302536.jpg,train,normal,coco2017,7.07,0.015,7.388,False
train/normal/000000302882.jpg,train,normal,coco2017,6.10,0.035,6.973,False
train/normal/000000303818.jpg,train,normal,coco2017,3.11,0.010,7.448,False
train/normal/000000303893.jpg,train,normal,coco2017,3.48,0.007,7.875,False
train/normal/000000304180.jpg,train,normal,coco2017,3.58,0.012,7.676,False
train/normal/000000305309.jpg,train,normal,coco2017,4.48,0.017,7.655,False
train/normal/000000305317.jpg,train,normal,coco2017,5.85,0.002,6.688,False
train/normal/000000306139.jpg,train,normal,coco2017,4.39,0.108,7.325,False
train/normal/000000309655.jpg,train,normal,coco2017,3.28,0.004,7.665,False
train/normal/000000309964.jpg,train,normal,coco2017,3.31,0.013,7.628,False
train/normal/000000310862.jpg,train,normal,coco2017,6.46,0.000,7.725,False
train/normal/000000311002.jpg,train,normal,coco2017,5.63,0.026,7.456,False
train/normal/000000311394.jpg,train,normal,coco2017,5.13,0.029,7.597,False
train/normal/000000313034.jpg,train,normal,coco2017,5.81,0.050,7.575,False
train/normal/000000313182.jpg,train,normal,coco2017,3.23,0.020,6.883,False
train/normal/000000313454.jpg,train,normal,coco2017,4.27,0.118,7.544,False
train/normal/000000313562.jpg,train,normal,coco2017,2.58,0.002,7.868,False
train/normal/000000313588.jpg,train,normal,coco2017,2.71,0.026,7.393,False
train/normal/000000314177.jpg,train,normal,coco2017,5.88,0.034,7.353,False
train/normal/000000314251.jpg,train,normal,coco2017,3.14,0.000,7.510,False
train/normal/000000314264.jpg,train,normal,coco2017,5.39,0.013,7.659,False
train/normal/000000316666.jpg,train,normal,coco2017,3.27,0.354,6.379,False
train/normal/000000318138.jpg,train,normal,coco2017,6.96,0.220,6.785,False
train/normal/000000318238.jpg,train,normal,coco2017,5.27,0.008,7.734,False
train/normal/000000319100.jpg,train,normal,coco2017,4.59,0.001,7.640,False
train/normal/000000319184.jpg,train,normal,coco2017,4.60,0.000,7.009,False
train/normal/000000320490.jpg,train,normal,coco2017,6.32,0.007,7.157,False
train/normal/000000320642.jpg,train,normal,coco2017,4.04,0.097,7.340,False
train/normal/000000321214.jpg,train,normal,coco2017,5.98,0.058,6.772,False
train/normal/000000321790.jpg,train,normal,coco2017,5.86,0.006,6.576,False
train/normal/000000321887.jpg,train,normal,coco2017,9.57,0.105,6.968,False
train/normal/000000322163.jpg,train,normal,coco2017,4.10,0.000,7.750,False
train/normal/000000322211.jpg,train,normal,coco2017,7.74,0.012,7.235,False
train/normal/000000323263.jpg,train,normal,coco2017,3.91,0.042,7.629,False
train/normal/000000323355.jpg,train,normal,coco2017,4.36,0.038,7.577,False
train/normal/000000323496.jpg,train,normal,coco2017,4.30,0.000,6.501,False
train/normal/000000323799.jpg,train,normal,coco2017,3.39,0.000,7.545,False
train/normal/000000324158.jpg,train,normal,coco2017,3.13,0.010,7.608,False
train/normal/000000324258.jpg,train,normal,coco2017,5.03,0.016,7.428,False
train/normal/000000324614.jpg,train,normal,coco2017,11.13,0.000,6.751,False
train/normal/000000325483.jpg,train,normal,coco2017,5.06,0.029,7.451,False
train/normal/000000325527.jpg,train,normal,coco2017,6.68,0.021,7.438,False
train/normal/000000325991.jpg,train,normal,coco2017,6.33,0.068,7.417,False
train/normal/000000326128.jpg,train,normal,coco2017,3.25,0.007,7.636,False
train/normal/000000326174.jpg,train,normal,coco2017,5.05,0.024,6.849,False
train/normal/000000326248.jpg,train,normal,coco2017,2.47,0.005,7.630,False
train/normal/000000327592.jpg,train,normal,coco2017,5.42,0.000,7.657,False
train/normal/000000327601.jpg,train,normal,coco2017,5.00,0.037,7.219,False
train/normal/000000327605.jpg,train,normal,coco2017,3.37,0.001,6.393,False
train/normal/000000327617.jpg,train,normal,coco2017,3.66,0.000,6.706,False
train/normal/000000327701.jpg,train,normal,coco2017,3.53,0.000,6.928,False
train/normal/000000327780.jpg,train,normal,coco2017,7.31,0.000,7.151,False
train/normal/000000328238.jpg,train,normal,coco2017,2.48,0.005,7.520,False
train/normal/000000328337.jpg,train,normal,coco2017,4.61,0.000,7.382,False
train/normal/000000328430.jpg,train,normal,coco2017,3.64,0.023,7.678,False
train/normal/000000329323.jpg,train,normal,coco2017,3.52,0.044,7.873,False
train/normal/000000329447.jpg,train,normal,coco2017,2.71,0.010,7.775,False
train/normal/000000329456.jpg,train,normal,coco2017,3.22,0.155,7.550,False
train/normal/000000330818.jpg,train,normal,coco2017,2.21,0.156,7.703,False
train/normal/000000331799.jpg,train,normal,coco2017,3.33,0.006,7.622,False
train/normal/000000333745.jpg,train,normal,coco2017,5.97,0.013,7.705,False
train/normal/000000334309.jpg,train,normal,coco2017,4.14,0.058,7.744,False
train/normal/000000334399.jpg,train,normal,coco2017,3.60,0.402,6.352,True
train/normal/000000334417.jpg,train,normal,coco2017,6.94,0.013,7.304,False
train/normal/000000334483.jpg,train,normal,coco2017,4.24,0.002,7.367,False
train/normal/000000334719.jpg,train,normal,coco2017,4.73,0.000,6.937,False
train/normal/000000336356.jpg,train,normal,coco2017,4.02,0.016,7.758,False
train/normal/000000336628.jpg,train,normal,coco2017,3.56,0.009,7.524,False
train/normal/000000338624.jpg,train,normal,coco2017,2.60,0.038,7.809,False
train/normal/000000338718.jpg,train,normal,coco2017,2.89,0.022,7.511,False
train/normal/000000340451.jpg,train,normal,coco2017,3.24,0.006,7.605,False
train/normal/000000341681.jpg,train,normal,coco2017,5.74,0.004,6.417,False
train/normal/000000341719.jpg,train,normal,coco2017,3.00,0.000,7.606,False
train/normal/000000341921.jpg,train,normal,coco2017,3.26,0.000,7.260,False
train/normal/000000341973.jpg,train,normal,coco2017,2.89,0.021,7.640,False
train/normal/000000342128.jpg,train,normal,coco2017,2.83,0.013,7.568,False
train/normal/000000342367.jpg,train,normal,coco2017,3.58,0.039,7.600,False
train/normal/000000342397.jpg,train,normal,coco2017,5.93,0.000,6.531,False
train/normal/000000342971.jpg,train,normal,coco2017,4.80,0.006,6.974,False
train/normal/000000343076.jpg,train,normal,coco2017,4.29,0.035,7.653,False
train/normal/000000343149.jpg,train,normal,coco2017,3.71,0.041,7.838,False
train/normal/000000343218.jpg,train,normal,coco2017,5.30,0.000,7.144,False
train/normal/000000343453.jpg,train,normal,coco2017,4.46,0.116,6.329,False
train/normal/000000343496.jpg,train,normal,coco2017,2.31,0.001,7.407,False
train/normal/000000343524.jpg,train,normal,coco2017,4.84,0.019,6.356,False
train/normal/000000343561.jpg,train,normal,coco2017,2.06,0.011,7.752,False
train/normal/000000343803.jpg,train,normal,coco2017,7.04,0.047,7.652,False
train/normal/000000343937.jpg,train,normal,coco2017,6.16,0.026,5.581,False
train/normal/000000345252.jpg,train,normal,coco2017,4.38,0.057,7.503,False
train/normal/000000345356.jpg,train,normal,coco2017,5.72,0.000,7.579,False
train/normal/000000345385.jpg,train,normal,coco2017,5.16,0.017,7.732,False
train/normal/000000345397.jpg,train,normal,coco2017,7.46,0.099,7.685,False
train/normal/000000345466.jpg,train,normal,coco2017,4.55,0.000,7.334,False
train/normal/000000346232.jpg,train,normal,coco2017,7.61,0.000,7.069,False
train/normal/000000346968.jpg,train,normal,coco2017,8.17,0.004,7.536,False
train/normal/000000347254.jpg,train,normal,coco2017,7.08,0.021,7.571,False
train/normal/000000347265.jpg,train,normal,coco2017,2.64,0.004,7.419,False
train/normal/000000349594.jpg,train,normal,coco2017,2.69,0.094,6.611,False
train/normal/000000350002.jpg,train,normal,coco2017,5.50,0.000,7.469,False
train/normal/000000350003.jpg,train,normal,coco2017,2.94,0.000,7.384,False
train/normal/000000350019.jpg,train,normal,coco2017,4.24,0.066,7.562,False
train/normal/000000350122.jpg,train,normal,coco2017,2.71,0.036,7.873,False
train/normal/000000350148.jpg,train,normal,coco2017,2.78,0.009,7.893,False
train/normal/000000350679.jpg,train,normal,coco2017,4.69,0.204,7.475,False
train/normal/000000351530.jpg,train,normal,coco2017,2.96,0.018,6.895,False
train/normal/000000351823.jpg,train,normal,coco2017,4.87,0.000,7.065,False
train/normal/000000352582.jpg,train,normal,coco2017,5.25,0.003,7.301,False
train/normal/000000352684.jpg,train,normal,coco2017,6.42,0.000,7.038,False
train/normal/000000353180.jpg,train,normal,coco2017,3.79,0.003,7.431,False
train/normal/000000354547.jpg,train,normal,coco2017,2.84,0.012,7.824,False
train/normal/000000354753.jpg,train,normal,coco2017,7.32,0.509,5.735,True
train/normal/000000354829.jpg,train,normal,coco2017,5.77,0.006,7.565,False
train/normal/000000355817.jpg,train,normal,coco2017,4.08,0.003,7.264,False
train/normal/000000356387.jpg,train,normal,coco2017,2.52,0.009,7.443,False
train/normal/000000356424.jpg,train,normal,coco2017,4.86,0.027,7.494,False
train/normal/000000356427.jpg,train,normal,coco2017,2.46,0.013,7.752,False
train/normal/000000356428.jpg,train,normal,coco2017,2.61,0.018,7.801,False
train/normal/000000356531.jpg,train,normal,coco2017,6.09,0.019,7.669,False
train/normal/000000356612.jpg,train,normal,coco2017,2.73,0.001,7.630,False
train/normal/000000357737.jpg,train,normal,coco2017,2.22,0.001,7.693,False
train/normal/000000357742.jpg,train,normal,coco2017,2.00,0.004,6.857,False
train/normal/000000357816.jpg,train,normal,coco2017,2.66,0.030,7.789,False
train/normal/000000357888.jpg,train,normal,coco2017,5.62,0.001,7.402,False
train/normal/000000358195.jpg,train,normal,coco2017,3.48,0.019,7.260,False
train/normal/000000358525.jpg,train,normal,coco2017,4.79,0.000,7.590,False
train/normal/000000358923.jpg,train,normal,coco2017,4.30,0.048,7.429,False
train/normal/000000360960.jpg,train,normal,coco2017,8.28,0.192,7.338,False
train/normal/000000361103.jpg,train,normal,coco2017,2.80,0.074,7.775,False
train/normal/000000361180.jpg,train,normal,coco2017,3.95,0.043,7.452,False
train/normal/000000361586.jpg,train,normal,coco2017,2.35,0.079,7.571,False
train/normal/000000362716.jpg,train,normal,coco2017,4.00,0.019,6.111,False
train/normal/000000363072.jpg,train,normal,coco2017,2.90,0.034,7.117,False
train/normal/000000363666.jpg,train,normal,coco2017,3.44,0.056,7.802,False
train/normal/000000363875.jpg,train,normal,coco2017,4.43,0.138,7.404,False
train/normal/000000364102.jpg,train,normal,coco2017,6.78,0.004,7.178,False
train/normal/000000365642.jpg,train,normal,coco2017,9.88,0.133,6.333,False
train/normal/000000365745.jpg,train,normal,coco2017,3.10,0.000,7.388,False
train/normal/000000367228.jpg,train,normal,coco2017,3.77,0.039,7.758,False
train/normal/000000367680.jpg,train,normal,coco2017,4.76,0.012,7.752,False
train/normal/000000368212.jpg,train,normal,coco2017,6.27,0.001,7.662,False
train/normal/000000368752.jpg,train,normal,coco2017,4.71,0.038,7.718,False
train/normal/000000369037.jpg,train,normal,coco2017,4.79,0.143,7.001,False
train/normal/000000369323.jpg,train,normal,coco2017,5.25,0.000,7.045,False
train/normal/000000370042.jpg,train,normal,coco2017,2.42,0.000,7.627,False
train/normal/000000370270.jpg,train,normal,coco2017,4.25,0.017,7.732,False
train/normal/000000370375.jpg,train,normal,coco2017,3.73,0.007,7.680,False
train/normal/000000370478.jpg,train,normal,coco2017,4.20,0.057,7.695,False
train/normal/000000370486.jpg,train,normal,coco2017,2.83,0.063,7.686,False
train/normal/000000370677.jpg,train,normal,coco2017,3.15,0.021,7.718,False
train/normal/000000371472.jpg,train,normal,coco2017,2.66,0.056,7.811,False
train/normal/000000371529.jpg,train,normal,coco2017,3.48,0.057,7.740,False
train/normal/000000374052.jpg,train,normal,coco2017,4.68,0.005,7.596,False
train/normal/000000374083.jpg,train,normal,coco2017,4.79,0.040,7.638,False
train/normal/000000374369.jpg,train,normal,coco2017,9.09,0.000,5.861,False
train/normal/000000376093.jpg,train,normal,coco2017,4.10,0.003,7.601,False
train/normal/000000376112.jpg,train,normal,coco2017,2.21,0.037,7.839,False
train/normal/000000376284.jpg,train,normal,coco2017,3.92,0.000,7.278,False
train/normal/000000377393.jpg,train,normal,coco2017,3.47,0.000,7.608,False
train/normal/000000377486.jpg,train,normal,coco2017,4.85,0.013,7.179,False
train/normal/000000377723.jpg,train,normal,coco2017,2.65,0.001,7.823,False
train/normal/000000380706.jpg,train,normal,coco2017,3.79,0.252,6.869,False
train/normal/000000381971.jpg,train,normal,coco2017,2.50,0.019,7.337,False
train/normal/000000382009.jpg,train,normal,coco2017,5.24,0.061,7.345,False
train/normal/000000383289.jpg,train,normal,coco2017,5.13,0.005,7.649,False
train/normal/000000383384.jpg,train,normal,coco2017,4.27,0.042,7.077,False
train/normal/000000383838.jpg,train,normal,coco2017,10.06,0.145,7.433,False
train/normal/000000384468.jpg,train,normal,coco2017,2.96,0.000,7.489,False
train/normal/000000384666.jpg,train,normal,coco2017,3.07,0.000,6.724,False
train/normal/000000386352.jpg,train,normal,coco2017,5.36,0.013,7.816,False
train/normal/000000386879.jpg,train,normal,coco2017,4.53,0.000,6.571,False
train/normal/000000387916.jpg,train,normal,coco2017,2.87,0.000,7.776,False
train/normal/000000388056.jpg,train,normal,coco2017,3.16,0.003,7.461,False
train/normal/000000388903.jpg,train,normal,coco2017,4.54,0.027,7.825,False
train/normal/000000390902.jpg,train,normal,coco2017,5.89,0.007,6.745,False
train/normal/000000391140.jpg,train,normal,coco2017,4.22,0.021,7.535,False
train/normal/000000391290.jpg,train,normal,coco2017,4.72,0.001,6.578,False
train/normal/000000391375.jpg,train,normal,coco2017,5.63,0.195,6.514,False
train/normal/000000391722.jpg,train,normal,coco2017,5.21,0.007,7.567,False
train/normal/000000394199.jpg,train,normal,coco2017,3.58,0.009,7.893,False
train/normal/000000394206.jpg,train,normal,coco2017,2.84,0.023,7.796,False
train/normal/000000394510.jpg,train,normal,coco2017,5.38,0.038,6.989,False
train/normal/000000394677.jpg,train,normal,coco2017,3.99,0.086,7.653,False
train/normal/000000394940.jpg,train,normal,coco2017,7.32,0.000,7.480,False
train/normal/000000395180.jpg,train,normal,coco2017,2.25,0.029,7.624,False
train/normal/000000395801.jpg,train,normal,coco2017,4.40,0.014,7.479,False
train/normal/000000395903.jpg,train,normal,coco2017,2.66,0.026,7.624,False
train/normal/000000396200.jpg,train,normal,coco2017,3.11,0.112,7.649,False
train/normal/000000396338.jpg,train,normal,coco2017,3.62,0.025,7.673,False
train/normal/000000396518.jpg,train,normal,coco2017,3.25,0.223,6.885,False
train/normal/000000396863.jpg,train,normal,coco2017,2.10,0.129,7.743,False
train/normal/000000397133.jpg,train,normal,coco2017,3.73,0.101,7.378,False
train/normal/000000397303.jpg,train,normal,coco2017,2.66,0.001,7.730,False
train/normal/000000397351.jpg,train,normal,coco2017,2.45,0.049,7.615,False
train/normal/000000397354.jpg,train,normal,coco2017,5.15,0.001,7.629,False
train/normal/000000398203.jpg,train,normal,coco2017,2.98,0.010,7.920,False
train/normal/000000398237.jpg,train,normal,coco2017,2.60,0.001,6.978,False
train/normal/000000399205.jpg,train,normal,coco2017,2.44,0.010,7.829,False
train/normal/000000399462.jpg,train,normal,coco2017,3.27,0.001,7.129,False
train/normal/000000399764.jpg,train,normal,coco2017,4.54,0.028,7.825,False
train/normal/000000400794.jpg,train,normal,coco2017,5.21,0.072,7.299,False
train/normal/000000401244.jpg,train,normal,coco2017,3.39,0.042,6.936,False
train/normal/000000401446.jpg,train,normal,coco2017,3.45,0.000,7.583,False
train/normal/000000401862.jpg,train,normal,coco2017,2.38,0.001,7.377,False
train/normal/000000402615.jpg,train,normal,coco2017,2.38,0.108,7.688,False
train/normal/000000402720.jpg,train,normal,coco2017,5.59,0.250,6.384,False
train/normal/000000402774.jpg,train,normal,coco2017,4.98,0.003,7.157,False
train/normal/000000403122.jpg,train,normal,coco2017,3.57,0.000,7.336,False
train/normal/000000403565.jpg,train,normal,coco2017,1.89,0.038,7.484,False
train/normal/000000403584.jpg,train,normal,coco2017,3.15,0.151,7.379,False
train/normal/000000403817.jpg,train,normal,coco2017,7.74,0.186,6.708,False
train/normal/000000404484.jpg,train,normal,coco2017,6.26,0.089,7.654,False
train/normal/000000404678.jpg,train,normal,coco2017,3.61,0.026,7.662,False
train/normal/000000404805.jpg,train,normal,coco2017,5.03,0.000,6.843,False
train/normal/000000404839.jpg,train,normal,coco2017,4.25,0.142,7.367,False
train/normal/000000405249.jpg,train,normal,coco2017,3.47,0.037,7.812,False
train/normal/000000406129.jpg,train,normal,coco2017,5.33,0.128,6.567,False
train/normal/000000406417.jpg,train,normal,coco2017,4.56,0.009,5.192,False
train/normal/000000406611.jpg,train,normal,coco2017,2.44,0.011,7.731,False
train/normal/000000406997.jpg,train,normal,coco2017,3.03,0.000,7.761,False
train/normal/000000407083.jpg,train,normal,coco2017,5.12,0.001,6.945,False
train/normal/000000407298.jpg,train,normal,coco2017,5.63,0.000,7.621,False
train/normal/000000407646.jpg,train,normal,coco2017,4.56,0.005,6.839,False
train/normal/000000407868.jpg,train,normal,coco2017,2.00,0.000,7.152,False
train/normal/000000408120.jpg,train,normal,coco2017,3.86,0.098,7.074,False
train/normal/000000408696.jpg,train,normal,coco2017,5.11,0.001,7.403,False
train/normal/000000408774.jpg,train,normal,coco2017,3.79,0.009,7.335,False
train/normal/000000408830.jpg,train,normal,coco2017,2.60,0.008,7.725,False
train/normal/000000409198.jpg,train,normal,coco2017,4.59,0.020,6.566,False
train/normal/000000409211.jpg,train,normal,coco2017,4.19,0.016,7.207,False
train/normal/000000409475.jpg,train,normal,coco2017,4.17,0.003,6.905,False
train/normal/000000410456.jpg,train,normal,coco2017,3.12,0.012,7.436,False
train/normal/000000410496.jpg,train,normal,coco2017,5.32,0.008,7.252,False
train/normal/000000410650.jpg,train,normal,coco2017,3.04,0.001,7.201,False
train/normal/000000411530.jpg,train,normal,coco2017,2.04,0.012,7.766,False
train/normal/000000411754.jpg,train,normal,coco2017,11.15,0.000,7.484,False
train/normal/000000411774.jpg,train,normal,coco2017,8.47,0.000,5.659,False
train/normal/000000411938.jpg,train,normal,coco2017,2.57,0.001,7.769,False
train/normal/000000412362.jpg,train,normal,coco2017,4.81,0.031,7.476,False
train/normal/000000413552.jpg,train,normal,coco2017,8.83,0.000,7.733,False
train/normal/000000413689.jpg,train,normal,coco2017,2.83,0.007,7.642,False
train/normal/000000414034.jpg,train,normal,coco2017,4.66,0.010,7.427,False
train/normal/000000414133.jpg,train,normal,coco2017,4.04,0.003,7.408,False
train/normal/000000414170.jpg,train,normal,coco2017,3.17,0.009,7.812,False
train/normal/000000414385.jpg,train,normal,coco2017,5.79,0.010,7.303,False
train/normal/000000414510.jpg,train,normal,coco2017,2.99,0.011,7.580,False
train/normal/000000414673.jpg,train,normal,coco2017,2.68,0.000,7.249,False
train/normal/000000415741.jpg,train,normal,coco2017,8.42,0.000,7.509,False
train/normal/000000415882.jpg,train,normal,coco2017,3.89,0.084,7.848,False
train/normal/000000415990.jpg,train,normal,coco2017,4.29,0.000,6.970,False
train/normal/000000416104.jpg,train,normal,coco2017,3.41,0.032,7.740,False
train/normal/000000416343.jpg,train,normal,coco2017,5.28,0.002,7.523,False
train/normal/000000417249.jpg,train,normal,coco2017,5.10,0.025,7.646,False
train/normal/000000417285.jpg,train,normal,coco2017,4.80,0.005,7.726,False
train/normal/000000417608.jpg,train,normal,coco2017,7.16,0.037,7.741,False
train/normal/000000417632.jpg,train,normal,coco2017,3.42,0.038,7.756,False
train/normal/000000419974.jpg,train,normal,coco2017,3.50,0.034,7.180,False
train/normal/000000420069.jpg,train,normal,coco2017,3.26,0.020,7.411,False
train/normal/000000420281.jpg,train,normal,coco2017,6.42,0.020,7.786,False
train/normal/000000420840.jpg,train,normal,coco2017,6.34,0.001,7.378,False
train/normal/000000420916.jpg,train,normal,coco2017,3.21,0.019,7.626,False
train/normal/000000422670.jpg,train,normal,coco2017,7.51,0.174,7.476,False
train/normal/000000422706.jpg,train,normal,coco2017,3.87,0.010,7.708,False
train/normal/000000422836.jpg,train,normal,coco2017,7.46,0.036,7.849,False
train/normal/000000422998.jpg,train,normal,coco2017,5.41,0.047,7.764,False
train/normal/000000423123.jpg,train,normal,coco2017,5.54,0.082,7.701,False
train/normal/000000423506.jpg,train,normal,coco2017,6.17,0.027,7.427,False
train/normal/000000423798.jpg,train,normal,coco2017,5.56,0.014,6.743,False
train/normal/000000423944.jpg,train,normal,coco2017,4.99,0.182,7.157,False
train/normal/000000424162.jpg,train,normal,coco2017,4.15,0.000,6.998,False
train/normal/000000424349.jpg,train,normal,coco2017,3.81,0.068,7.743,False
train/normal/000000424642.jpg,train,normal,coco2017,2.15,0.002,7.732,False
train/normal/000000425226.jpg,train,normal,coco2017,5.76,0.008,7.418,False
train/normal/000000425361.jpg,train,normal,coco2017,4.13,0.307,6.834,False
train/normal/000000425702.jpg,train,normal,coco2017,4.47,0.000,7.044,False
train/normal/000000426376.jpg,train,normal,coco2017,5.17,0.000,5.356,False
train/normal/000000427055.jpg,train,normal,coco2017,3.14,0.046,7.581,False
train/normal/000000427160.jpg,train,normal,coco2017,5.44,0.004,7.415,False
train/normal/000000427256.jpg,train,normal,coco2017,2.86,0.166,7.202,False
train/normal/000000427655.jpg,train,normal,coco2017,2.76,0.039,7.796,False
train/normal/000000429690.jpg,train,normal,coco2017,3.09,0.019,7.780,False
train/normal/000000429718.jpg,train,normal,coco2017,3.12,0.023,7.793,False
train/normal/000000429761.jpg,train,normal,coco2017,4.10,0.000,6.534,False
train/normal/000000431545.jpg,train,normal,coco2017,5.52,0.015,6.879,False
train/normal/000000431693.jpg,train,normal,coco2017,5.36,0.000,6.962,False
train/normal/000000431876.jpg,train,normal,coco2017,1.95,0.010,7.738,False
train/normal/000000431896.jpg,train,normal,coco2017,3.45,0.001,7.308,False
train/normal/000000432085.jpg,train,normal,coco2017,5.79,0.007,7.623,False
train/normal/000000432898.jpg,train,normal,coco2017,5.02,0.000,6.883,False
train/normal/000000433103.jpg,train,normal,coco2017,4.06,0.130,7.447,False
train/normal/000000433204.jpg,train,normal,coco2017,4.15,0.000,7.514,False
train/normal/000000434204.jpg,train,normal,coco2017,5.64,0.050,7.534,False
train/normal/000000434548.jpg,train,normal,coco2017,2.79,0.004,7.414,False
train/normal/000000436617.jpg,train,normal,coco2017,3.75,0.000,7.326,False
train/normal/000000436738.jpg,train,normal,coco2017,4.84,0.002,7.382,False
train/normal/000000437205.jpg,train,normal,coco2017,7.15,0.049,7.657,False
train/normal/000000437331.jpg,train,normal,coco2017,3.74,0.004,7.486,False
train/normal/000000437351.jpg,train,normal,coco2017,3.99,0.172,7.062,False
train/normal/000000438774.jpg,train,normal,coco2017,3.48,0.001,7.536,False
train/normal/000000438876.jpg,train,normal,coco2017,4.15,0.009,7.023,False
train/normal/000000438907.jpg,train,normal,coco2017,2.50,0.010,7.749,False
train/normal/000000439180.jpg,train,normal,coco2017,3.00,0.002,7.130,False
train/normal/000000439290.jpg,train,normal,coco2017,2.14,0.000,7.739,False
train/normal/000000439522.jpg,train,normal,coco2017,4.18,0.002,6.064,False
train/normal/000000439593.jpg,train,normal,coco2017,5.39,0.047,7.234,False
train/normal/000000439773.jpg,train,normal,coco2017,5.33,0.013,7.387,False
train/normal/000000439994.jpg,train,normal,coco2017,2.17,0.008,7.755,False
train/normal/000000440336.jpg,train,normal,coco2017,4.45,0.014,7.128,False
train/normal/000000441442.jpg,train,normal,coco2017,3.50,0.003,7.107,False
train/normal/000000441468.jpg,train,normal,coco2017,3.53,0.023,7.659,False
train/normal/000000441586.jpg,train,normal,coco2017,2.44,0.006,7.584,False
train/normal/000000442306.jpg,train,normal,coco2017,1.59,0.082,7.699,False
train/normal/000000442323.jpg,train,normal,coco2017,6.79,0.022,7.566,False
train/normal/000000442456.jpg,train,normal,coco2017,3.21,0.035,7.607,False
train/normal/000000442746.jpg,train,normal,coco2017,3.56,0.014,7.499,False
train/normal/000000442836.jpg,train,normal,coco2017,3.29,0.000,7.391,False
train/normal/000000443426.jpg,train,normal,coco2017,7.75,0.007,7.219,False
train/normal/000000443844.jpg,train,normal,coco2017,3.24,0.029,7.272,False
train/normal/000000443969.jpg,train,normal,coco2017,3.62,0.000,7.493,False
train/normal/000000444142.jpg,train,normal,coco2017,4.49,0.046,7.454,False
train/normal/000000445792.jpg,train,normal,coco2017,5.72,0.000,7.475,False
train/normal/000000445846.jpg,train,normal,coco2017,6.72,0.000,7.345,False
train/normal/000000446651.jpg,train,normal,coco2017,4.10,0.209,7.184,False
train/normal/000000447088.jpg,train,normal,coco2017,3.96,0.004,7.181,False
train/normal/000000447169.jpg,train,normal,coco2017,4.58,0.012,7.689,False
train/normal/000000447187.jpg,train,normal,coco2017,4.34,0.001,7.531,False
train/normal/000000447465.jpg,train,normal,coco2017,3.16,0.001,7.556,False
train/normal/000000447611.jpg,train,normal,coco2017,7.08,0.014,7.350,False
train/normal/000000447789.jpg,train,normal,coco2017,2.59,0.000,6.989,False
train/normal/000000447917.jpg,train,normal,coco2017,3.37,0.000,6.739,False
train/normal/000000448256.jpg,train,normal,coco2017,2.55,0.046,7.878,False
train/normal/000000448263.jpg,train,normal,coco2017,6.15,0.005,7.523,False
train/normal/000000449312.jpg,train,normal,coco2017,4.07,0.054,7.831,False
train/normal/000000449432.jpg,train,normal,coco2017,3.41,0.006,7.048,False
train/normal/000000449579.jpg,train,normal,coco2017,5.63,0.006,6.062,False
train/normal/000000449661.jpg,train,normal,coco2017,8.28,0.000,7.217,False
train/normal/000000451144.jpg,train,normal,coco2017,4.08,0.000,7.606,False
train/normal/000000451150.jpg,train,normal,coco2017,6.41,0.000,7.685,False
train/normal/000000451155.jpg,train,normal,coco2017,12.37,0.606,5.771,True
train/normal/000000451308.jpg,train,normal,coco2017,4.27,0.220,7.101,False
train/normal/000000451435.jpg,train,normal,coco2017,5.87,0.000,6.666,False
train/normal/000000451879.jpg,train,normal,coco2017,5.14,0.004,7.446,False
train/normal/000000452122.jpg,train,normal,coco2017,11.20,0.000,5.501,False
train/normal/000000452321.jpg,train,normal,coco2017,4.51,0.019,7.617,False
train/normal/000000452515.jpg,train,normal,coco2017,9.46,0.000,7.044,False
train/normal/000000452784.jpg,train,normal,coco2017,5.37,0.000,7.780,False
train/normal/000000452793.jpg,train,normal,coco2017,5.46,0.000,7.652,False
train/normal/000000452891.jpg,train,normal,coco2017,4.10,0.018,7.799,False
train/normal/000000453166.jpg,train,normal,coco2017,4.25,0.000,6.673,False
train/normal/000000453841.jpg,train,normal,coco2017,4.91,0.305,6.489,False
train/normal/000000454404.jpg,train,normal,coco2017,8.76,0.219,6.940,False
train/normal/000000454661.jpg,train,normal,coco2017,5.70,0.061,7.283,False
train/normal/000000454798.jpg,train,normal,coco2017,4.60,0.002,7.168,False
train/normal/000000455157.jpg,train,normal,coco2017,3.99,0.000,7.368,False
train/normal/000000455555.jpg,train,normal,coco2017,2.93,0.123,7.161,False
train/normal/000000455597.jpg,train,normal,coco2017,4.90,0.065,7.754,False
train/normal/000000456015.jpg,train,normal,coco2017,6.04,0.000,6.579,False
train/normal/000000456559.jpg,train,normal,coco2017,7.52,0.000,6.923,False
train/normal/000000456662.jpg,train,normal,coco2017,5.25,0.000,7.411,False
train/normal/000000458045.jpg,train,normal,coco2017,3.20,0.000,7.308,False
train/normal/000000458755.jpg,train,normal,coco2017,2.65,0.064,7.883,False
train/normal/000000458992.jpg,train,normal,coco2017,3.55,0.001,7.751,False
train/normal/000000459153.jpg,train,normal,coco2017,1.80,0.021,7.733,False
train/normal/000000459195.jpg,train,normal,coco2017,1.81,0.002,7.837,False
train/normal/000000459272.jpg,train,normal,coco2017,5.00,0.084,6.138,False
train/normal/000000459662.jpg,train,normal,coco2017,4.84,0.047,7.676,False
train/normal/000000461751.jpg,train,normal,coco2017,5.01,0.002,7.256,False
train/normal/000000462031.jpg,train,normal,coco2017,2.72,0.525,6.085,True
train/normal/000000462371.jpg,train,normal,coco2017,5.27,0.034,7.828,False
train/normal/000000463174.jpg,train,normal,coco2017,4.57,0.005,7.099,False
train/normal/000000463199.jpg,train,normal,coco2017,4.33,0.001,7.742,False
train/normal/000000463618.jpg,train,normal,coco2017,3.77,0.009,7.717,False
train/normal/000000463918.jpg,train,normal,coco2017,4.39,0.001,6.564,False
train/normal/000000464089.jpg,train,normal,coco2017,2.86,0.008,7.401,False
train/normal/000000464824.jpg,train,normal,coco2017,2.57,0.044,7.871,False
train/normal/000000465129.jpg,train,normal,coco2017,5.00,0.025,7.640,False
train/normal/000000465549.jpg,train,normal,coco2017,4.72,0.010,7.618,False
train/normal/000000465836.jpg,train,normal,coco2017,4.95,0.000,7.686,False
train/normal/000000466125.jpg,train,normal,coco2017,5.02,0.085,7.434,False
train/normal/000000466602.jpg,train,normal,coco2017,9.89,0.016,7.356,False
train/normal/000000466986.jpg,train,normal,coco2017,3.21,0.092,7.634,False
train/normal/000000467176.jpg,train,normal,coco2017,6.04,0.103,7.171,False
train/normal/000000468332.jpg,train,normal,coco2017,3.36,0.047,7.783,False
train/normal/000000468501.jpg,train,normal,coco2017,4.54,0.014,7.677,False
train/normal/000000468505.jpg,train,normal,coco2017,3.33,0.000,7.355,False
train/normal/000000468577.jpg,train,normal,coco2017,6.02,0.000,7.438,False
train/normal/000000468632.jpg,train,normal,coco2017,2.78,0.000,7.514,False
train/normal/000000470779.jpg,train,normal,coco2017,4.84,0.020,7.381,False
train/normal/000000470924.jpg,train,normal,coco2017,2.04,0.146,7.623,False
train/normal/000000471087.jpg,train,normal,coco2017,2.43,0.007,7.851,False
train/normal/000000471893.jpg,train,normal,coco2017,4.38,0.029,7.209,False
train/normal/000000473121.jpg,train,normal,coco2017,5.36,0.000,6.985,False
train/normal/000000473219.jpg,train,normal,coco2017,4.71,0.012,7.751,False
train/normal/000000473237.jpg,train,normal,coco2017,9.22,0.036,7.423,False
train/normal/000000473406.jpg,train,normal,coco2017,6.53,0.003,7.305,False
train/normal/000000473869.jpg,train,normal,coco2017,4.84,0.107,7.251,False
train/normal/000000474021.jpg,train,normal,coco2017,5.21,0.003,7.510,False
train/normal/000000474039.jpg,train,normal,coco2017,8.25,0.001,7.620,False
train/normal/000000474293.jpg,train,normal,coco2017,2.88,0.000,7.646,False
train/normal/000000474344.jpg,train,normal,coco2017,3.93,0.030,7.557,False
train/normal/000000474854.jpg,train,normal,coco2017,5.79,0.000,7.567,False
train/normal/000000475191.jpg,train,normal,coco2017,15.34,0.000,6.990,True
train/normal/000000475365.jpg,train,normal,coco2017,2.54,0.032,7.783,False
train/normal/000000475387.jpg,train,normal,coco2017,2.41,0.025,7.894,False
train/normal/000000475484.jpg,train,normal,coco2017,3.81,0.014,7.506,False
train/normal/000000475678.jpg,train,normal,coco2017,3.09,0.018,7.767,False
train/normal/000000476770.jpg,train,normal,coco2017,3.21,0.005,7.637,False
train/normal/000000477689.jpg,train,normal,coco2017,3.62,0.118,6.918,False
train/normal/000000478420.jpg,train,normal,coco2017,4.73,0.002,7.243,False
train/normal/000000478721.jpg,train,normal,coco2017,3.12,0.000,7.352,False
train/normal/000000479126.jpg,train,normal,coco2017,3.37,0.012,7.034,False
train/normal/000000479155.jpg,train,normal,coco2017,2.97,0.126,7.706,False
train/normal/000000480936.jpg,train,normal,coco2017,3.72,0.009,7.641,False
train/normal/000000480944.jpg,train,normal,coco2017,3.15,0.005,7.482,False
train/normal/000000481386.jpg,train,normal,coco2017,3.27,0.000,7.677,False
train/normal/000000481413.jpg,train,normal,coco2017,5.08,0.000,6.696,False
train/normal/000000481573.jpg,train,normal,coco2017,2.14,0.270,6.832,False
train/normal/000000481582.jpg,train,normal,coco2017,5.13,0.021,7.173,False
train/normal/000000482800.jpg,train,normal,coco2017,3.15,0.006,7.269,False
train/normal/000000483667.jpg,train,normal,coco2017,7.92,0.109,6.976,False
train/normal/000000483999.jpg,train,normal,coco2017,4.23,0.027,7.576,False
train/normal/000000484351.jpg,train,normal,coco2017,3.15,0.024,7.872,False
train/normal/000000484893.jpg,train,normal,coco2017,3.13,0.080,7.807,False
train/normal/000000484978.jpg,train,normal,coco2017,2.45,0.178,7.398,False
train/normal/000000485027.jpg,train,normal,coco2017,5.56,0.001,6.279,False
train/normal/000000488166.jpg,train,normal,coco2017,4.05,0.026,6.832,False
train/normal/000000488251.jpg,train,normal,coco2017,2.90,0.001,7.562,False
train/normal/000000488673.jpg,train,normal,coco2017,4.20,0.047,7.520,False
train/normal/000000488710.jpg,train,normal,coco2017,5.05,0.001,7.749,False
train/normal/000000489611.jpg,train,normal,coco2017,4.79,0.024,7.568,False
train/normal/000000489764.jpg,train,normal,coco2017,8.19,0.044,7.383,False
train/normal/000000489842.jpg,train,normal,coco2017,2.75,0.005,7.822,False
train/normal/000000491008.jpg,train,normal,coco2017,2.84,0.016,7.614,False
train/normal/000000491130.jpg,train,normal,coco2017,2.92,0.012,7.340,False
train/normal/000000491216.jpg,train,normal,coco2017,4.15,0.257,6.858,False
train/normal/000000491366.jpg,train,normal,coco2017,5.01,0.149,7.143,False
train/normal/000000491464.jpg,train,normal,coco2017,4.11,0.003,7.255,False
train/normal/000000492077.jpg,train,normal,coco2017,3.27,0.158,7.278,False
train/normal/000000492110.jpg,train,normal,coco2017,3.76,0.016,7.874,False
train/normal/000000492282.jpg,train,normal,coco2017,2.68,0.000,7.167,False
train/normal/000000492284.jpg,train,normal,coco2017,3.09,0.000,7.716,False
train/normal/000000492362.jpg,train,normal,coco2017,3.52,0.004,7.651,False
train/normal/000000493799.jpg,train,normal,coco2017,3.70,0.050,7.758,False
train/normal/000000493864.jpg,train,normal,coco2017,5.98,0.000,7.290,False
train/normal/000000494188.jpg,train,normal,coco2017,3.00,0.087,7.458,False
train/normal/000000494759.jpg,train,normal,coco2017,8.64,0.002,6.967,False
train/normal/000000496854.jpg,train,normal,coco2017,3.72,0.000,7.545,False
train/normal/000000497344.jpg,train,normal,coco2017,4.90,0.098,7.326,False
train/normal/000000497628.jpg,train,normal,coco2017,4.43,0.006,7.034,False
train/normal/000000498747.jpg,train,normal,coco2017,5.87,0.001,7.711,False
train/normal/000000498807.jpg,train,normal,coco2017,4.09,0.075,7.230,False
train/normal/000000499031.jpg,train,normal,coco2017,3.43,0.001,7.665,False
train/normal/000000499622.jpg,train,normal,coco2017,3.63,0.025,7.714,False
train/normal/frame_0066.jpg,train,normal,leeds_millennium,2.87,0.001,7.705,False
train/normal/frame_0067.jpg,train,normal,leeds_millennium,2.78,0.001,7.719,False
train/normal/frame_0069.jpg,train,normal,leeds_millennium,2.73,0.001,7.735,False
train/normal/frame_0070.jpg,train,normal,leeds_millennium,2.70,0.001,7.741,False
train/normal/frame_0071.jpg,train,normal,leeds_millennium,2.72,0.000,7.735,False
train/normal/frame_0072.jpg,train,normal,leeds_millennium,2.71,0.001,7.732,False
train/normal/frame_0134.jpg,train,normal,leeds_millennium,7.90,0.001,7.430,False
train/normal/frame_0135.jpg,train,normal,leeds_millennium,7.77,0.001,7.456,False
train/normal/frame_0137.jpg,train,normal,leeds_millennium,7.32,0.000,7.455,False
train/normal/frame_0138.jpg,train,normal,leeds_millennium,7.60,0.000,7.446,False
train/normal/frame_0139.jpg,train,normal,leeds_millennium,9.33,0.000,7.471,False
train/normal/frame_0141.jpg,train,normal,leeds_millennium,9.41,0.000,7.594,False
train/normal/frame_0142.jpg,train,normal,leeds_millennium,8.22,0.000,7.627,False
train/normal/frame_0143.jpg,train,normal,leeds_millennium,7.74,0.000,7.604,False
train/normal/frame_0144.jpg,train,normal,leeds_millennium,7.26,0.000,7.588,False
train/normal/frame_0145.jpg,train,normal,leeds_millennium,6.53,0.000,7.605,False
train/normal/frame_0147.jpg,train,normal,leeds_millennium,6.59,0.000,7.623,False
train/normal/frame_0148.jpg,train,normal,leeds_millennium,6.64,0.000,7.640,False
train/normal/frame_0149.jpg,train,normal,leeds_millennium,6.56,0.000,7.645,False
train/normal/frame_0150.jpg,train,normal,leeds_millennium,6.04,0.000,7.641,False
train/normal/frame_0153.jpg,train,normal,leeds_millennium,6.24,0.000,7.592,False
train/normal/frame_0154.jpg,train,normal,leeds_millennium,6.03,0.001,7.595,False
train/normal/frame_0155.jpg,train,normal,leeds_millennium,6.19,0.001,7.600,False
train/normal/frame_0156.jpg,train,normal,leeds_millennium,6.07,0.000,7.594,False
train/normal/frame_0157.jpg,train,normal,leeds_millennium,6.14,0.000,7.596,False
train/normal/frame_0158.jpg,train,normal,leeds_millennium,6.12,0.000,7.587,False
train/normal/frame_0159.jpg,train,normal,leeds_millennium,6.28,0.000,7.582,False
train/normal/frame_0160.jpg,train,normal,leeds_millennium,6.07,0.002,7.595,False
train/normal/frame_0161.jpg,train,normal,leeds_millennium,6.14,0.002,7.627,False
train/normal/frame_0162.jpg,train,normal,leeds_millennium,5.94,0.001,7.663,False
train/normal/frame_0163.jpg,train,normal,leeds_millennium,5.89,0.001,7.663,False
train/normal/frame_0164.jpg,train,normal,leeds_millennium,5.86,0.001,7.690,False
train/normal/frame_0165.jpg,train,normal,leeds_millennium,6.82,0.002,7.671,False
train/normal/frame_0166.jpg,train,normal,leeds_millennium,6.96,0.002,7.655,False
train/normal/frame_0167.jpg,train,normal,leeds_millennium,6.38,0.002,7.694,False
train/normal/frame_0168.jpg,train,normal,leeds_millennium,6.05,0.002,7.705,False
train/normal/frame_0169.jpg,train,normal,leeds_millennium,6.36,0.001,7.726,False
train/normal/frame_0170.jpg,train,normal,leeds_millennium,6.18,0.001,7.698,False
train/normal/frame_0172.jpg,train,normal,leeds_millennium,6.40,0.001,7.628,False
train/normal/frame_0176.jpg,train,normal,leeds_millennium,6.17,0.002,7.588,False
train/normal/people(1078).jpg,train,normal,leeds_millennium,7.92,0.096,7.296,False
train/normal/people(114).jpg,train,normal,leeds_millennium,4.81,0.010,7.828,False
train/normal/people(1160).jpg,train,normal,leeds_millennium,5.85,0.013,7.620,False
train/normal/people(1161).jpg,train,normal,leeds_millennium,8.01,0.006,7.505,False
train/normal/people(1184).jpg,train,normal,leeds_millennium,4.34,0.000,7.435,False
train/normal/people(1191).jpg,train,normal,leeds_millennium,2.57,0.001,7.355,False
train/normal/people(1262).jpg,train,normal,leeds_millennium,3.54,0.007,7.799,False
train/normal/people(1264).jpg,train,normal,leeds_millennium,4.17,0.000,7.041,False
train/normal/people(128).jpg,train,normal,leeds_millennium,5.76,0.000,7.711,False
train/normal/people(1295).jpg,train,normal,leeds_millennium,5.54,0.011,7.550,False
train/normal/people(1303).jpg,train,normal,leeds_millennium,5.59,0.000,7.177,False
train/normal/people(1536).jpg,train,normal,leeds_millennium,5.60,0.001,7.767,False
train/normal/people(1557).jpg,train,normal,leeds_millennium,6.66,0.000,7.542,False
train/normal/people(1569).jpg,train,normal,leeds_millennium,5.42,0.013,7.228,False
train/normal/people(1571).jpg,train,normal,leeds_millennium,6.34,0.000,7.636,False
train/normal/people(1605).jpg,train,normal,leeds_millennium,7.05,0.029,7.165,False
train/normal/people(1687).jpg,train,normal,leeds_millennium,3.91,0.002,7.669,False
train/normal/people(1808).jpg,train,normal,leeds_millennium,3.45,0.026,7.652,False
train/normal/people(1816).jpg,train,normal,leeds_millennium,4.77,0.013,7.397,False
train/normal/people(1915).jpg,train,normal,leeds_millennium,6.44,0.000,7.316,False
train/normal/people(1937).jpg,train,normal,leeds_millennium,2.03,0.000,7.711,False
train/normal/people(1941).jpg,train,normal,leeds_millennium,2.70,0.001,7.428,False
train/normal/people(1947).jpg,train,normal,leeds_millennium,6.31,0.129,7.335,False
train/normal/people(1971).jpg,train,normal,leeds_millennium,3.97,0.030,6.722,False
train/normal/people(1972).jpg,train,normal,leeds_millennium,6.15,0.001,7.637,False
train/normal/people(1974).jpg,train,normal,leeds_millennium,8.08,0.130,7.343,False
train/normal/people(2000).jpg,train,normal,leeds_millennium,5.03,0.007,7.623,False
train/normal/people(2009).jpg,train,normal,leeds_millennium,2.77,0.004,7.372,False
train/normal/people(2014).jpg,train,normal,leeds_millennium,4.74,0.000,7.315,False
train/normal/people(2062).jpg,train,normal,leeds_millennium,3.02,0.075,7.735,False
train/normal/people(2063).jpg,train,normal,leeds_millennium,4.29,0.021,7.656,False
train/normal/people(2088).jpg,train,normal,leeds_millennium,5.39,0.036,7.523,False
train/normal/people(2110).jpg,train,normal,leeds_millennium,7.89,0.000,6.811,False
train/normal/people(2123).jpg,train,normal,leeds_millennium,2.32,0.047,7.691,False
train/normal/people(2165).jpg,train,normal,leeds_millennium,2.02,0.028,7.639,False
train/normal/people(2176).jpg,train,normal,leeds_millennium,13.49,0.000,6.985,False
train/normal/people(2204).jpg,train,normal,leeds_millennium,6.11,0.007,7.733,False
train/normal/people(2222).jpg,train,normal,leeds_millennium,4.52,0.000,7.480,False
train/normal/people(2245).jpg,train,normal,leeds_millennium,4.22,0.000,7.392,False
train/normal/people(2278).jpg,train,normal,leeds_millennium,5.76,0.000,7.517,False
train/normal/people(2286).jpg,train,normal,leeds_millennium,4.81,0.000,7.074,False
train/normal/people(2287).jpg,train,normal,leeds_millennium,3.25,0.000,7.095,False
train/normal/people(2297).jpg,train,normal,leeds_millennium,6.13,0.046,7.768,False
train/normal/people(2303).jpg,train,normal,leeds_millennium,2.33,0.015,7.723,False
train/normal/people(2331).jpg,train,normal,leeds_millennium,11.60,0.031,7.589,False
train/normal/people(2338).jpg,train,normal,leeds_millennium,2.51,0.040,7.681,False
train/normal/people(2382).jpg,train,normal,leeds_millennium,3.10,0.017,7.580,False
train/normal/people(2385).jpg,train,normal,leeds_millennium,4.01,0.000,7.461,False
train/normal/people(2387).jpg,train,normal,leeds_millennium,4.56,0.016,7.221,False
train/normal/people(2389).jpg,train,normal,leeds_millennium,2.40,0.043,7.679,False
train/normal/people(2434).jpg,train,normal,leeds_millennium,4.11,0.078,7.594,False
train/normal/people(2482).jpg,train,normal,leeds_millennium,10.50,0.026,7.080,False
train/normal/people(2497).jpg,train,normal,leeds_millennium,3.33,0.034,7.340,False
train/normal/people(2498).jpg,train,normal,leeds_millennium,8.03,0.000,6.537,False
train/normal/people(2550).jpg,train,normal,leeds_millennium,5.49,0.000,7.625,False
train/normal/people(2595).jpg,train,normal,leeds_millennium,4.29,0.032,7.105,False
train/normal/people(262).jpg,train,normal,leeds_millennium,5.94,0.067,7.882,False
train/normal/people(2673).jpg,train,normal,leeds_millennium,2.32,0.077,7.642,False
train/normal/people(2823).jpg,train,normal,leeds_millennium,5.43,0.017,7.683,False
train/normal/people(2839).jpg,train,normal,leeds_millennium,7.10,0.026,7.640,False
train/normal/people(2876).jpg,train,normal,leeds_millennium,12.53,0.067,6.736,False
train/normal/people(2923).jpg,train,normal,leeds_millennium,8.16,0.000,7.204,False
train/normal/people(2970).jpg,train,normal,leeds_millennium,9.61,0.000,7.495,False
train/normal/people(2977).jpg,train,normal,leeds_millennium,5.89,0.026,7.745,False
train/normal/people(2979).jpg,train,normal,leeds_millennium,7.30,0.001,7.449,False
train/normal/people(3014).jpg,train,normal,leeds_millennium,6.08,0.097,7.053,False
train/normal/people(305).jpg,train,normal,leeds_millennium,11.93,0.000,7.169,False
train/normal/people(3072).jpg,train,normal,leeds_millennium,5.54,0.029,7.387,False
train/normal/people(3079).jpg,train,normal,leeds_millennium,4.43,0.000,7.499,False
train/normal/people(3087).jpg,train,normal,leeds_millennium,7.71,0.036,7.183,False
train/normal/people(3093).jpg,train,normal,leeds_millennium,7.06,0.028,7.695,False
train/normal/people(3104).jpg,train,normal,leeds_millennium,5.98,0.000,7.375,False
train/normal/people(312).jpg,train,normal,leeds_millennium,5.37,0.000,7.455,False
train/normal/people(3203).jpg,train,normal,leeds_millennium,9.47,0.000,7.405,False
train/normal/people(3212).jpg,train,normal,leeds_millennium,3.27,0.000,7.547,False
train/normal/people(3235).jpg,train,normal,leeds_millennium,6.13,0.001,6.935,False
train/normal/people(359).jpg,train,normal,leeds_millennium,7.63,0.000,7.633,False
train/normal/people(3645).jpg,train,normal,leeds_millennium,7.53,0.000,7.657,False
train/normal/people(375).jpg,train,normal,leeds_millennium,4.80,0.068,7.760,False
train/normal/people(4135).jpg,train,normal,leeds_millennium,9.32,0.000,7.171,False
train/normal/people(4140).jpg,train,normal,leeds_millennium,8.69,0.000,7.284,False
train/normal/people(4144).jpg,train,normal,leeds_millennium,4.16,0.009,7.524,False
train/normal/people(4148).jpg,train,normal,leeds_millennium,8.20,0.234,6.984,False
train/normal/people(4154).jpg,train,normal,leeds_millennium,10.31,0.000,7.004,False
train/normal/people(4161).jpg,train,normal,leeds_millennium,2.71,0.012,7.771,False
train/normal/people(4165).jpg,train,normal,leeds_millennium,5.70,0.018,7.750,False
train/normal/people(4167).jpg,train,normal,leeds_millennium,5.04,0.015,7.821,False
train/normal/people(4169).jpg,train,normal,leeds_millennium,9.16,0.006,6.827,False
train/normal/people(4188).jpg,train,normal,leeds_millennium,6.16,0.013,7.440,False
train/normal/people(4194).jpg,train,normal,leeds_millennium,6.19,0.003,7.432,False
train/normal/people(444).jpg,train,normal,leeds_millennium,6.36,0.024,7.819,False
train/normal/people(459).jpg,train,normal,leeds_millennium,4.73,0.000,7.380,False
train/normal/people(464).jpg,train,normal,leeds_millennium,6.87,0.000,7.676,False
train/normal/people(4922).jpg,train,normal,leeds_millennium,6.88,0.001,7.082,False
train/normal/people(4925).jpg,train,normal,leeds_millennium,6.81,0.000,6.996,False
train/normal/people(5072).jpg,train,normal,leeds_millennium,3.32,0.000,6.988,False
train/normal/people(5085).jpg,train,normal,leeds_millennium,8.52,0.277,6.203,False
train/normal/people(5086).jpg,train,normal,leeds_millennium,6.19,0.029,7.343,False
train/normal/people(5089).jpg,train,normal,leeds_millennium,4.79,0.001,7.596,False
train/normal/people(5090).jpg,train,normal,leeds_millennium,5.21,0.000,7.520,False
train/normal/people(5091).jpg,train,normal,leeds_millennium,3.95,0.000,7.451,False
train/normal/people(5095).jpg,train,normal,leeds_millennium,6.39,0.011,7.559,False
train/normal/people(5105).jpg,train,normal,leeds_millennium,4.33,0.000,7.647,False
train/normal/people(5106).jpg,train,normal,leeds_millennium,3.00,0.009,7.604,False
train/normal/people(5113).jpg,train,normal,leeds_millennium,4.83,0.000,7.079,False
train/normal/people(5116).jpg,train,normal,leeds_millennium,3.28,0.001,7.681,False
train/normal/people(5119).jpg,train,normal,leeds_millennium,3.98,0.001,7.603,False
train/normal/people(5125).jpg,train,normal,leeds_millennium,5.86,0.002,6.985,False
train/normal/people(5127).jpg,train,normal,leeds_millennium,5.32,0.044,7.548,False
train/normal/people(5129).jpg,train,normal,leeds_millennium,4.91,0.004,7.257,False
train/normal/people(5130).jpg,train,normal,leeds_millennium,5.33,0.003,7.425,False
train/normal/people(5141).jpg,train,normal,leeds_millennium,5.57,0.000,7.363,False
train/normal/people(5143).jpg,train,normal,leeds_millennium,6.58,0.000,7.176,False
train/normal/people(5144).jpg,train,normal,leeds_millennium,4.18,0.003,7.751,False
train/normal/people(5148).jpg,train,normal,leeds_millennium,7.34,0.000,7.466,False
train/normal/people(5152).jpg,train,normal,leeds_millennium,4.30,0.119,7.645,False
train/normal/people(5153).jpg,train,normal,leeds_millennium,5.03,0.000,7.411,False
train/normal/people(5155).jpg,train,normal,leeds_millennium,5.39,0.000,7.066,False
train/normal/people(5156).jpg,train,normal,leeds_millennium,5.01,0.120,7.007,False
train/normal/people(5157).jpg,train,normal,leeds_millennium,5.62,0.054,7.633,False
train/normal/people(5160).jpg,train,normal,leeds_millennium,7.35,0.040,7.578,False
train/normal/people(5170).jpg,train,normal,leeds_millennium,3.25,0.021,7.424,False
train/normal/people(5181).jpg,train,normal,leeds_millennium,3.35,0.000,7.584,False
train/normal/people(5182).jpg,train,normal,leeds_millennium,4.84,0.014,7.615,False
train/normal/people(5184).jpg,train,normal,leeds_millennium,4.27,0.000,7.181,False
train/normal/people(5191).jpg,train,normal,leeds_millennium,4.66,0.001,7.450,False
train/normal/people(5196).jpg,train,normal,leeds_millennium,5.06,0.012,7.537,False
train/normal/people(5201).jpg,train,normal,leeds_millennium,7.15,0.015,7.704,False
train/normal/people(5207).jpg,train,normal,leeds_millennium,6.73,0.002,7.498,False
train/normal/people(5211).jpg,train,normal,leeds_millennium,3.40,0.004,7.515,False
train/normal/people(5215).jpg,train,normal,leeds_millennium,5.20,0.037,7.503,False
train/normal/people(5219).jpg,train,normal,leeds_millennium,4.72,0.000,7.726,False
train/normal/people(5221).jpg,train,normal,leeds_millennium,3.99,0.191,7.433,False
train/normal/people(5228).jpg,train,normal,leeds_millennium,5.46,0.000,7.516,False
train/normal/people(5230).jpg,train,normal,leeds_millennium,8.87,0.170,7.244,False
train/normal/people(5231).jpg,train,normal,leeds_millennium,7.66,0.184,7.495,False
train/normal/people(5233).jpg,train,normal,leeds_millennium,5.09,0.001,7.518,False
train/normal/people(5237).jpg,train,normal,leeds_millennium,4.61,0.006,7.315,False
train/normal/people(5240).jpg,train,normal,leeds_millennium,4.33,0.000,7.624,False
train/normal/people(5241).jpg,train,normal,leeds_millennium,4.24,0.001,7.542,False
train/normal/people(5243).jpg,train,normal,leeds_millennium,7.35,0.000,7.453,False
train/normal/people(5260).jpg,train,normal,leeds_millennium,3.13,0.011,7.813,False
train/normal/people(5263).jpg,train,normal,leeds_millennium,5.49,0.000,7.401,False
train/normal/people(5269).jpg,train,normal,leeds_millennium,7.34,0.042,6.916,False
train/normal/people(5292).jpg,train,normal,leeds_millennium,3.36,0.000,7.280,False
train/normal/people(5293).jpg,train,normal,leeds_millennium,5.49,0.000,6.049,False
train/normal/people(5296).jpg,train,normal,leeds_millennium,4.84,0.204,7.404,False
train/normal/people(5303).jpg,train,normal,leeds_millennium,6.47,0.003,7.591,False
train/normal/people(5304).jpg,train,normal,leeds_millennium,4.18,0.003,7.371,False
train/normal/people(5311).jpg,train,normal,leeds_millennium,7.34,0.031,7.337,False
train/normal/people(5313).jpg,train,normal,leeds_millennium,5.88,0.005,7.354,False
train/normal/people(5314).jpg,train,normal,leeds_millennium,3.44,0.153,7.020,False
train/normal/people(5316).jpg,train,normal,leeds_millennium,8.99,0.000,7.620,False
train/normal/people(5318).jpg,train,normal,leeds_millennium,4.05,0.029,7.613,False
train/normal/people(5325).jpg,train,normal,leeds_millennium,3.61,0.005,7.717,False
train/normal/people(5334).jpg,train,normal,leeds_millennium,4.84,0.001,7.294,False
train/normal/people(5339).jpg,train,normal,leeds_millennium,3.41,0.007,7.805,False
train/normal/people(5342).jpg,train,normal,leeds_millennium,5.55,0.000,7.311,False
train/normal/people(546).jpg,train,normal,leeds_millennium,3.19,0.015,7.893,False
train/normal/people(556).jpg,train,normal,leeds_millennium,5.99,0.001,7.541,False
train/normal/people(5863).jpg,train,normal,leeds_millennium,2.88,0.031,7.648,False
train/normal/people(5867).jpg,train,normal,leeds_millennium,3.96,0.000,7.625,False
train/normal/people(5878).jpg,train,normal,leeds_millennium,6.05,0.054,7.105,False
train/normal/people(5902).jpg,train,normal,leeds_millennium,4.90,0.000,7.361,False
train/normal/people(5905).jpg,train,normal,leeds_millennium,9.82,0.010,6.845,False
train/normal/people(5949).jpg,train,normal,leeds_millennium,4.79,0.035,7.246,False
train/normal/people(596).jpg,train,normal,leeds_millennium,5.81,0.000,7.393,False
train/normal/people(5970).jpg,train,normal,leeds_millennium,7.61,0.007,7.678,False
train/normal/people(5999).jpg,train,normal,leeds_millennium,4.16,0.000,7.576,False
train/normal/people(6010).jpg,train,normal,leeds_millennium,12.29,0.000,7.627,False
train/normal/people(6019).jpg,train,normal,leeds_millennium,3.56,0.001,7.418,False
train/normal/people(6025).jpg,train,normal,leeds_millennium,7.36,0.010,7.254,False
train/normal/people(603).jpg,train,normal,leeds_millennium,5.77,0.002,7.455,False
train/normal/people(6033).jpg,train,normal,leeds_millennium,5.64,0.000,6.874,False
train/normal/people(6036).jpg,train,normal,leeds_millennium,3.79,0.031,7.441,False
train/normal/people(6038).jpg,train,normal,leeds_millennium,7.97,0.000,7.106,False
train/normal/people(6101).jpg,train,normal,leeds_millennium,10.15,0.001,7.403,False
train/normal/people(6127).jpg,train,normal,leeds_millennium,6.16,0.003,6.830,False
train/normal/people(6140).jpg,train,normal,leeds_millennium,8.49,0.000,7.551,False
train/normal/people(6150).jpg,train,normal,leeds_millennium,2.77,0.001,7.487,False
train/normal/people(6151).jpg,train,normal,leeds_millennium,4.43,0.012,7.657,False
train/normal/people(6155).jpg,train,normal,leeds_millennium,3.99,0.000,6.775,False
train/normal/people(6156).jpg,train,normal,leeds_millennium,8.97,0.003,7.239,False
train/normal/people(6162).jpg,train,normal,leeds_millennium,4.62,0.000,7.299,False
train/normal/people(6180).jpg,train,normal,leeds_millennium,2.36,0.021,6.954,False
train/normal/people(6196).jpg,train,normal,leeds_millennium,2.98,0.000,7.612,False
train/normal/people(6202).jpg,train,normal,leeds_millennium,5.21,0.012,7.593,False
train/normal/people(6246).jpg,train,normal,leeds_millennium,2.71,0.063,7.566,False
train/normal/people(629).jpg,train,normal,leeds_millennium,7.65,0.000,7.424,False
train/normal/people(632).jpg,train,normal,leeds_millennium,6.50,0.001,7.318,False
train/normal/people(635).jpg,train,normal,leeds_millennium,6.93,0.000,7.207,False
train/normal/people(6396).jpg,train,normal,leeds_millennium,5.64,0.005,7.087,False
train/normal/people(64).jpg,train,normal,leeds_millennium,7.38,0.000,7.395,False
train/normal/people(642).jpg,train,normal,leeds_millennium,6.56,0.001,7.687,False
train/normal/people(6431).jpg,train,normal,leeds_millennium,4.01,0.004,6.803,False
train/normal/people(6441).jpg,train,normal,leeds_millennium,3.96,0.000,7.307,False
train/normal/people(6461).jpg,train,normal,leeds_millennium,4.35,0.000,7.699,False
train/normal/people(6487).jpg,train,normal,leeds_millennium,13.39,0.000,3.797,False
train/normal/people(6523).jpg,train,normal,leeds_millennium,2.93,0.009,7.492,False
train/normal/people(6524).jpg,train,normal,leeds_millennium,6.74,0.020,7.083,False
train/normal/people(6532).jpg,train,normal,leeds_millennium,4.69,0.009,7.352,False
train/normal/people(6539).jpg,train,normal,leeds_millennium,7.65,0.006,7.617,False
train/normal/people(6558).jpg,train,normal,leeds_millennium,3.32,0.030,7.545,False
train/normal/people(6584).jpg,train,normal,leeds_millennium,3.37,0.019,7.768,False
train/normal/people(6605).jpg,train,normal,leeds_millennium,3.72,0.044,7.923,False
train/normal/people(6612).jpg,train,normal,leeds_millennium,15.43,0.022,6.853,True
train/normal/people(6622).jpg,train,normal,leeds_millennium,4.93,0.001,7.088,False
train/normal/people(6625).jpg,train,normal,leeds_millennium,4.17,0.000,7.728,False
train/normal/people(6642).jpg,train,normal,leeds_millennium,5.91,0.235,6.638,False
train/normal/people(6648).jpg,train,normal,leeds_millennium,4.73,0.007,7.163,False
train/normal/people(6652).jpg,train,normal,leeds_millennium,2.90,0.003,7.333,False
train/normal/people(6655).jpg,train,normal,leeds_millennium,18.43,0.439,5.376,True
train/normal/people(6663).jpg,train,normal,leeds_millennium,7.96,0.076,7.324,False
train/normal/people(6668).jpg,train,normal,leeds_millennium,7.71,0.010,7.585,False
train/normal/people(6669).jpg,train,normal,leeds_millennium,3.76,0.002,7.527,False
train/normal/people(6673).jpg,train,normal,leeds_millennium,4.94,0.000,7.666,False
train/normal/people(6675).jpg,train,normal,leeds_millennium,4.54,0.005,7.180,False
train/normal/people(6686).jpg,train,normal,leeds_millennium,5.65,0.108,7.337,False
train/normal/people(6693).jpg,train,normal,leeds_millennium,3.02,0.010,7.912,False
train/normal/people(6695).jpg,train,normal,leeds_millennium,7.94,0.003,7.689,False
train/normal/people(6699).jpg,train,normal,leeds_millennium,4.87,0.048,7.424,False
train/normal/people(6716).jpg,train,normal,leeds_millennium,15.60,0.000,6.571,True
train/normal/people(6719).jpg,train,normal,leeds_millennium,4.25,0.040,6.390,False
train/normal/people(673).jpg,train,normal,leeds_millennium,5.70,0.000,7.688,False
train/normal/people(6747).jpg,train,normal,leeds_millennium,5.81,0.000,7.855,False
train/normal/people(6782).jpg,train,normal,leeds_millennium,6.07,0.020,7.088,False
train/normal/people(6802).jpg,train,normal,leeds_millennium,3.95,0.000,7.570,False
train/normal/people(6821).jpg,train,normal,leeds_millennium,7.41,0.000,7.436,False
train/normal/people(6839).jpg,train,normal,leeds_millennium,7.15,0.048,6.863,False
train/normal/people(6842).jpg,train,normal,leeds_millennium,4.24,0.000,7.526,False
train/normal/people(6846).jpg,train,normal,leeds_millennium,3.49,0.041,7.824,False
train/normal/people(6851).jpg,train,normal,leeds_millennium,5.67,0.000,6.814,False
train/normal/people(6858).jpg,train,normal,leeds_millennium,5.46,0.002,7.458,False
train/normal/people(6859).jpg,train,normal,leeds_millennium,3.89,0.017,7.824,False
train/normal/people(6876).jpg,train,normal,leeds_millennium,8.12,0.000,7.262,False
train/normal/people(6889).jpg,train,normal,leeds_millennium,3.60,0.029,7.546,False
train/normal/people(6893).jpg,train,normal,leeds_millennium,5.83,0.000,7.746,False
train/normal/people(6901).jpg,train,normal,leeds_millennium,5.49,0.043,7.354,False
train/normal/people(6918).jpg,train,normal,leeds_millennium,3.62,0.006,7.532,False
train/normal/people(6926).jpg,train,normal,leeds_millennium,5.58,0.002,7.130,False
train/normal/people(6927).jpg,train,normal,leeds_millennium,2.29,0.001,7.632,False
train/normal/people(6937).jpg,train,normal,leeds_millennium,9.71,0.001,7.285,False
train/normal/people(6939).jpg,train,normal,leeds_millennium,7.06,0.004,7.447,False
train/normal/people(6948).jpg,train,normal,leeds_millennium,2.87,0.041,7.778,False
train/normal/people(6978).jpg,train,normal,leeds_millennium,5.79,0.000,7.671,False
train/normal/people(6985).jpg,train,normal,leeds_millennium,4.59,0.035,7.792,False
train/normal/people(6998).jpg,train,normal,leeds_millennium,4.71,0.019,6.971,False
train/normal/people(6999).jpg,train,normal,leeds_millennium,3.15,0.018,7.241,False
train/normal/people(7008).jpg,train,normal,leeds_millennium,2.39,0.023,7.834,False
train/normal/people(7029).jpg,train,normal,leeds_millennium,5.52,0.003,7.328,False
train/normal/people(7031).jpg,train,normal,leeds_millennium,9.25,0.000,7.294,False
train/normal/people(7034).jpg,train,normal,leeds_millennium,4.88,0.001,7.091,False
train/normal/people(7058).jpg,train,normal,leeds_millennium,5.35,0.004,7.579,False
train/normal/people(7069).jpg,train,normal,leeds_millennium,10.40,0.009,6.286,False
train/normal/people(7084).jpg,train,normal,leeds_millennium,4.35,0.004,7.224,False
train/normal/people(7123).jpg,train,normal,leeds_millennium,8.65,0.034,7.825,False
train/normal/people(7160).jpg,train,normal,leeds_millennium,6.21,0.069,6.511,False
train/normal/people(7165).jpg,train,normal,leeds_millennium,3.33,0.009,7.724,False
train/normal/people(7171).jpg,train,normal,leeds_millennium,9.08,0.000,7.763,False
train/normal/people(7172).jpg,train,normal,leeds_millennium,4.86,0.004,7.639,False
train/normal/people(7216).jpg,train,normal,leeds_millennium,8.55,0.001,7.011,False
train/normal/people(7220).jpg,train,normal,leeds_millennium,4.76,0.001,7.542,False
train/normal/people(7252).jpg,train,normal,leeds_millennium,12.11,0.002,7.566,False
train/normal/people(7270).jpg,train,normal,leeds_millennium,4.06,0.050,7.672,False
train/normal/people(7271).jpg,train,normal,leeds_millennium,3.29,0.000,7.496,False
train/normal/people(7275).jpg,train,normal,leeds_millennium,10.10,0.001,7.510,False
train/normal/people(7293).jpg,train,normal,leeds_millennium,3.26,0.006,7.305,False
train/normal/people(7320).jpg,train,normal,leeds_millennium,4.20,0.000,7.592,False
train/normal/people(734).jpg,train,normal,leeds_millennium,8.43,0.001,7.440,False
train/normal/people(7347).jpg,train,normal,leeds_millennium,10.34,0.000,7.275,False
train/normal/people(7362).jpg,train,normal,leeds_millennium,6.60,0.009,7.047,False
train/normal/people(7363).jpg,train,normal,leeds_millennium,3.41,0.002,7.603,False
train/normal/people(7371).jpg,train,normal,leeds_millennium,9.60,0.000,7.002,False
train/normal/people(7372).jpg,train,normal,leeds_millennium,12.88,0.000,5.828,False
train/normal/people(7382).jpg,train,normal,leeds_millennium,5.16,0.000,6.695,False
train/normal/people(7386).jpg,train,normal,leeds_millennium,3.82,0.005,7.732,False
train/normal/people(7399).jpg,train,normal,leeds_millennium,5.18,0.005,7.576,False
train/normal/people(74).jpg,train,normal,leeds_millennium,5.78,0.001,7.647,False
train/normal/people(742).jpg,train,normal,leeds_millennium,6.59,0.018,7.693,False
train/normal/people(7427).jpg,train,normal,leeds_millennium,4.95,0.005,7.210,False
train/normal/people(7452).jpg,train,normal,leeds_millennium,5.69,0.018,7.404,False
train/normal/people(7464).jpg,train,normal,leeds_millennium,11.89,0.129,7.087,False
train/normal/people(7477).jpg,train,normal,leeds_millennium,5.88,0.000,7.314,False
train/normal/people(7479).jpg,train,normal,leeds_millennium,5.98,0.002,7.369,False
train/normal/people(7490).jpg,train,normal,leeds_millennium,5.45,0.001,7.081,False
train/normal/people(7491).jpg,train,normal,leeds_millennium,4.32,0.001,7.370,False
train/normal/people(7512).jpg,train,normal,leeds_millennium,8.02,0.000,7.268,False
train/normal/people(7519).jpg,train,normal,leeds_millennium,8.12,0.001,7.791,False
train/normal/people(7527).jpg,train,normal,leeds_millennium,10.03,0.000,6.994,False
train/normal/people(7528).jpg,train,normal,leeds_millennium,6.36,0.002,7.264,False
train/normal/people(7529).jpg,train,normal,leeds_millennium,8.37,0.001,7.310,False
train/normal/people(753).jpg,train,normal,leeds_millennium,8.22,0.010,7.761,False
train/normal/people(7539).jpg,train,normal,leeds_millennium,5.17,0.000,7.195,False
train/normal/people(7541).jpg,train,normal,leeds_millennium,4.67,0.003,7.745,False
train/normal/people(7561).jpg,train,normal,leeds_millennium,6.64,0.019,7.028,False
train/normal/people(7568).jpg,train,normal,leeds_millennium,3.26,0.018,7.725,False
train/normal/people(7574).jpg,train,normal,leeds_millennium,5.12,0.001,7.151,False
train/normal/people(7604).jpg,train,normal,leeds_millennium,17.48,0.446,5.204,True
train/normal/people(7608).jpg,train,normal,leeds_millennium,4.24,0.007,7.608,False
train/normal/people(7609).jpg,train,normal,leeds_millennium,7.96,0.063,6.507,False
train/normal/people(7610).jpg,train,normal,leeds_millennium,11.31,0.015,6.826,False
train/normal/people(762).jpg,train,normal,leeds_millennium,8.05,0.000,7.169,False
train/normal/people(7621).jpg,train,normal,leeds_millennium,3.58,0.009,7.789,False
train/normal/people(7622).jpg,train,normal,leeds_millennium,4.32,0.015,7.765,False
train/normal/people(7631).jpg,train,normal,leeds_millennium,10.28,0.011,7.455,False
train/normal/people(7649).jpg,train,normal,leeds_millennium,7.36,0.000,7.604,False
train/normal/people(7650).jpg,train,normal,leeds_millennium,4.81,0.005,7.303,False
train/normal/people(7659).jpg,train,normal,leeds_millennium,3.89,0.009,7.655,False
train/normal/people(7663).jpg,train,normal,leeds_millennium,3.66,0.043,7.818,False
train/normal/people(7665).jpg,train,normal,leeds_millennium,8.10,0.034,7.341,False
train/normal/people(7670).jpg,train,normal,leeds_millennium,3.03,0.000,7.292,False
train/normal/people(7678).jpg,train,normal,leeds_millennium,10.02,0.004,7.005,False
train/normal/people(7697).jpg,train,normal,leeds_millennium,3.36,0.001,7.287,False
train/normal/people(7704).jpg,train,normal,leeds_millennium,5.37,0.003,7.612,False
train/normal/people(7716).jpg,train,normal,leeds_millennium,4.51,0.045,7.750,False
train/normal/people(7723).jpg,train,normal,leeds_millennium,5.64,0.000,7.000,False
train/normal/people(7734).jpg,train,normal,leeds_millennium,6.84,0.002,7.530,False
train/normal/people(7735).jpg,train,normal,leeds_millennium,4.11,0.019,7.846,False
train/normal/people(7745).jpg,train,normal,leeds_millennium,4.28,0.000,7.813,False
train/normal/people(7749).jpg,train,normal,leeds_millennium,5.77,0.001,7.425,False
train/normal/people(7762).jpg,train,normal,leeds_millennium,5.34,0.024,7.426,False
train/normal/people(7767).jpg,train,normal,leeds_millennium,3.91,0.092,7.686,False
train/normal/people(7772).jpg,train,normal,leeds_millennium,5.12,0.000,7.303,False
train/normal/people(7791).jpg,train,normal,leeds_millennium,3.46,0.007,7.754,False
train/normal/people(7803).jpg,train,normal,leeds_millennium,4.60,0.009,7.741,False
train/normal/people(7828).jpg,train,normal,leeds_millennium,3.85,0.035,7.786,False
train/normal/people(7830).jpg,train,normal,leeds_millennium,6.92,0.048,7.563,False
train/normal/people(7833).jpg,train,normal,leeds_millennium,3.22,0.005,7.640,False
train/normal/people(7846).jpg,train,normal,leeds_millennium,3.14,0.047,7.600,False
train/normal/people(7854).jpg,train,normal,leeds_millennium,7.95,0.057,7.013,False
train/normal/people(7866).jpg,train,normal,leeds_millennium,4.11,0.003,7.625,False
train/normal/people(787).jpg,train,normal,leeds_millennium,6.41,0.000,7.291,False
train/normal/people(7878).jpg,train,normal,leeds_millennium,6.16,0.000,6.970,False
train/normal/people(7880).jpg,train,normal,leeds_millennium,5.66,0.000,7.238,False
train/normal/people(7893).jpg,train,normal,leeds_millennium,2.95,0.032,7.775,False
train/normal/people(7894).jpg,train,normal,leeds_millennium,3.35,0.190,6.876,False
train/normal/people(7904).jpg,train,normal,leeds_millennium,7.45,0.000,6.942,False
train/normal/people(7919).jpg,train,normal,leeds_millennium,3.74,0.000,7.737,False
train/normal/people(7920).jpg,train,normal,leeds_millennium,17.47,0.008,7.592,True
train/normal/people(7921).jpg,train,normal,leeds_millennium,6.27,0.000,7.414,False
train/normal/people(7923).jpg,train,normal,leeds_millennium,3.91,0.000,7.391,False
train/normal/people(7932).jpg,train,normal,leeds_millennium,3.00,0.012,7.529,False
train/normal/people(7933).jpg,train,normal,leeds_millennium,8.47,0.001,7.803,False
train/normal/people(7946).jpg,train,normal,leeds_millennium,5.13,0.000,7.677,False
train/normal/people(7947).jpg,train,normal,leeds_millennium,4.06,0.000,7.585,False
train/normal/people(7957).jpg,train,normal,leeds_millennium,3.33,0.273,7.047,False
train/normal/people(7958).jpg,train,normal,leeds_millennium,4.46,0.009,7.210,False
train/normal/people(7974).jpg,train,normal,leeds_millennium,2.40,0.067,7.623,False
train/normal/people(7994).jpg,train,normal,leeds_millennium,2.31,0.015,7.753,False
train/normal/people(8008).jpg,train,normal,leeds_millennium,8.41,0.000,7.188,False
train/normal/people(8010).jpg,train,normal,leeds_millennium,9.32,0.000,6.884,False
train/normal/people(8019).jpg,train,normal,leeds_millennium,4.75,0.001,7.393,False
train/normal/people(8020).jpg,train,normal,leeds_millennium,6.61,0.040,7.752,False
train/normal/people(8021).jpg,train,normal,leeds_millennium,4.95,0.037,7.510,False
train/normal/people(8078).jpg,train,normal,leeds_millennium,8.41,0.009,7.557,False
train/normal/people(8111).jpg,train,normal,leeds_millennium,5.57,0.000,7.438,False
train/normal/people(8123).jpg,train,normal,leeds_millennium,15.17,0.003,6.718,True
train/normal/people(8134).jpg,train,normal,leeds_millennium,2.71,0.015,7.787,False
train/normal/people(8136).jpg,train,normal,leeds_millennium,2.87,0.020,7.618,False
train/normal/people(8147).jpg,train,normal,leeds_millennium,9.37,0.001,6.551,False
train/normal/people(8148).jpg,train,normal,leeds_millennium,3.67,0.004,7.617,False
train/normal/people(815).jpg,train,normal,leeds_millennium,8.07,0.000,7.293,False
train/normal/people(8158).jpg,train,normal,leeds_millennium,10.62,0.000,6.653,False
train/normal/people(8169).jpg,train,normal,leeds_millennium,5.02,0.004,7.215,False
train/normal/people(8176).jpg,train,normal,leeds_millennium,2.98,0.002,7.632,False
train/normal/people(8179).jpg,train,normal,leeds_millennium,6.27,0.120,7.055,False
train/normal/people(8187).jpg,train,normal,leeds_millennium,4.58,0.174,6.788,False
train/normal/people(8189).jpg,train,normal,leeds_millennium,5.71,0.007,7.092,False
train/normal/people(8216).jpg,train,normal,leeds_millennium,4.04,0.009,7.337,False
train/normal/people(8220).jpg,train,normal,leeds_millennium,4.29,0.007,7.631,False
train/normal/people(8228).jpg,train,normal,leeds_millennium,3.92,0.000,7.487,False
train/normal/people(8270).jpg,train,normal,leeds_millennium,8.63,0.000,7.319,False
train/normal/people(8272).jpg,train,normal,leeds_millennium,6.10,0.002,7.614,False
train/normal/people(8297).jpg,train,normal,leeds_millennium,3.14,0.025,7.628,False
train/normal/people(8301).jpg,train,normal,leeds_millennium,2.48,0.063,7.218,False
train/normal/people(8311).jpg,train,normal,leeds_millennium,2.77,0.195,7.223,False
train/normal/people(8315).jpg,train,normal,leeds_millennium,8.41,0.000,6.626,False
train/normal/people(8351).jpg,train,normal,leeds_millennium,5.04,0.000,7.174,False
train/normal/people(8354).jpg,train,normal,leeds_millennium,3.82,0.035,7.392,False
train/normal/people(8360).jpg,train,normal,leeds_millennium,5.39,0.044,7.534,False
train/normal/people(863).jpg,train,normal,leeds_millennium,7.72,0.002,7.544,False
train/normal/people(928).jpg,train,normal,leeds_millennium,5.54,0.014,7.430,False
val/fall/frame_0078.jpg,val,fall,leeds_millennium,2.62,0.010,7.775,False
val/fall/frame_0081.jpg,val,fall,leeds_millennium,2.62,0.003,7.796,False
val/fall/frame_0095.jpg,val,fall,leeds_millennium,6.15,0.007,7.490,False
val/fall/frame_0233.jpg,val,fall,leeds_millennium,9.10,0.006,7.452,False
val/fall/people(1047).jpg,val,fall,leeds_millennium,7.04,0.002,7.316,False
val/fall/people(1068).jpg,val,fall,leeds_millennium,5.39,0.137,7.610,False
val/fall/people(108).jpg,val,fall,leeds_millennium,5.76,0.012,7.771,False
val/fall/people(1082).jpg,val,fall,leeds_millennium,4.77,0.023,7.348,False
val/fall/people(1083).jpg,val,fall,leeds_millennium,3.21,0.080,7.423,False
val/fall/people(1165).jpg,val,fall,leeds_millennium,7.63,0.013,6.990,False
val/fall/people(118).jpg,val,fall,leeds_millennium,8.04,0.052,7.592,False
val/fall/people(1195).jpg,val,fall,leeds_millennium,10.12,0.000,7.447,False
val/fall/people(1247).jpg,val,fall,leeds_millennium,9.32,0.000,7.341,False
val/fall/people(1250).jpg,val,fall,leeds_millennium,3.08,0.011,7.377,False
val/fall/people(1252).jpg,val,fall,leeds_millennium,3.53,0.000,7.587,False
val/fall/people(1259).jpg,val,fall,leeds_millennium,5.04,0.001,7.805,False
val/fall/people(1299).jpg,val,fall,leeds_millennium,5.80,0.015,7.532,False
val/fall/people(1302).jpg,val,fall,leeds_millennium,4.88,0.000,7.692,False
val/fall/people(1328).jpg,val,fall,leeds_millennium,5.39,0.000,7.248,False
val/fall/people(1336).jpg,val,fall,leeds_millennium,4.04,0.004,7.249,False
val/fall/people(1352).jpg,val,fall,leeds_millennium,4.14,0.006,7.301,False
val/fall/people(1357).jpg,val,fall,leeds_millennium,2.85,0.000,7.777,False
val/fall/people(1361).jpg,val,fall,leeds_millennium,8.16,0.006,7.548,False
val/fall/people(1368).jpg,val,fall,leeds_millennium,5.59,0.000,7.556,False
val/fall/people(1428).jpg,val,fall,leeds_millennium,7.76,0.001,7.406,False
val/fall/people(1430).jpg,val,fall,leeds_millennium,9.17,0.000,7.778,False
val/fall/people(1434).jpg,val,fall,leeds_millennium,8.35,0.008,7.105,False
val/fall/people(1435).jpg,val,fall,leeds_millennium,4.35,0.003,7.375,False
val/fall/people(144).jpg,val,fall,leeds_millennium,6.01,0.001,7.596,False
val/fall/people(1444).jpg,val,fall,leeds_millennium,4.93,0.001,7.123,False
val/fall/people(1462).jpg,val,fall,leeds_millennium,6.72,0.000,7.208,False
val/fall/people(15).jpg,val,fall,leeds_millennium,3.24,0.029,7.420,False
val/fall/people(1500).jpg,val,fall,leeds_millennium,6.36,0.000,7.552,False
val/fall/people(1505).jpg,val,fall,leeds_millennium,5.27,0.000,7.553,False
val/fall/people(1526).jpg,val,fall,leeds_millennium,5.65,0.015,7.830,False
val/fall/people(1559).jpg,val,fall,leeds_millennium,5.80,0.000,7.406,False
val/fall/people(156).jpg,val,fall,leeds_millennium,6.44,0.007,7.708,False
val/fall/people(1583).jpg,val,fall,leeds_millennium,4.49,0.000,7.591,False
val/fall/people(159).jpg,val,fall,leeds_millennium,5.69,0.000,7.757,False
val/fall/people(1673).jpg,val,fall,leeds_millennium,7.48,0.002,7.615,False
val/fall/people(1692).jpg,val,fall,leeds_millennium,4.51,0.000,7.703,False
val/fall/people(1698).jpg,val,fall,leeds_millennium,3.78,0.022,7.824,False
val/fall/people(170).jpg,val,fall,leeds_millennium,6.43,0.042,7.601,False
val/fall/people(1730).jpg,val,fall,leeds_millennium,6.00,0.100,7.277,False
val/fall/people(1732).jpg,val,fall,leeds_millennium,4.72,0.072,7.196,False
val/fall/people(1737).jpg,val,fall,leeds_millennium,5.21,0.012,7.819,False
val/fall/people(1802).jpg,val,fall,leeds_millennium,3.87,0.004,7.658,False
val/fall/people(1804).jpg,val,fall,leeds_millennium,9.73,0.027,7.208,False
val/fall/people(1812).jpg,val,fall,leeds_millennium,5.53,0.000,7.729,False
val/fall/people(1814).jpg,val,fall,leeds_millennium,3.09,0.005,7.420,False
val/fall/people(1839).jpg,val,fall,leeds_millennium,4.95,0.000,7.675,False
val/fall/people(1875).jpg,val,fall,leeds_millennium,6.16,0.028,7.662,False
val/fall/people(1879).jpg,val,fall,leeds_millennium,15.06,0.055,6.447,True
val/fall/people(1880).jpg,val,fall,leeds_millennium,14.23,0.195,6.525,False
val/fall/people(1987).jpg,val,fall,leeds_millennium,5.97,0.000,7.699,False
val/fall/people(1999).jpg,val,fall,leeds_millennium,5.45,0.000,7.480,False
val/fall/people(200).jpg,val,fall,leeds_millennium,3.86,0.146,7.689,False
val/fall/people(2045).jpg,val,fall,leeds_millennium,3.91,0.035,7.803,False
val/fall/people(2075).jpg,val,fall,leeds_millennium,5.96,0.000,7.424,False
val/fall/people(2076).jpg,val,fall,leeds_millennium,3.54,0.000,7.734,False
val/fall/people(210).jpg,val,fall,leeds_millennium,7.52,0.077,7.613,False
val/fall/people(2121).jpg,val,fall,leeds_millennium,7.93,0.287,6.488,False
val/fall/people(2127).jpg,val,fall,leeds_millennium,6.20,0.002,7.730,False
val/fall/people(2170).jpg,val,fall,leeds_millennium,4.68,0.080,7.240,False
val/fall/people(2248).jpg,val,fall,leeds_millennium,4.12,0.056,7.638,False
val/fall/people(2282).jpg,val,fall,leeds_millennium,9.60,0.046,7.538,False
val/fall/people(229).jpg,val,fall,leeds_millennium,7.79,0.000,7.719,False
val/fall/people(234).jpg,val,fall,leeds_millennium,5.08,0.026,7.587,False
val/fall/people(2374).jpg,val,fall,leeds_millennium,3.68,0.000,7.703,False
val/fall/people(2404).jpg,val,fall,leeds_millennium,5.36,0.070,6.739,False
val/fall/people(2405).jpg,val,fall,leeds_millennium,6.44,0.000,7.530,False
val/fall/people(2435).jpg,val,fall,leeds_millennium,9.79,0.016,7.307,False
val/fall/people(2486).jpg,val,fall,leeds_millennium,3.72,0.014,7.806,False
val/fall/people(2525).jpg,val,fall,leeds_millennium,4.33,0.024,7.486,False
val/fall/people(2551).jpg,val,fall,leeds_millennium,10.82,0.000,7.450,False
val/fall/people(2553).jpg,val,fall,leeds_millennium,5.02,0.123,7.687,False
val/fall/people(258).jpg,val,fall,leeds_millennium,6.73,0.075,7.872,False
val/fall/people(2587).jpg,val,fall,leeds_millennium,5.25,0.000,7.385,False
val/fall/people(2636).jpg,val,fall,leeds_millennium,4.22,0.342,6.682,False
val/fall/people(2638).jpg,val,fall,leeds_millennium,3.64,0.009,7.825,False
val/fall/people(2641).jpg,val,fall,leeds_millennium,4.88,0.004,6.845,False
val/fall/people(2718).jpg,val,fall,leeds_millennium,3.45,0.004,7.746,False
val/fall/people(273).jpg,val,fall,leeds_millennium,7.78,0.003,7.656,False
val/fall/people(2742).jpg,val,fall,leeds_millennium,3.80,0.212,7.437,False
val/fall/people(2778).jpg,val,fall,leeds_millennium,7.05,0.022,7.001,False
val/fall/people(2792).jpg,val,fall,leeds_millennium,3.56,0.109,7.520,False
val/fall/people(2793).jpg,val,fall,leeds_millennium,3.57,0.000,7.560,False
val/fall/people(2799).jpg,val,fall,leeds_millennium,9.05,0.145,7.130,False
val/fall/people(280).jpg,val,fall,leeds_millennium,6.41,0.000,7.779,False
val/fall/people(2812).jpg,val,fall,leeds_millennium,2.76,0.092,7.879,False
val/fall/people(2827).jpg,val,fall,leeds_millennium,6.83,0.036,7.805,False
val/fall/people(283).jpg,val,fall,leeds_millennium,7.28,0.000,7.421,False
val/fall/people(2857).jpg,val,fall,leeds_millennium,4.92,0.000,7.412,False
val/fall/people(2871).jpg,val,fall,leeds_millennium,4.09,0.011,7.664,False
val/fall/people(2882).jpg,val,fall,leeds_millennium,5.51,0.107,7.834,False
val/fall/people(2890).jpg,val,fall,leeds_millennium,6.59,0.026,7.833,False
val/fall/people(2918).jpg,val,fall,leeds_millennium,10.71,0.009,7.313,False
val/fall/people(2944).jpg,val,fall,leeds_millennium,7.07,0.003,7.471,False
val/fall/people(2964).jpg,val,fall,leeds_millennium,9.02,0.000,7.178,False
val/fall/people(3009).jpg,val,fall,leeds_millennium,2.08,0.062,7.810,False
val/fall/people(3059).jpg,val,fall,leeds_millennium,3.24,0.000,7.593,False
val/fall/people(3088).jpg,val,fall,leeds_millennium,4.28,0.001,6.343,False
val/fall/people(3094).jpg,val,fall,leeds_millennium,4.10,0.030,7.674,False
val/fall/people(3112).jpg,val,fall,leeds_millennium,6.91,0.000,7.295,False
val/fall/people(3117).jpg,val,fall,leeds_millennium,4.13,0.000,7.833,False
val/fall/people(314).jpg,val,fall,leeds_millennium,6.78,0.002,7.335,False
val/fall/people(3146).jpg,val,fall,leeds_millennium,4.35,0.002,7.569,False
val/fall/people(3161).jpg,val,fall,leeds_millennium,6.59,0.003,7.453,False
val/fall/people(3229).jpg,val,fall,leeds_millennium,4.90,0.010,7.666,False
val/fall/people(3252).jpg,val,fall,leeds_millennium,7.61,0.042,7.735,False
val/fall/people(3263).jpg,val,fall,leeds_millennium,8.35,0.024,7.614,False
val/fall/people(3271).jpg,val,fall,leeds_millennium,4.64,0.016,7.771,False
val/fall/people(3280).jpg,val,fall,leeds_millennium,7.23,0.017,7.496,False
val/fall/people(3292).jpg,val,fall,leeds_millennium,6.25,0.014,7.475,False
val/fall/people(330).jpg,val,fall,leeds_millennium,3.30,0.011,7.752,False
val/fall/people(3304).jpg,val,fall,leeds_millennium,2.93,0.013,7.607,False
val/fall/people(3306).jpg,val,fall,leeds_millennium,6.25,0.105,7.149,False
val/fall/people(3307).jpg,val,fall,leeds_millennium,3.76,0.008,7.479,False
val/fall/people(3312).jpg,val,fall,leeds_millennium,3.55,0.003,7.695,False
val/fall/people(3337).jpg,val,fall,leeds_millennium,12.30,0.621,5.054,True
val/fall/people(3351).jpg,val,fall,leeds_millennium,4.99,0.000,7.018,False
val/fall/people(3354).jpg,val,fall,leeds_millennium,2.80,0.018,7.807,False
val/fall/people(3358).jpg,val,fall,leeds_millennium,12.51,0.000,7.423,False
val/fall/people(3368).jpg,val,fall,leeds_millennium,9.50,0.022,6.905,False
val/fall/people(3371).jpg,val,fall,leeds_millennium,3.76,0.005,7.268,False
val/fall/people(3379).jpg,val,fall,leeds_millennium,13.68,0.025,7.076,False
val/fall/people(3392).jpg,val,fall,leeds_millennium,11.57,0.061,7.506,False
val/fall/people(3416).jpg,val,fall,leeds_millennium,5.32,0.000,7.513,False
val/fall/people(3457).jpg,val,fall,leeds_millennium,4.47,0.001,7.536,False
val/fall/people(3459).jpg,val,fall,leeds_millennium,6.78,0.000,7.488,False
val/fall/people(3460).jpg,val,fall,leeds_millennium,6.30,0.000,7.330,False
val/fall/people(3496).jpg,val,fall,leeds_millennium,4.24,0.008,7.419,False
val/fall/people(3502).jpg,val,fall,leeds_millennium,14.66,0.007,7.715,False
val/fall/people(3504).jpg,val,fall,leeds_millennium,12.53,0.000,7.645,False
val/fall/people(3506).jpg,val,fall,leeds_millennium,12.79,0.023,7.659,False
val/fall/people(352).jpg,val,fall,leeds_millennium,3.67,0.003,7.684,False
val/fall/people(3532).jpg,val,fall,leeds_millennium,8.23,0.429,5.331,True
val/fall/people(3544).jpg,val,fall,leeds_millennium,14.43,0.012,7.294,False
val/fall/people(3548).jpg,val,fall,leeds_millennium,8.02,0.000,7.469,False
val/fall/people(3557).jpg,val,fall,leeds_millennium,11.33,0.033,7.585,False
val/fall/people(3562).jpg,val,fall,leeds_millennium,9.02,0.065,7.338,False
val/fall/people(3582).jpg,val,fall,leeds_millennium,8.56,0.000,7.579,False
val/fall/people(3587).jpg,val,fall,leeds_millennium,9.16,0.000,7.421,False
val/fall/people(3601).jpg,val,fall,leeds_millennium,8.38,0.035,7.551,False
val/fall/people(3609).jpg,val,fall,leeds_millennium,9.27,0.000,7.094,False
val/fall/people(3615).jpg,val,fall,leeds_millennium,6.32,0.003,7.058,False
val/fall/people(3623).jpg,val,fall,leeds_millennium,7.82,0.020,7.544,False
val/fall/people(3627).jpg,val,fall,leeds_millennium,8.69,0.000,7.454,False
val/fall/people(3632).jpg,val,fall,leeds_millennium,7.75,0.003,7.560,False
val/fall/people(3638).jpg,val,fall,leeds_millennium,8.41,0.033,7.636,False
val/fall/people(3652).jpg,val,fall,leeds_millennium,8.30,0.000,7.101,False
val/fall/people(3656).jpg,val,fall,leeds_millennium,8.56,0.000,7.609,False
val/fall/people(3665).jpg,val,fall,leeds_millennium,7.99,0.007,7.623,False
val/fall/people(3688).jpg,val,fall,leeds_millennium,8.47,0.000,7.162,False
val/fall/people(3736).jpg,val,fall,leeds_millennium,8.30,0.001,7.716,False
val/fall/people(3741).jpg,val,fall,leeds_millennium,7.51,0.015,7.668,False
val/fall/people(3752).jpg,val,fall,leeds_millennium,7.11,0.000,7.742,False
val/fall/people(3768).jpg,val,fall,leeds_millennium,7.21,0.000,7.670,False
val/fall/people(3787).jpg,val,fall,leeds_millennium,5.92,0.003,7.515,False
val/fall/people(3797).jpg,val,fall,leeds_millennium,7.34,0.003,7.435,False
val/fall/people(3798).jpg,val,fall,leeds_millennium,8.31,0.027,7.820,False
val/fall/people(3816).jpg,val,fall,leeds_millennium,6.17,0.106,7.372,False
val/fall/people(3825).jpg,val,fall,leeds_millennium,6.62,0.001,7.656,False
val/fall/people(3845).jpg,val,fall,leeds_millennium,8.02,0.000,6.777,False
val/fall/people(3851).jpg,val,fall,leeds_millennium,6.46,0.000,7.833,False
val/fall/people(3853).jpg,val,fall,leeds_millennium,7.59,0.016,7.503,False
val/fall/people(3857).jpg,val,fall,leeds_millennium,6.19,0.001,7.682,False
val/fall/people(3874).jpg,val,fall,leeds_millennium,7.37,0.003,7.525,False
val/fall/people(3877).jpg,val,fall,leeds_millennium,8.35,0.030,7.275,False
val/fall/people(388).jpg,val,fall,leeds_millennium,3.59,0.020,7.789,False
val/fall/people(3906).jpg,val,fall,leeds_millennium,6.71,0.008,7.671,False
val/fall/people(3932).jpg,val,fall,leeds_millennium,4.77,0.000,7.490,False
val/fall/people(3948).jpg,val,fall,leeds_millennium,7.08,0.126,7.731,False
val/fall/people(3950).jpg,val,fall,leeds_millennium,6.47,0.006,7.435,False
val/fall/people(3963).jpg,val,fall,leeds_millennium,7.27,0.002,7.581,False
val/fall/people(3982).jpg,val,fall,leeds_millennium,8.37,0.000,7.409,False
val/fall/people(3984).jpg,val,fall,leeds_millennium,7.62,0.000,7.090,False
val/fall/people(3986).jpg,val,fall,leeds_millennium,5.25,0.000,7.493,False
val/fall/people(3998).jpg,val,fall,leeds_millennium,8.85,0.000,7.323,False
val/fall/people(4008).jpg,val,fall,leeds_millennium,5.73,0.000,7.684,False
val/fall/people(4016).jpg,val,fall,leeds_millennium,7.13,0.009,7.521,False
val/fall/people(4017).jpg,val,fall,leeds_millennium,5.17,0.000,7.279,False
val/fall/people(4024).jpg,val,fall,leeds_millennium,6.14,0.002,7.116,False
val/fall/people(4025).jpg,val,fall,leeds_millennium,8.43,0.000,7.627,False
val/fall/people(4027).jpg,val,fall,leeds_millennium,8.17,0.000,6.791,False
val/fall/people(4033).jpg,val,fall,leeds_millennium,6.15,0.009,7.099,False
val/fall/people(4040).jpg,val,fall,leeds_millennium,5.24,0.029,7.755,False
val/fall/people(4042).jpg,val,fall,leeds_millennium,4.19,0.000,7.726,False
val/fall/people(405).jpg,val,fall,leeds_millennium,8.23,0.000,7.514,False
val/fall/people(4050).jpg,val,fall,leeds_millennium,6.63,0.005,7.628,False
val/fall/people(4067).jpg,val,fall,leeds_millennium,4.90,0.000,7.548,False
val/fall/people(4070).jpg,val,fall,leeds_millennium,4.46,0.017,7.612,False
val/fall/people(4096).jpg,val,fall,leeds_millennium,4.14,0.000,7.546,False
val/fall/people(4181).jpg,val,fall,leeds_millennium,17.09,0.000,6.287,True
val/fall/people(4187).jpg,val,fall,leeds_millennium,5.93,0.006,6.948,False
val/fall/people(4364).jpg,val,fall,leeds_millennium,5.90,0.003,7.757,False
val/fall/people(4389).jpg,val,fall,leeds_millennium,7.01,0.000,7.061,False
val/fall/people(4393).jpg,val,fall,leeds_millennium,6.78,0.052,7.647,False
val/fall/people(4411).jpg,val,fall,leeds_millennium,5.92,0.005,7.666,False
val/fall/people(4442).jpg,val,fall,leeds_millennium,6.77,0.013,7.084,False
val/fall/people(4458).jpg,val,fall,leeds_millennium,6.73,0.013,7.706,False
val/fall/people(4462).jpg,val,fall,leeds_millennium,13.34,0.007,6.514,False
val/fall/people(4489).jpg,val,fall,leeds_millennium,6.58,0.001,7.640,False
val/fall/people(4500).jpg,val,fall,leeds_millennium,5.36,0.001,7.466,False
val/fall/people(4502).jpg,val,fall,leeds_millennium,7.61,0.000,7.635,False
val/fall/people(4503).jpg,val,fall,leeds_millennium,5.99,0.024,7.286,False
val/fall/people(4505).jpg,val,fall,leeds_millennium,6.62,0.027,7.724,False
val/fall/people(4511).jpg,val,fall,leeds_millennium,5.39,0.071,7.777,False
val/fall/people(4538).jpg,val,fall,leeds_millennium,6.15,0.003,7.519,False
val/fall/people(4539).jpg,val,fall,leeds_millennium,4.78,0.005,7.605,False
val/fall/people(4542).jpg,val,fall,leeds_millennium,8.09,0.043,7.774,False
val/fall/people(4563).jpg,val,fall,leeds_millennium,7.85,0.000,6.777,False
val/fall/people(4568).jpg,val,fall,leeds_millennium,6.89,0.004,7.742,False
val/fall/people(4572).jpg,val,fall,leeds_millennium,8.23,0.029,7.820,False
val/fall/people(4580).jpg,val,fall,leeds_millennium,6.25,0.186,7.307,False
val/fall/people(4581).jpg,val,fall,leeds_millennium,10.65,0.000,7.445,False
val/fall/people(4587).jpg,val,fall,leeds_millennium,7.96,0.000,7.471,False
val/fall/people(4593).jpg,val,fall,leeds_millennium,6.14,0.153,7.657,False
val/fall/people(4607).jpg,val,fall,leeds_millennium,8.77,0.000,7.594,False
val/fall/people(4608).jpg,val,fall,leeds_millennium,3.63,0.002,7.855,False
val/fall/people(463).jpg,val,fall,leeds_millennium,4.02,0.004,7.763,False
val/fall/people(4665).jpg,val,fall,leeds_millennium,2.37,0.068,7.941,False
val/fall/people(4687).jpg,val,fall,leeds_millennium,3.89,0.035,7.756,False
val/fall/people(4740).jpg,val,fall,leeds_millennium,2.95,0.000,7.709,False
val/fall/people(4746).jpg,val,fall,leeds_millennium,6.41,0.000,7.798,False
val/fall/people(4751).jpg,val,fall,leeds_millennium,10.38,0.068,6.719,False
val/fall/people(4776).jpg,val,fall,leeds_millennium,6.73,0.000,6.974,False
val/fall/people(4802).jpg,val,fall,leeds_millennium,4.54,0.004,7.638,False
val/fall/people(4806).jpg,val,fall,leeds_millennium,4.90,0.000,7.484,False
val/fall/people(4813).jpg,val,fall,leeds_millennium,4.11,0.012,7.675,False
val/fall/people(4823).jpg,val,fall,leeds_millennium,13.17,0.002,7.748,False
val/fall/people(4848).jpg,val,fall,leeds_millennium,4.09,0.007,7.500,False
val/fall/people(4849).jpg,val,fall,leeds_millennium,4.47,0.152,7.614,False
val/fall/people(4854).jpg,val,fall,leeds_millennium,3.44,0.005,7.363,False
val/fall/people(4857).jpg,val,fall,leeds_millennium,4.98,0.020,7.835,False
val/fall/people(4869).jpg,val,fall,leeds_millennium,7.58,0.153,7.178,False
val/fall/people(4892).jpg,val,fall,leeds_millennium,4.46,0.000,7.473,False
val/fall/people(4943).jpg,val,fall,leeds_millennium,4.18,0.000,7.047,False
val/fall/people(4944).jpg,val,fall,leeds_millennium,5.79,0.000,7.375,False
val/fall/people(4951).jpg,val,fall,leeds_millennium,4.76,0.015,7.828,False
val/fall/people(4963).jpg,val,fall,leeds_millennium,7.30,0.000,7.609,False
val/fall/people(4976).jpg,val,fall,leeds_millennium,3.27,0.000,7.471,False
val/fall/people(4990).jpg,val,fall,leeds_millennium,3.13,0.003,7.569,False
val/fall/people(4992).jpg,val,fall,leeds_millennium,5.79,0.000,7.580,False
val/fall/people(4996).jpg,val,fall,leeds_millennium,5.68,0.015,6.938,False
val/fall/people(5003).jpg,val,fall,leeds_millennium,6.50,0.031,6.894,False
val/fall/people(501).jpg,val,fall,leeds_millennium,9.76,0.000,7.244,False
val/fall/people(5025).jpg,val,fall,leeds_millennium,5.57,0.000,7.690,False
val/fall/people(5030).jpg,val,fall,leeds_millennium,4.08,0.047,7.649,False
val/fall/people(5040).jpg,val,fall,leeds_millennium,5.28,0.000,7.232,False
val/fall/people(5044).jpg,val,fall,leeds_millennium,4.42,0.002,7.717,False
val/fall/people(5055).jpg,val,fall,leeds_millennium,5.09,0.001,7.672,False
val/fall/people(5060).jpg,val,fall,leeds_millennium,4.05,0.001,7.693,False
val/fall/people(5069).jpg,val,fall,leeds_millennium,3.85,0.001,7.862,False
val/fall/people(5076).jpg,val,fall,leeds_millennium,4.86,0.013,7.410,False
val/fall/people(5079).jpg,val,fall,leeds_millennium,7.25,0.084,7.729,False
val/fall/people(5138).jpg,val,fall,leeds_millennium,6.63,0.021,7.843,False
val/fall/people(5146).jpg,val,fall,leeds_millennium,4.43,0.009,7.801,False
val/fall/people(5171).jpg,val,fall,leeds_millennium,4.45,0.019,7.622,False
val/fall/people(5187).jpg,val,fall,leeds_millennium,5.17,0.000,7.764,False
val/fall/people(5199).jpg,val,fall,leeds_millennium,3.30,0.008,7.666,False
val/fall/people(521).jpg,val,fall,leeds_millennium,7.07,0.000,7.091,False
val/fall/people(5212).jpg,val,fall,leeds_millennium,9.29,0.000,7.460,False
val/fall/people(5216).jpg,val,fall,leeds_millennium,7.24,0.005,7.193,False
val/fall/people(5226).jpg,val,fall,leeds_millennium,7.69,0.039,7.771,False
val/fall/people(5227).jpg,val,fall,leeds_millennium,4.92,0.000,7.695,False
val/fall/people(5242).jpg,val,fall,leeds_millennium,4.15,0.018,7.810,False
val/fall/people(5251).jpg,val,fall,leeds_millennium,6.20,0.000,7.714,False
val/fall/people(5264).jpg,val,fall,leeds_millennium,5.22,0.040,7.691,False
val/fall/people(5265).jpg,val,fall,leeds_millennium,3.21,0.026,7.718,False
val/fall/people(5295).jpg,val,fall,leeds_millennium,6.20,0.003,7.406,False
val/fall/people(5300).jpg,val,fall,leeds_millennium,5.23,0.001,7.642,False
val/fall/people(5306).jpg,val,fall,leeds_millennium,7.24,0.000,7.708,False
val/fall/people(5336).jpg,val,fall,leeds_millennium,4.48,0.010,7.545,False
val/fall/people(5338).jpg,val,fall,leeds_millennium,6.92,0.000,7.572,False
val/fall/people(5345).jpg,val,fall,leeds_millennium,4.42,0.023,7.854,False
val/fall/people(5359).jpg,val,fall,leeds_millennium,7.67,0.000,7.615,False
val/fall/people(5362).jpg,val,fall,leeds_millennium,7.70,0.001,7.551,False
val/fall/people(5363).jpg,val,fall,leeds_millennium,9.47,0.016,7.508,False
val/fall/people(5368).jpg,val,fall,leeds_millennium,7.50,0.083,7.610,False
val/fall/people(5369).jpg,val,fall,leeds_millennium,7.24,0.009,7.487,False
val/fall/people(5370).jpg,val,fall,leeds_millennium,4.87,0.003,7.746,False
val/fall/people(564).jpg,val,fall,leeds_millennium,6.29,0.006,7.439,False
val/fall/people(570).jpg,val,fall,leeds_millennium,5.78,0.001,7.672,False
val/fall/people(572).jpg,val,fall,leeds_millennium,5.95,0.012,7.497,False
val/fall/people(5826).jpg,val,fall,leeds_millennium,2.17,0.015,7.838,False
val/fall/people(5844).jpg,val,fall,leeds_millennium,5.60,0.000,7.280,False
val/fall/people(5854).jpg,val,fall,leeds_millennium,4.26,0.015,7.838,False
val/fall/people(5870).jpg,val,fall,leeds_millennium,3.76,0.001,7.709,False
val/fall/people(5877).jpg,val,fall,leeds_millennium,4.32,0.000,7.746,False
val/fall/people(5883).jpg,val,fall,leeds_millennium,13.76,0.002,6.408,False
val/fall/people(5884).jpg,val,fall,leeds_millennium,20.04,0.004,6.035,True
val/fall/people(5887).jpg,val,fall,leeds_millennium,9.20,0.014,7.426,False
val/fall/people(5907).jpg,val,fall,leeds_millennium,10.13,0.000,6.877,False
val/fall/people(5917).jpg,val,fall,leeds_millennium,4.56,0.000,7.664,False
val/fall/people(5929).jpg,val,fall,leeds_millennium,6.15,0.028,7.574,False
val/fall/people(5947).jpg,val,fall,leeds_millennium,6.37,0.000,6.352,False
val/fall/people(5950).jpg,val,fall,leeds_millennium,3.26,0.086,7.741,False
val/fall/people(5961).jpg,val,fall,leeds_millennium,5.82,0.004,7.264,False
val/fall/people(5963).jpg,val,fall,leeds_millennium,12.18,0.000,7.063,False
val/fall/people(5981).jpg,val,fall,leeds_millennium,12.07,0.000,5.894,False
val/fall/people(5984).jpg,val,fall,leeds_millennium,4.45,0.000,7.735,False
val/fall/people(5989).jpg,val,fall,leeds_millennium,6.60,0.000,7.626,False
val/fall/people(6003).jpg,val,fall,leeds_millennium,5.64,0.001,5.219,False
val/fall/people(6008).jpg,val,fall,leeds_millennium,6.41,0.000,7.248,False
val/fall/people(6021).jpg,val,fall,leeds_millennium,7.28,0.001,7.261,False
val/fall/people(6022).jpg,val,fall,leeds_millennium,2.72,0.004,7.902,False
val/fall/people(6028).jpg,val,fall,leeds_millennium,5.49,0.050,7.628,False
val/fall/people(6040).jpg,val,fall,leeds_millennium,6.56,0.098,7.286,False
val/fall/people(6060).jpg,val,fall,leeds_millennium,8.02,0.000,7.195,False
val/fall/people(6079).jpg,val,fall,leeds_millennium,8.33,0.001,6.300,False
val/fall/people(6091).jpg,val,fall,leeds_millennium,3.37,0.058,7.732,False
val/fall/people(61).jpg,val,fall,leeds_millennium,8.58,0.001,7.844,False
val/fall/people(6104).jpg,val,fall,leeds_millennium,8.12,0.000,5.971,False
val/fall/people(6110).jpg,val,fall,leeds_millennium,4.16,0.000,7.366,False
val/fall/people(6120).jpg,val,fall,leeds_millennium,2.86,0.000,7.408,False
val/fall/people(6138).jpg,val,fall,leeds_millennium,5.71,0.005,7.254,False
val/fall/people(6148).jpg,val,fall,leeds_millennium,3.45,0.000,7.407,False
val/fall/people(6154).jpg,val,fall,leeds_millennium,6.00,0.006,6.772,False
val/fall/people(616).jpg,val,fall,leeds_millennium,9.15,0.000,7.474,False
val/fall/people(6160).jpg,val,fall,leeds_millennium,5.35,0.000,7.293,False
val/fall/people(6164).jpg,val,fall,leeds_millennium,3.55,0.057,7.828,False
val/fall/people(6170).jpg,val,fall,leeds_millennium,7.25,0.009,7.141,False
val/fall/people(6172).jpg,val,fall,leeds_millennium,9.91,0.007,6.914,False
val/fall/people(6177).jpg,val,fall,leeds_millennium,4.58,0.001,7.429,False
val/fall/people(6178).jpg,val,fall,leeds_millennium,6.18,0.006,7.396,False
val/fall/people(6198).jpg,val,fall,leeds_millennium,10.75,0.000,6.402,False
val/fall/people(620).jpg,val,fall,leeds_millennium,4.76,0.076,7.298,False
val/fall/people(6205).jpg,val,fall,leeds_millennium,10.33,0.005,6.485,False
val/fall/people(621).jpg,val,fall,leeds_millennium,6.15,0.000,7.174,False
val/fall/people(6210).jpg,val,fall,leeds_millennium,8.77,0.003,7.566,False
val/fall/people(6223).jpg,val,fall,leeds_millennium,4.71,0.101,7.691,False
val/fall/people(6227).jpg,val,fall,leeds_millennium,5.95,0.007,7.492,False
val/fall/people(623).jpg,val,fall,leeds_millennium,7.55,0.002,7.334,False
val/fall/people(6231).jpg,val,fall,leeds_millennium,3.77,0.000,7.335,False
val/fall/people(6234).jpg,val,fall,leeds_millennium,6.35,0.000,7.696,False
val/fall/people(6239).jpg,val,fall,leeds_millennium,8.12,0.009,6.865,False
val/fall/people(6250).jpg,val,fall,leeds_millennium,3.57,0.002,7.482,False
val/fall/people(6257).jpg,val,fall,leeds_millennium,9.44,0.014,7.215,False
val/fall/people(6267).jpg,val,fall,leeds_millennium,4.29,0.045,7.260,False
val/fall/people(6270).jpg,val,fall,leeds_millennium,4.69,0.000,7.740,False
val/fall/people(6272).jpg,val,fall,leeds_millennium,12.02,0.000,4.788,False
val/fall/people(628).jpg,val,fall,leeds_millennium,4.01,0.000,7.306,False
val/fall/people(6287).jpg,val,fall,leeds_millennium,6.07,0.000,6.891,False
val/fall/people(6293).jpg,val,fall,leeds_millennium,10.77,0.003,7.479,False
val/fall/people(6296).jpg,val,fall,leeds_millennium,8.55,0.000,7.064,False
val/fall/people(6301).jpg,val,fall,leeds_millennium,6.65,0.000,7.489,False
val/fall/people(6314).jpg,val,fall,leeds_millennium,7.77,0.002,6.773,False
val/fall/people(6321).jpg,val,fall,leeds_millennium,5.13,0.004,7.374,False
val/fall/people(6324).jpg,val,fall,leeds_millennium,6.37,0.000,7.050,False
val/fall/people(6332).jpg,val,fall,leeds_millennium,4.13,0.018,7.694,False
val/fall/people(634).jpg,val,fall,leeds_millennium,8.77,0.000,7.491,False
val/fall/people(6341).jpg,val,fall,leeds_millennium,5.55,0.095,7.004,False
val/fall/people(6354).jpg,val,fall,leeds_millennium,5.31,0.009,7.273,False
val/fall/people(6362).jpg,val,fall,leeds_millennium,8.47,0.225,7.207,False
val/fall/people(6366).jpg,val,fall,leeds_millennium,6.41,0.035,7.527,False
val/fall/people(6367).jpg,val,fall,leeds_millennium,1.69,0.001,7.747,False
val/fall/people(6374).jpg,val,fall,leeds_millennium,12.81,0.000,7.445,False
val/fall/people(6376).jpg,val,fall,leeds_millennium,5.07,0.004,7.499,False
val/fall/people(6380).jpg,val,fall,leeds_millennium,3.58,0.001,7.490,False
val/fall/people(6381).jpg,val,fall,leeds_millennium,2.76,0.003,7.836,False
val/fall/people(6387).jpg,val,fall,leeds_millennium,4.07,0.000,7.529,False
val/fall/people(6388).jpg,val,fall,leeds_millennium,8.03,0.038,7.762,False
val/fall/people(6415).jpg,val,fall,leeds_millennium,4.81,0.072,7.415,False
val/fall/people(6416).jpg,val,fall,leeds_millennium,9.04,0.000,6.920,False
val/fall/people(6442).jpg,val,fall,leeds_millennium,4.65,0.078,7.762,False
val/fall/people(6453).jpg,val,fall,leeds_millennium,4.31,0.014,7.813,False
val/fall/people(6463).jpg,val,fall,leeds_millennium,6.20,0.003,7.333,False
val/fall/people(6467).jpg,val,fall,leeds_millennium,6.73,0.001,7.392,False
val/fall/people(6476).jpg,val,fall,leeds_millennium,3.88,0.000,7.580,False
val/fall/people(6480).jpg,val,fall,leeds_millennium,4.17,0.000,7.334,False
val/fall/people(6489).jpg,val,fall,leeds_millennium,4.74,0.011,6.752,False
val/fall/people(6494).jpg,val,fall,leeds_millennium,4.61,0.091,7.528,False
val/fall/people(652).jpg,val,fall,leeds_millennium,6.05,0.053,7.416,False
val/fall/people(6525).jpg,val,fall,leeds_millennium,4.11,0.004,7.734,False
val/fall/people(6526).jpg,val,fall,leeds_millennium,6.42,0.000,7.468,False
val/fall/people(6533).jpg,val,fall,leeds_millennium,2.96,0.001,7.621,False
val/fall/people(6536).jpg,val,fall,leeds_millennium,5.27,0.000,6.872,False
val/fall/people(6549).jpg,val,fall,leeds_millennium,15.18,0.019,6.878,True
val/fall/people(6590).jpg,val,fall,leeds_millennium,5.11,0.004,7.482,False
val/fall/people(6614).jpg,val,fall,leeds_millennium,3.80,0.009,7.408,False
val/fall/people(6619).jpg,val,fall,leeds_millennium,3.17,0.004,7.780,False
val/fall/people(6630).jpg,val,fall,leeds_millennium,12.33,0.000,6.682,False
val/fall/people(6638).jpg,val,fall,leeds_millennium,8.88,0.000,6.472,False
val/fall/people(6643).jpg,val,fall,leeds_millennium,7.41,0.000,6.772,False
val/fall/people(6660).jpg,val,fall,leeds_millennium,8.19,0.029,7.321,False
val/fall/people(6671).jpg,val,fall,leeds_millennium,5.08,0.000,6.709,False
val/fall/people(6682).jpg,val,fall,leeds_millennium,6.62,0.022,6.169,False
val/fall/people(6683).jpg,val,fall,leeds_millennium,4.41,0.005,7.793,False
val/fall/people(6688).jpg,val,fall,leeds_millennium,7.32,0.163,6.908,False
val/fall/people(6700).jpg,val,fall,leeds_millennium,6.29,0.004,7.464,False
val/fall/people(6704).jpg,val,fall,leeds_millennium,10.13,0.003,6.044,False
val/fall/people(6708).jpg,val,fall,leeds_millennium,5.62,0.088,7.629,False
val/fall/people(6713).jpg,val,fall,leeds_millennium,5.46,0.006,7.176,False
val/fall/people(6722).jpg,val,fall,leeds_millennium,6.86,0.062,7.525,False
val/fall/people(6738).jpg,val,fall,leeds_millennium,5.30,0.000,7.413,False
val/fall/people(6745).jpg,val,fall,leeds_millennium,2.67,0.013,7.629,False
val/fall/people(6754).jpg,val,fall,leeds_millennium,6.71,0.035,7.682,False
val/fall/people(6781).jpg,val,fall,leeds_millennium,4.18,0.000,7.368,False
val/fall/people(6786).jpg,val,fall,leeds_millennium,4.49,0.000,7.103,False
val/fall/people(6787).jpg,val,fall,leeds_millennium,8.51,0.011,6.854,False
val/fall/people(6796).jpg,val,fall,leeds_millennium,7.77,0.000,6.470,False
val/fall/people(6797).jpg,val,fall,leeds_millennium,5.67,0.004,7.513,False
val/fall/people(68).jpg,val,fall,leeds_millennium,4.44,0.001,7.471,False
val/fall/people(6805).jpg,val,fall,leeds_millennium,8.23,0.063,7.023,False
val/fall/people(6813).jpg,val,fall,leeds_millennium,3.98,0.002,7.028,False
val/fall/people(6815).jpg,val,fall,leeds_millennium,5.30,0.000,7.381,False
val/fall/people(6847).jpg,val,fall,leeds_millennium,2.77,0.000,7.436,False
val/fall/people(6860).jpg,val,fall,leeds_millennium,3.98,0.306,6.853,False
val/fall/people(6866).jpg,val,fall,leeds_millennium,8.15,0.001,7.446,False
val/fall/people(6877).jpg,val,fall,leeds_millennium,8.63,0.004,6.874,False
val/fall/people(6878).jpg,val,fall,leeds_millennium,3.59,0.021,7.327,False
val/fall/people(6879).jpg,val,fall,leeds_millennium,4.28,0.022,7.687,False
val/fall/people(6890).jpg,val,fall,leeds_millennium,7.77,0.000,4.590,False
val/fall/people(6892).jpg,val,fall,leeds_millennium,6.84,0.017,6.114,False
val/fall/people(690).jpg,val,fall,leeds_millennium,9.70,0.027,7.716,False
val/fall/people(6909).jpg,val,fall,leeds_millennium,4.80,0.000,7.703,False
val/fall/people(6910).jpg,val,fall,leeds_millennium,5.36,0.004,7.778,False
val/fall/people(6917).jpg,val,fall,leeds_millennium,5.30,0.003,7.559,False
val/fall/people(6920).jpg,val,fall,leeds_millennium,6.86,0.028,7.246,False
val/fall/people(6929).jpg,val,fall,leeds_millennium,8.15,0.000,7.620,False
val/fall/people(6946).jpg,val,fall,leeds_millennium,5.02,0.000,7.260,False
val/fall/people(6949).jpg,val,fall,leeds_millennium,4.50,0.102,7.658,False
val/fall/people(6950).jpg,val,fall,leeds_millennium,3.14,0.006,7.662,False
val/fall/people(6955).jpg,val,fall,leeds_millennium,6.09,0.011,7.008,False
val/fall/people(6957).jpg,val,fall,leeds_millennium,5.72,0.095,7.714,False
val/fall/people(696).jpg,val,fall,leeds_millennium,5.59,0.000,7.608,False
val/fall/people(6960).jpg,val,fall,leeds_millennium,4.89,0.044,7.421,False
val/fall/people(6965).jpg,val,fall,leeds_millennium,8.17,0.007,6.500,False
val/fall/people(6966).jpg,val,fall,leeds_millennium,9.24,0.000,6.895,False
val/fall/people(6970).jpg,val,fall,leeds_millennium,5.03,0.007,7.381,False
val/fall/people(6975).jpg,val,fall,leeds_millennium,14.28,0.017,7.808,False
val/fall/people(6984).jpg,val,fall,leeds_millennium,8.06,0.006,7.229,False
val/fall/people(6989).jpg,val,fall,leeds_millennium,8.01,0.016,7.327,False
val/fall/people(6992).jpg,val,fall,leeds_millennium,8.40,0.000,5.559,False
val/fall/people(7002).jpg,val,fall,leeds_millennium,4.46,0.021,7.679,False
val/fall/people(7006).jpg,val,fall,leeds_millennium,7.79,0.000,6.858,False
val/fall/people(7011).jpg,val,fall,leeds_millennium,9.56,0.000,7.057,False
val/fall/people(7015).jpg,val,fall,leeds_millennium,9.07,0.026,7.598,False
val/fall/people(7023).jpg,val,fall,leeds_millennium,4.81,0.000,7.057,False
val/fall/people(7025).jpg,val,fall,leeds_millennium,5.06,0.008,7.131,False
val/fall/people(7041).jpg,val,fall,leeds_millennium,11.97,0.001,7.511,False
val/fall/people(7047).jpg,val,fall,leeds_millennium,3.11,0.000,7.615,False
val/fall/people(7059).jpg,val,fall,leeds_millennium,3.97,0.004,7.029,False
val/fall/people(7061).jpg,val,fall,leeds_millennium,3.55,0.019,7.223,False
val/fall/people(7062).jpg,val,fall,leeds_millennium,4.23,0.000,7.544,False
val/fall/people(7063).jpg,val,fall,leeds_millennium,3.75,0.005,7.739,False
val/fall/people(7071).jpg,val,fall,leeds_millennium,11.27,0.000,6.788,False
val/fall/people(7079).jpg,val,fall,leeds_millennium,5.40,0.006,7.262,False
val/fall/people(7092).jpg,val,fall,leeds_millennium,4.57,0.001,7.604,False
val/fall/people(7096).jpg,val,fall,leeds_millennium,4.52,0.004,7.573,False
val/fall/people(7102).jpg,val,fall,leeds_millennium,5.36,0.000,7.485,False
val/fall/people(7115).jpg,val,fall,leeds_millennium,4.71,0.006,7.868,False
val/fall/people(7117).jpg,val,fall,leeds_millennium,10.01,0.000,4.112,False
val/fall/people(7119).jpg,val,fall,leeds_millennium,6.13,0.000,6.059,False
val/fall/people(7120).jpg,val,fall,leeds_millennium,6.91,0.002,6.553,False
val/fall/people(7128).jpg,val,fall,leeds_millennium,9.80,0.006,6.061,False
val/fall/people(7133).jpg,val,fall,leeds_millennium,7.63,0.000,6.614,False
val/fall/people(7137).jpg,val,fall,leeds_millennium,5.91,0.000,6.822,False
val/fall/people(7156).jpg,val,fall,leeds_millennium,5.20,0.039,7.921,False
val/fall/people(7158).jpg,val,fall,leeds_millennium,3.50,0.015,7.469,False
val/fall/people(717).jpg,val,fall,leeds_millennium,6.66,0.011,7.552,False
val/fall/people(7175).jpg,val,fall,leeds_millennium,7.18,0.003,7.049,False
val/fall/people(7180).jpg,val,fall,leeds_millennium,6.55,0.001,7.210,False
val/fall/people(7181).jpg,val,fall,leeds_millennium,5.99,0.052,7.352,False
val/fall/people(7191).jpg,val,fall,leeds_millennium,4.66,0.007,7.481,False
val/fall/people(7198).jpg,val,fall,leeds_millennium,7.45,0.001,7.321,False
val/fall/people(720).jpg,val,fall,leeds_millennium,5.39,0.004,7.531,False
val/fall/people(7223).jpg,val,fall,leeds_millennium,5.71,0.070,6.617,False
val/fall/people(7224).jpg,val,fall,leeds_millennium,8.99,0.001,5.919,False
val/fall/people(7229).jpg,val,fall,leeds_millennium,7.62,0.006,7.389,False
val/fall/people(7232).jpg,val,fall,leeds_millennium,4.29,0.046,7.743,False
val/fall/people(7243).jpg,val,fall,leeds_millennium,3.45,0.045,7.797,False
val/fall/people(7250).jpg,val,fall,leeds_millennium,7.20,0.000,5.690,False
val/fall/people(7257).jpg,val,fall,leeds_millennium,3.82,0.000,7.636,False
val/fall/people(7263).jpg,val,fall,leeds_millennium,7.51,0.000,6.312,False
val/fall/people(7272).jpg,val,fall,leeds_millennium,6.99,0.071,7.151,False
val/fall/people(7276).jpg,val,fall,leeds_millennium,4.86,0.001,7.513,False
val/fall/people(7302).jpg,val,fall,leeds_millennium,3.61,0.000,7.462,False
val/fall/people(7321).jpg,val,fall,leeds_millennium,5.01,0.002,6.784,False
val/fall/people(7322).jpg,val,fall,leeds_millennium,3.87,0.000,7.450,False
val/fall/people(7324).jpg,val,fall,leeds_millennium,10.60,0.294,6.626,False
val/fall/people(7325).jpg,val,fall,leeds_millennium,2.78,0.014,7.780,False
val/fall/people(7327).jpg,val,fall,leeds_millennium,5.36,0.011,6.777,False
val/fall/people(7332).jpg,val,fall,leeds_millennium,5.92,0.002,6.495,False
val/fall/people(7344).jpg,val,fall,leeds_millennium,13.57,0.001,6.919,False
val/fall/people(7350).jpg,val,fall,leeds_millennium,3.95,0.000,7.676,False
val/fall/people(7352).jpg,val,fall,leeds_millennium,4.93,0.000,7.604,False
val/fall/people(7356).jpg,val,fall,leeds_millennium,8.25,0.036,7.830,False
val/fall/people(7365).jpg,val,fall,leeds_millennium,6.83,0.000,4.710,False
val/fall/people(7366).jpg,val,fall,leeds_millennium,6.16,0.012,6.837,False
val/fall/people(7367).jpg,val,fall,leeds_millennium,10.99,0.002,5.785,False
val/fall/people(7370).jpg,val,fall,leeds_millennium,9.06,0.000,7.090,False
val/fall/people(7378).jpg,val,fall,leeds_millennium,3.92,0.000,7.226,False
val/fall/people(7388).jpg,val,fall,leeds_millennium,7.21,0.001,7.800,False
val/fall/people(7398).jpg,val,fall,leeds_millennium,7.88,0.014,7.125,False
val/fall/people(7402).jpg,val,fall,leeds_millennium,4.88,0.031,7.460,False
val/fall/people(7430).jpg,val,fall,leeds_millennium,5.66,0.124,7.622,False
val/fall/people(7437).jpg,val,fall,leeds_millennium,8.46,0.019,7.303,False
val/fall/people(7480).jpg,val,fall,leeds_millennium,3.73,0.001,7.810,False
val/fall/people(7481).jpg,val,fall,leeds_millennium,4.89,0.000,7.765,False
val/fall/people(7493).jpg,val,fall,leeds_millennium,6.73,0.040,6.110,False
val/fall/people(7494).jpg,val,fall,leeds_millennium,4.88,0.041,6.671,False
val/fall/people(7495).jpg,val,fall,leeds_millennium,7.07,0.000,7.692,False
val/fall/people(7502).jpg,val,fall,leeds_millennium,5.87,0.000,7.215,False
val/fall/people(7505).jpg,val,fall,leeds_millennium,4.57,0.001,6.588,False
val/fall/people(7514).jpg,val,fall,leeds_millennium,5.92,0.000,7.639,False
val/fall/people(7521).jpg,val,fall,leeds_millennium,4.29,0.000,7.729,False
val/fall/people(7523).jpg,val,fall,leeds_millennium,4.36,0.000,7.202,False
val/fall/people(7534).jpg,val,fall,leeds_millennium,5.63,0.000,7.694,False
val/fall/people(7535).jpg,val,fall,leeds_millennium,3.04,0.035,7.843,False
val/fall/people(7557).jpg,val,fall,leeds_millennium,4.13,0.077,7.449,False
val/fall/people(7563).jpg,val,fall,leeds_millennium,3.04,0.001,7.425,False
val/fall/people(7571).jpg,val,fall,leeds_millennium,5.74,0.054,7.355,False
val/fall/people(7572).jpg,val,fall,leeds_millennium,5.17,0.000,7.660,False
val/fall/people(7578).jpg,val,fall,leeds_millennium,5.60,0.051,7.277,False
val/fall/people(7599).jpg,val,fall,leeds_millennium,15.95,0.094,6.783,True
val/fall/people(7606).jpg,val,fall,leeds_millennium,7.82,0.012,7.256,False
val/fall/people(7647).jpg,val,fall,leeds_millennium,6.93,0.000,6.519,False
val/fall/people(7648).jpg,val,fall,leeds_millennium,5.43,0.000,7.396,False
val/fall/people(7658).jpg,val,fall,leeds_millennium,2.76,0.008,7.592,False
val/fall/people(7691).jpg,val,fall,leeds_millennium,6.17,0.023,6.963,False
val/fall/people(7693).jpg,val,fall,leeds_millennium,5.12,0.001,7.161,False
val/fall/people(7696).jpg,val,fall,leeds_millennium,6.74,0.010,7.303,False
val/fall/people(7701).jpg,val,fall,leeds_millennium,6.98,0.005,6.694,False
val/fall/people(7707).jpg,val,fall,leeds_millennium,13.71,0.005,7.451,False
val/fall/people(771).jpg,val,fall,leeds_millennium,2.34,0.019,7.695,False
val/fall/people(7710).jpg,val,fall,leeds_millennium,4.84,0.023,6.734,False
val/fall/people(7718).jpg,val,fall,leeds_millennium,4.59,0.024,6.994,False
val/fall/people(7727).jpg,val,fall,leeds_millennium,8.43,0.026,7.161,False
val/fall/people(7729).jpg,val,fall,leeds_millennium,4.76,0.165,7.193,False
val/fall/people(7739).jpg,val,fall,leeds_millennium,9.20,0.000,6.618,False
val/fall/people(774).jpg,val,fall,leeds_millennium,4.55,0.005,7.589,False
val/fall/people(7742).jpg,val,fall,leeds_millennium,5.59,0.001,7.344,False
val/fall/people(7773).jpg,val,fall,leeds_millennium,4.14,0.029,7.371,False
val/fall/people(7783).jpg,val,fall,leeds_millennium,3.55,0.022,7.448,False
val/fall/people(7788).jpg,val,fall,leeds_millennium,5.18,0.107,7.513,False
val/fall/people(7792).jpg,val,fall,leeds_millennium,6.81,0.056,6.655,False
val/fall/people(7796).jpg,val,fall,leeds_millennium,6.89,0.191,7.137,False
val/fall/people(78).jpg,val,fall,leeds_millennium,6.68,0.000,7.644,False
val/fall/people(7810).jpg,val,fall,leeds_millennium,3.28,0.069,7.558,False
val/fall/people(7815).jpg,val,fall,leeds_millennium,6.74,0.032,6.681,False
val/fall/people(7824).jpg,val,fall,leeds_millennium,8.09,0.002,7.431,False
val/fall/people(7839).jpg,val,fall,leeds_millennium,10.59,0.001,6.340,False
val/fall/people(7845).jpg,val,fall,leeds_millennium,5.55,0.011,7.690,False
val/fall/people(7855).jpg,val,fall,leeds_millennium,8.60,0.033,7.744,False
val/fall/people(7858).jpg,val,fall,leeds_millennium,6.26,0.017,7.525,False
val/fall/people(7862).jpg,val,fall,leeds_millennium,5.34,0.029,6.745,False
val/fall/people(7864).jpg,val,fall,leeds_millennium,8.75,0.044,7.298,False
val/fall/people(7865).jpg,val,fall,leeds_millennium,3.10,0.003,7.396,False
val/fall/people(7868).jpg,val,fall,leeds_millennium,9.03,0.000,7.234,False
val/fall/people(7874).jpg,val,fall,leeds_millennium,5.27,0.000,5.919,False
val/fall/people(7876).jpg,val,fall,leeds_millennium,7.42,0.009,6.770,False
val/fall/people(7877).jpg,val,fall,leeds_millennium,3.85,0.002,7.550,False
val/fall/people(7881).jpg,val,fall,leeds_millennium,4.45,0.590,5.427,True
val/fall/people(7902).jpg,val,fall,leeds_millennium,4.15,0.046,7.610,False
val/fall/people(7911).jpg,val,fall,leeds_millennium,5.33,0.000,6.880,False
val/fall/people(7949).jpg,val,fall,leeds_millennium,13.64,0.000,5.879,False
val/fall/people(7950).jpg,val,fall,leeds_millennium,4.87,0.000,7.242,False
val/fall/people(7953).jpg,val,fall,leeds_millennium,4.43,0.007,6.888,False
val/fall/people(7956).jpg,val,fall,leeds_millennium,4.97,0.049,7.890,False
val/fall/people(7973).jpg,val,fall,leeds_millennium,8.15,0.001,6.947,False
val/fall/people(7977).jpg,val,fall,leeds_millennium,10.40,0.008,7.499,False
val/fall/people(7983).jpg,val,fall,leeds_millennium,5.91,0.094,7.725,False
val/fall/people(7986).jpg,val,fall,leeds_millennium,2.25,0.001,7.707,False
val/fall/people(7988).jpg,val,fall,leeds_millennium,12.34,0.000,7.078,False
val/fall/people(7998).jpg,val,fall,leeds_millennium,11.84,0.000,7.493,False
val/fall/people(7999).jpg,val,fall,leeds_millennium,5.89,0.000,7.015,False
val/fall/people(8005).jpg,val,fall,leeds_millennium,15.87,0.024,5.596,True
val/fall/people(8007).jpg,val,fall,leeds_millennium,12.27,0.000,6.796,False
val/fall/people(8039).jpg,val,fall,leeds_millennium,5.65,0.038,7.195,False
val/fall/people(8045).jpg,val,fall,leeds_millennium,2.96,0.019,7.638,False
val/fall/people(8046).jpg,val,fall,leeds_millennium,5.33,0.028,7.541,False
val/fall/people(8047).jpg,val,fall,leeds_millennium,3.74,0.007,7.149,False
val/fall/people(8049).jpg,val,fall,leeds_millennium,6.79,0.000,6.833,False
val/fall/people(8053).jpg,val,fall,leeds_millennium,9.41,0.001,7.057,False
val/fall/people(8068).jpg,val,fall,leeds_millennium,8.31,0.000,6.581,False
val/fall/people(8079).jpg,val,fall,leeds_millennium,4.42,0.001,7.716,False
val/fall/people(8084).jpg,val,fall,leeds_millennium,3.47,0.004,7.469,False
val/fall/people(8087).jpg,val,fall,leeds_millennium,4.82,0.019,6.794,False
val/fall/people(8095).jpg,val,fall,leeds_millennium,7.11,0.000,7.311,False
val/fall/people(8109).jpg,val,fall,leeds_millennium,4.65,0.017,7.747,False
val/fall/people(8114).jpg,val,fall,leeds_millennium,6.29,0.000,6.710,False
val/fall/people(8117).jpg,val,fall,leeds_millennium,7.53,0.000,7.384,False
val/fall/people(8127).jpg,val,fall,leeds_millennium,11.96,0.000,7.548,False
val/fall/people(8138).jpg,val,fall,leeds_millennium,7.49,0.010,7.189,False
val/fall/people(814).jpg,val,fall,leeds_millennium,5.35,0.000,7.607,False
val/fall/people(8175).jpg,val,fall,leeds_millennium,6.51,0.009,7.187,False
val/fall/people(8180).jpg,val,fall,leeds_millennium,3.30,0.024,7.440,False
val/fall/people(8210).jpg,val,fall,leeds_millennium,7.58,0.021,7.635,False
val/fall/people(8215).jpg,val,fall,leeds_millennium,6.56,0.070,7.033,False
val/fall/people(822).jpg,val,fall,leeds_millennium,3.78,0.000,7.501,False
val/fall/people(8223).jpg,val,fall,leeds_millennium,6.95,0.000,7.331,False
val/fall/people(8230).jpg,val,fall,leeds_millennium,8.09,0.013,6.544,False
val/fall/people(8232).jpg,val,fall,leeds_millennium,2.60,0.002,6.930,False
val/fall/people(8249).jpg,val,fall,leeds_millennium,7.79,0.042,7.361,False
val/fall/people(8252).jpg,val,fall,leeds_millennium,5.53,0.034,7.190,False
val/fall/people(8263).jpg,val,fall,leeds_millennium,4.78,0.000,7.641,False
val/fall/people(8275).jpg,val,fall,leeds_millennium,11.95,0.000,7.148,False
val/fall/people(8278).jpg,val,fall,leeds_millennium,3.74,0.000,7.484,False
val/fall/people(8314).jpg,val,fall,leeds_millennium,5.10,0.002,7.785,False
val/fall/people(8318).jpg,val,fall,leeds_millennium,5.25,0.021,7.306,False
val/fall/people(8337).jpg,val,fall,leeds_millennium,3.23,0.010,7.589,False
val/fall/people(8342).jpg,val,fall,leeds_millennium,5.62,0.004,6.574,False
val/fall/people(8349).jpg,val,fall,leeds_millennium,8.30,0.004,5.464,False
val/fall/people(8364).jpg,val,fall,leeds_millennium,3.39,0.008,7.594,False
val/fall/people(8365).jpg,val,fall,leeds_millennium,4.90,0.009,7.314,False
val/fall/people(8373).jpg,val,fall,leeds_millennium,4.87,0.006,7.268,False
val/fall/people(841).jpg,val,fall,leeds_millennium,5.26,0.032,7.668,False
val/fall/people(8664).jpg,val,fall,leeds_millennium,5.01,0.055,7.426,False
val/fall/people(8667).jpg,val,fall,leeds_millennium,6.68,0.005,6.618,False
val/fall/people(8676).jpg,val,fall,leeds_millennium,8.48,0.002,5.990,False
val/fall/people(8677).jpg,val,fall,leeds_millennium,8.24,0.015,6.385,False
val/fall/people(8679).jpg,val,fall,leeds_millennium,6.49,0.000,7.285,False
val/fall/people(8682).jpg,val,fall,leeds_millennium,3.83,0.041,7.477,False
val/fall/people(8699).jpg,val,fall,leeds_millennium,5.59,0.026,6.930,False
val/fall/people(8701).jpg,val,fall,leeds_millennium,5.62,0.006,6.873,False
val/fall/people(8705).jpg,val,fall,leeds_millennium,3.99,0.000,7.406,False
val/fall/people(8706).jpg,val,fall,leeds_millennium,7.43,0.093,7.822,False
val/fall/people(8712).jpg,val,fall,leeds_millennium,5.15,0.525,4.876,True
val/fall/people(8731).jpg,val,fall,leeds_millennium,6.40,0.001,7.384,False
val/fall/people(8732).jpg,val,fall,leeds_millennium,5.67,0.009,7.587,False
val/fall/people(8763).jpg,val,fall,leeds_millennium,8.30,0.001,7.134,False
val/fall/people(8764).jpg,val,fall,leeds_millennium,8.74,0.000,7.124,False
val/fall/people(8815).jpg,val,fall,leeds_millennium,2.88,0.005,6.559,False
val/fall/people(8818).jpg,val,fall,leeds_millennium,3.65,0.000,6.650,False
val/fall/people(8832).jpg,val,fall,leeds_millennium,4.84,0.000,7.413,False
val/fall/people(8836).jpg,val,fall,leeds_millennium,6.20,0.007,7.458,False
val/fall/people(8841).jpg,val,fall,leeds_millennium,4.21,0.056,7.677,False
val/fall/people(8846).jpg,val,fall,leeds_millennium,9.43,0.000,7.432,False
val/fall/people(8852).jpg,val,fall,leeds_millennium,15.36,0.013,6.640,True
val/fall/people(8853).jpg,val,fall,leeds_millennium,13.77,0.010,7.012,False
val/fall/people(8855).jpg,val,fall,leeds_millennium,6.42,0.000,7.365,False
val/fall/people(8864).jpg,val,fall,leeds_millennium,4.14,0.022,6.794,False
val/fall/people(8873).jpg,val,fall,leeds_millennium,3.51,0.091,7.552,False
val/fall/people(8874).jpg,val,fall,leeds_millennium,4.28,0.036,7.622,False
val/fall/people(888).jpg,val,fall,leeds_millennium,4.72,0.057,7.734,False
val/fall/people(8884).jpg,val,fall,leeds_millennium,5.37,0.000,7.778,False
val/fall/people(89).jpg,val,fall,leeds_millennium,2.81,0.010,7.710,False
val/fall/people(8900).jpg,val,fall,leeds_millennium,3.98,0.009,6.794,False
val/fall/people(8903).jpg,val,fall,leeds_millennium,3.83,0.021,7.857,False
val/fall/people(8913).jpg,val,fall,leeds_millennium,3.74,0.080,7.510,False
val/fall/people(8920).jpg,val,fall,leeds_millennium,6.97,0.018,7.690,False
val/fall/people(8936).jpg,val,fall,leeds_millennium,6.88,0.010,7.374,False
val/fall/people(8940).jpg,val,fall,leeds_millennium,11.10,0.000,7.222,False
val/fall/people(8943).jpg,val,fall,leeds_millennium,8.50,0.005,7.343,False
val/fall/people(8951).jpg,val,fall,leeds_millennium,5.51,0.001,6.424,False
val/fall/people(8956).jpg,val,fall,leeds_millennium,11.88,0.088,7.300,False
val/fall/people(8960).jpg,val,fall,leeds_millennium,6.46,0.091,7.800,False
val/fall/people(917).jpg,val,fall,leeds_millennium,4.92,0.053,7.621,False
val/fall/people(920).jpg,val,fall,leeds_millennium,5.11,0.008,7.709,False
val/fall/people(935).jpg,val,fall,leeds_millennium,5.56,0.024,7.225,False
val/fall/people(954).jpg,val,fall,leeds_millennium,2.93,0.000,7.776,False
val/fall/people(955).jpg,val,fall,leeds_millennium,3.39,0.005,7.867,False
val/fall/people(971).jpg,val,fall,leeds_millennium,4.55,0.169,7.723,False
val/normal/000000000139.jpg,val,normal,coco2017,5.95,0.000,7.269,False
val/normal/000000001000.jpg,val,normal,coco2017,2.66,0.001,7.854,False
val/normal/000000001296.jpg,val,normal,coco2017,4.51,0.060,7.837,False
val/normal/000000002685.jpg,val,normal,coco2017,3.22,0.002,7.710,False
val/normal/000000005529.jpg,val,normal,coco2017,2.14,0.004,7.085,False
val/normal/000000006460.jpg,val,normal,coco2017,3.19,0.003,7.720,False
val/normal/000000007088.jpg,val,normal,coco2017,3.07,0.014,7.661,False
val/normal/000000007511.jpg,val,normal,coco2017,3.53,0.026,7.285,False
val/normal/000000009448.jpg,val,normal,coco2017,2.13,0.012,7.449,False
val/normal/000000009483.jpg,val,normal,coco2017,7.15,0.000,7.436,False
val/normal/000000009590.jpg,val,normal,coco2017,3.75,0.215,7.206,False
val/normal/000000012280.jpg,val,normal,coco2017,3.58,0.000,7.726,False
val/normal/000000013177.jpg,val,normal,coco2017,3.26,0.025,7.837,False
val/normal/000000013201.jpg,val,normal,coco2017,5.84,0.018,7.759,False
val/normal/000000014226.jpg,val,normal,coco2017,4.01,0.171,7.616,False
val/normal/000000015660.jpg,val,normal,coco2017,1.79,0.014,7.707,False
val/normal/000000017627.jpg,val,normal,coco2017,3.63,0.077,7.607,False
val/normal/000000018519.jpg,val,normal,coco2017,4.55,0.000,7.437,False
val/normal/000000019109.jpg,val,normal,coco2017,2.36,0.002,7.781,False
val/normal/000000019402.jpg,val,normal,coco2017,8.25,0.008,7.528,False
val/normal/000000019432.jpg,val,normal,coco2017,2.12,0.077,6.971,False
val/normal/000000020333.jpg,val,normal,coco2017,3.42,0.178,7.507,False
val/normal/000000021604.jpg,val,normal,coco2017,6.80,0.158,6.630,False
val/normal/000000021879.jpg,val,normal,coco2017,3.94,0.000,6.779,False
val/normal/000000025096.jpg,val,normal,coco2017,4.48,0.000,7.376,False
val/normal/000000025393.jpg,val,normal,coco2017,6.39,0.185,6.627,False
val/normal/000000025424.jpg,val,normal,coco2017,5.91,0.007,6.313,False
val/normal/000000029984.jpg,val,normal,coco2017,6.23,0.000,6.069,False
val/normal/000000031093.jpg,val,normal,coco2017,6.12,0.007,6.500,False
val/normal/000000031296.jpg,val,normal,coco2017,3.40,0.007,7.547,False
val/normal/000000032861.jpg,val,normal,coco2017,4.86,0.104,7.336,False
val/normal/000000033221.jpg,val,normal,coco2017,3.66,0.000,7.318,False
val/normal/000000033638.jpg,val,normal,coco2017,5.45,0.000,6.884,False
val/normal/000000038829.jpg,val,normal,coco2017,3.42,0.128,7.312,False
val/normal/000000039551.jpg,val,normal,coco2017,5.17,0.002,5.807,False
val/normal/000000040036.jpg,val,normal,coco2017,2.22,0.004,7.693,False
val/normal/000000040083.jpg,val,normal,coco2017,2.49,0.047,7.884,False
val/normal/000000042296.jpg,val,normal,coco2017,3.73,0.009,7.790,False
val/normal/000000042563.jpg,val,normal,coco2017,3.64,0.026,6.747,False
val/normal/000000042888.jpg,val,normal,coco2017,2.43,0.002,7.576,False
val/normal/000000045070.jpg,val,normal,coco2017,3.86,0.007,7.704,False
val/normal/000000046804.jpg,val,normal,coco2017,2.95,0.000,7.445,False
val/normal/000000047571.jpg,val,normal,coco2017,3.00,0.022,7.398,False
val/normal/000000047585.jpg,val,normal,coco2017,4.91,0.040,7.216,False
val/normal/000000047819.jpg,val,normal,coco2017,2.26,0.004,7.887,False
val/normal/000000055528.jpg,val,normal,coco2017,5.89,0.001,7.132,False
val/normal/000000057672.jpg,val,normal,coco2017,3.61,0.000,7.285,False
val/normal/000000058350.jpg,val,normal,coco2017,5.09,0.127,7.276,False
val/normal/000000058539.jpg,val,normal,coco2017,4.37,0.117,7.734,False
val/normal/000000059044.jpg,val,normal,coco2017,4.13,0.022,6.877,False
val/normal/000000060899.jpg,val,normal,coco2017,5.30,0.040,7.469,False
val/normal/000000061584.jpg,val,normal,coco2017,1.89,0.104,7.642,False
val/normal/000000061960.jpg,val,normal,coco2017,3.95,0.008,7.616,False
val/normal/000000065350.jpg,val,normal,coco2017,3.72,0.021,7.774,False
val/normal/000000066038.jpg,val,normal,coco2017,3.03,0.082,7.408,False
val/normal/000000073153.jpg,val,normal,coco2017,7.08,0.087,7.303,False
val/normal/000000084031.jpg,val,normal,coco2017,2.92,0.044,7.278,False
val/normal/000000084241.jpg,val,normal,coco2017,4.66,0.021,7.882,False
val/normal/000000085772.jpg,val,normal,coco2017,6.31,0.002,6.513,False
val/normal/000000085911.jpg,val,normal,coco2017,3.05,0.000,7.081,False
val/normal/000000086755.jpg,val,normal,coco2017,3.24,0.011,6.942,False
val/normal/000000087038.jpg,val,normal,coco2017,3.96,0.000,7.133,False
val/normal/000000088462.jpg,val,normal,coco2017,3.22,0.027,7.576,False
val/normal/000000088485.jpg,val,normal,coco2017,6.55,0.000,7.537,False
val/normal/000000089648.jpg,val,normal,coco2017,3.98,0.053,7.469,False
val/normal/000000090284.jpg,val,normal,coco2017,4.67,0.001,6.257,False
val/normal/000000090891.jpg,val,normal,coco2017,2.21,0.011,7.810,False
val/normal/000000093154.jpg,val,normal,coco2017,3.61,0.002,7.388,False
val/normal/000000094614.jpg,val,normal,coco2017,4.56,0.004,5.906,False
val/normal/000000094944.jpg,val,normal,coco2017,4.40,0.029,7.200,False
val/normal/000000096427.jpg,val,normal,coco2017,6.64,0.015,6.559,False
val/normal/000000096493.jpg,val,normal,coco2017,5.34,0.081,7.449,False
val/normal/000000099114.jpg,val,normal,coco2017,4.35,0.050,7.267,False
val/normal/000000099242.jpg,val,normal,coco2017,7.34,0.000,4.224,False
val/normal/000000099810.jpg,val,normal,coco2017,18.73,0.000,7.196,True
val/normal/000000106757.jpg,val,normal,coco2017,4.30,0.000,7.639,False
val/normal/000000106912.jpg,val,normal,coco2017,4.62,0.000,7.625,False
val/normal/000000109992.jpg,val,normal,coco2017,4.49,0.000,7.079,False
val/normal/000000113720.jpg,val,normal,coco2017,5.15,0.046,7.635,False
val/normal/000000120420.jpg,val,normal,coco2017,2.95,0.002,7.811,False
val/normal/000000122046.jpg,val,normal,coco2017,4.32,0.004,7.024,False
val/normal/000000123633.jpg,val,normal,coco2017,4.30,0.000,7.783,False
val/normal/000000124442.jpg,val,normal,coco2017,3.54,0.003,7.616,False
val/normal/000000126137.jpg,val,normal,coco2017,4.81,0.003,7.551,False
val/normal/000000127263.jpg,val,normal,coco2017,3.89,0.000,7.469,False
val/normal/000000127394.jpg,val,normal,coco2017,3.11,0.051,7.694,False
val/normal/000000127530.jpg,val,normal,coco2017,5.78,0.005,6.462,False
val/normal/000000127660.jpg,val,normal,coco2017,6.49,0.047,6.815,False
val/normal/000000128051.jpg,val,normal,coco2017,3.71,0.002,7.087,False
val/normal/000000128748.jpg,val,normal,coco2017,3.90,0.032,7.528,False
val/normal/000000129812.jpg,val,normal,coco2017,5.19,0.108,7.005,False
val/normal/000000137246.jpg,val,normal,coco2017,3.86,0.009,7.676,False
val/normal/000000137294.jpg,val,normal,coco2017,3.61,0.014,7.612,False
val/normal/000000140270.jpg,val,normal,coco2017,4.88,0.000,6.560,False
val/normal/000000140286.jpg,val,normal,coco2017,2.56,0.155,7.324,False
val/normal/000000142620.jpg,val,normal,coco2017,2.66,0.030,7.631,False
val/normal/000000142971.jpg,val,normal,coco2017,3.49,0.022,7.192,False
val/normal/000000143556.jpg,val,normal,coco2017,3.63,0.098,7.350,False
val/normal/000000144003.jpg,val,normal,coco2017,4.36,0.000,7.804,False
val/normal/000000145020.jpg,val,normal,coco2017,2.37,0.024,7.801,False
val/normal/000000145620.jpg,val,normal,coco2017,2.55,0.096,7.548,False
val/normal/000000150224.jpg,val,normal,coco2017,4.71,0.000,6.759,False
val/normal/000000150265.jpg,val,normal,coco2017,4.43,0.051,7.325,False
val/normal/000000152214.jpg,val,normal,coco2017,8.88,0.000,7.367,False
val/normal/000000152465.jpg,val,normal,coco2017,2.01,0.002,7.641,False
val/normal/000000153229.jpg,val,normal,coco2017,3.81,0.050,7.444,False
val/normal/000000153669.jpg,val,normal,coco2017,4.95,0.018,7.403,False
val/normal/000000161781.jpg,val,normal,coco2017,3.43,0.000,7.402,False
val/normal/000000161879.jpg,val,normal,coco2017,4.04,0.052,7.520,False
val/normal/000000166165.jpg,val,normal,coco2017,3.70,0.001,7.054,False
val/normal/000000168974.jpg,val,normal,coco2017,6.38,0.001,7.198,False
val/normal/000000172877.jpg,val,normal,coco2017,7.43,0.124,7.625,False
val/normal/000000173830.jpg,val,normal,coco2017,6.40,0.000,7.048,False
val/normal/000000174371.jpg,val,normal,coco2017,1.98,0.016,7.821,False
val/normal/000000175438.jpg,val,normal,coco2017,2.27,0.031,7.808,False
val/normal/000000177015.jpg,val,normal,coco2017,5.33,0.056,7.350,False
val/normal/000000177893.jpg,val,normal,coco2017,5.44,0.000,6.739,False
val/normal/000000177934.jpg,val,normal,coco2017,2.25,0.055,7.829,False
val/normal/000000181542.jpg,val,normal,coco2017,2.55,0.061,7.880,False
val/normal/000000181666.jpg,val,normal,coco2017,2.51,0.116,6.732,False
val/normal/000000183391.jpg,val,normal,coco2017,3.70,0.090,7.548,False
val/normal/000000185890.jpg,val,normal,coco2017,2.58,0.014,7.216,False
val/normal/000000187734.jpg,val,normal,coco2017,2.97,0.014,7.523,False
val/normal/000000188296.jpg,val,normal,coco2017,1.66,0.045,7.706,False
val/normal/000000190007.jpg,val,normal,coco2017,4.44,0.000,7.419,False
val/normal/000000190923.jpg,val,normal,coco2017,3.73,0.024,7.622,False
val/normal/000000193162.jpg,val,normal,coco2017,3.20,0.001,7.295,False
val/normal/000000193743.jpg,val,normal,coco2017,6.45,0.046,6.570,False
val/normal/000000196442.jpg,val,normal,coco2017,6.94,0.000,6.525,False
val/normal/000000199442.jpg,val,normal,coco2017,3.59,0.000,6.096,False
val/normal/000000200961.jpg,val,normal,coco2017,4.90,0.000,6.730,False
val/normal/000000202339.jpg,val,normal,coco2017,3.50,0.099,7.446,False
val/normal/000000203389.jpg,val,normal,coco2017,3.47,0.000,7.264,False
val/normal/000000203639.jpg,val,normal,coco2017,1.82,0.015,7.786,False
val/normal/000000204186.jpg,val,normal,coco2017,2.97,0.000,7.307,False
val/normal/000000206579.jpg,val,normal,coco2017,11.79,0.003,7.258,False
val/normal/000000209753.jpg,val,normal,coco2017,8.42,0.225,7.074,False
val/normal/000000210789.jpg,val,normal,coco2017,4.45,0.020,7.592,False
val/normal/000000217285.jpg,val,normal,coco2017,2.92,0.005,7.772,False
val/normal/000000221291.jpg,val,normal,coco2017,7.62,0.002,6.956,False
val/normal/000000223955.jpg,val,normal,coco2017,5.87,0.082,7.035,False
val/normal/000000224337.jpg,val,normal,coco2017,6.63,0.152,7.142,False
val/normal/000000229858.jpg,val,normal,coco2017,2.44,0.003,7.544,False
val/normal/000000230983.jpg,val,normal,coco2017,3.93,0.004,7.328,False
val/normal/000000232563.jpg,val,normal,coco2017,1.45,0.331,6.585,False
val/normal/000000235784.jpg,val,normal,coco2017,5.95,0.003,7.233,False
val/normal/000000235836.jpg,val,normal,coco2017,2.12,0.011,7.750,False
val/normal/000000237071.jpg,val,normal,coco2017,6.04,0.011,6.096,False
val/normal/000000240023.jpg,val,normal,coco2017,4.91,0.004,7.055,False
val/normal/000000243204.jpg,val,normal,coco2017,7.13,0.005,7.212,False
val/normal/000000243626.jpg,val,normal,coco2017,5.02,0.000,7.738,False
val/normal/000000244496.jpg,val,normal,coco2017,9.80,0.021,6.671,False
val/normal/000000245026.jpg,val,normal,coco2017,4.54,0.047,7.261,False
val/normal/000000246436.jpg,val,normal,coco2017,5.77,0.117,7.499,False
val/normal/000000248284.jpg,val,normal,coco2017,6.72,0.018,7.406,False
val/normal/000000248400.jpg,val,normal,coco2017,5.91,0.050,7.593,False
val/normal/000000250127.jpg,val,normal,coco2017,3.45,0.015,7.388,False
val/normal/000000252701.jpg,val,normal,coco2017,4.10,0.001,6.896,False
val/normal/000000252776.jpg,val,normal,coco2017,6.99,0.001,7.472,False
val/normal/000000253695.jpg,val,normal,coco2017,5.18,0.063,6.892,False
val/normal/000000259597.jpg,val,normal,coco2017,4.41,0.269,7.129,False
val/normal/000000260261.jpg,val,normal,coco2017,2.91,0.140,7.656,False
val/normal/000000261061.jpg,val,normal,coco2017,7.69,0.018,7.131,False
val/normal/000000262895.jpg,val,normal,coco2017,8.06,0.412,6.434,True
val/normal/000000263403.jpg,val,normal,coco2017,3.27,0.000,7.003,False
val/normal/000000264535.jpg,val,normal,coco2017,1.65,0.202,7.473,False
val/normal/000000266409.jpg,val,normal,coco2017,4.25,0.000,6.366,False
val/normal/000000269942.jpg,val,normal,coco2017,3.81,0.021,7.368,False
val/normal/000000273493.jpg,val,normal,coco2017,5.25,0.000,7.040,False
val/normal/000000274066.jpg,val,normal,coco2017,2.88,0.012,7.634,False
val/normal/000000275058.jpg,val,normal,coco2017,1.64,0.000,7.694,False
val/normal/000000276024.jpg,val,normal,coco2017,1.88,0.001,7.481,False
val/normal/000000276804.jpg,val,normal,coco2017,4.57,0.001,7.223,False
val/normal/000000277005.jpg,val,normal,coco2017,2.13,0.010,7.816,False
val/normal/000000279774.jpg,val,normal,coco2017,4.21,0.000,7.622,False
val/normal/000000280891.jpg,val,normal,coco2017,5.21,0.035,7.780,False
val/normal/000000281687.jpg,val,normal,coco2017,2.94,0.151,7.475,False
val/normal/000000282298.jpg,val,normal,coco2017,3.50,0.001,7.491,False
val/normal/000000284764.jpg,val,normal,coco2017,7.43,0.000,7.250,False
val/normal/000000286523.jpg,val,normal,coco2017,5.16,0.078,7.787,False
val/normal/000000286553.jpg,val,normal,coco2017,5.93,0.000,7.527,False
val/normal/000000287291.jpg,val,normal,coco2017,3.39,0.001,7.438,False
val/normal/000000290248.jpg,val,normal,coco2017,2.37,0.032,7.544,False
val/normal/000000291551.jpg,val,normal,coco2017,2.24,0.001,7.624,False
val/normal/000000293625.jpg,val,normal,coco2017,7.99,0.013,7.380,False
val/normal/000000297084.jpg,val,normal,coco2017,3.35,0.000,7.819,False
val/normal/000000305317.jpg,val,normal,coco2017,5.85,0.002,6.688,False
val/normal/000000308328.jpg,val,normal,coco2017,3.93,0.030,7.771,False
val/normal/000000310862.jpg,val,normal,coco2017,6.46,0.000,7.725,False
val/normal/000000312552.jpg,val,normal,coco2017,18.97,0.003,6.674,True
val/normal/000000316404.jpg,val,normal,coco2017,3.73,0.535,6.025,True
val/normal/000000319534.jpg,val,normal,coco2017,3.94,0.049,7.821,False
val/normal/000000322211.jpg,val,normal,coco2017,7.74,0.012,7.235,False
val/normal/000000322944.jpg,val,normal,coco2017,5.53,0.089,7.099,False
val/normal/000000323263.jpg,val,normal,coco2017,3.91,0.042,7.629,False
val/normal/000000330396.jpg,val,normal,coco2017,4.02,0.005,7.619,False
val/normal/000000334371.jpg,val,normal,coco2017,2.21,0.007,7.527,False
val/normal/000000334483.jpg,val,normal,coco2017,4.24,0.002,7.367,False
val/normal/000000334767.jpg,val,normal,coco2017,2.12,0.072,7.515,False
val/normal/000000336232.jpg,val,normal,coco2017,3.76,0.020,7.566,False
val/normal/000000341828.jpg,val,normal,coco2017,3.68,0.020,7.801,False
val/normal/000000341921.jpg,val,normal,coco2017,3.26,0.000,7.260,False
val/normal/000000342397.jpg,val,normal,coco2017,5.93,0.000,6.531,False
val/normal/000000343453.jpg,val,normal,coco2017,4.46,0.116,6.329,False
val/normal/000000344268.jpg,val,normal,coco2017,4.93,0.126,6.580,False
val/normal/000000350019.jpg,val,normal,coco2017,4.24,0.066,7.562,False
val/normal/000000354547.jpg,val,normal,coco2017,2.84,0.012,7.824,False
val/normal/000000356387.jpg,val,normal,coco2017,2.52,0.009,7.443,False
val/normal/000000358195.jpg,val,normal,coco2017,3.48,0.019,7.260,False
val/normal/000000358525.jpg,val,normal,coco2017,4.79,0.000,7.590,False
val/normal/000000358923.jpg,val,normal,coco2017,4.30,0.048,7.429,False
val/normal/000000361180.jpg,val,normal,coco2017,3.95,0.043,7.452,False
val/normal/000000361919.jpg,val,normal,coco2017,4.18,0.001,7.278,False
val/normal/000000364102.jpg,val,normal,coco2017,6.78,0.004,7.178,False
val/normal/000000369310.jpg,val,normal,coco2017,5.44,0.002,7.522,False
val/normal/000000370042.jpg,val,normal,coco2017,2.42,0.000,7.627,False
val/normal/000000370677.jpg,val,normal,coco2017,3.15,0.021,7.718,False
val/normal/000000371552.jpg,val,normal,coco2017,3.90,0.000,7.455,False
val/normal/000000374052.jpg,val,normal,coco2017,4.68,0.005,7.596,False
val/normal/000000374083.jpg,val,normal,coco2017,4.79,0.040,7.638,False
val/normal/000000380913.jpg,val,normal,coco2017,3.45,0.110,7.697,False
val/normal/000000381971.jpg,val,normal,coco2017,2.50,0.019,7.337,False
val/normal/000000384136.jpg,val,normal,coco2017,8.20,0.000,7.400,False
val/normal/000000384468.jpg,val,normal,coco2017,2.96,0.000,7.489,False
val/normal/000000384670.jpg,val,normal,coco2017,6.27,0.000,6.002,False
val/normal/000000390902.jpg,val,normal,coco2017,5.89,0.007,6.745,False
val/normal/000000394559.jpg,val,normal,coco2017,5.47,0.000,7.087,False
val/normal/000000394940.jpg,val,normal,coco2017,7.32,0.000,7.480,False
val/normal/000000395388.jpg,val,normal,coco2017,4.39,0.005,7.578,False
val/normal/000000397354.jpg,val,normal,coco2017,5.15,0.001,7.629,False
val/normal/000000404922.jpg,val,normal,coco2017,5.97,0.000,7.279,False
val/normal/000000404923.jpg,val,normal,coco2017,5.32,0.011,6.513,False
val/normal/000000405691.jpg,val,normal,coco2017,6.03,0.050,7.612,False
val/normal/000000407083.jpg,val,normal,coco2017,5.12,0.001,6.945,False
val/normal/000000407298.jpg,val,normal,coco2017,5.63,0.000,7.621,False
val/normal/000000407646.jpg,val,normal,coco2017,4.56,0.005,6.839,False
val/normal/000000409211.jpg,val,normal,coco2017,4.19,0.016,7.207,False
val/normal/000000410510.jpg,val,normal,coco2017,3.97,0.051,6.561,False
val/normal/000000410650.jpg,val,normal,coco2017,3.04,0.001,7.201,False
val/normal/000000411953.jpg,val,normal,coco2017,5.50,0.077,6.773,False
val/normal/000000413395.jpg,val,normal,coco2017,4.96,0.234,6.869,False
val/normal/000000414034.jpg,val,normal,coco2017,4.66,0.010,7.427,False
val/normal/000000415727.jpg,val,normal,coco2017,4.18,0.013,7.889,False
val/normal/000000415882.jpg,val,normal,coco2017,3.89,0.084,7.848,False
val/normal/000000416343.jpg,val,normal,coco2017,5.28,0.002,7.523,False
val/normal/000000424162.jpg,val,normal,coco2017,4.15,0.000,6.998,False
val/normal/000000424551.jpg,val,normal,coco2017,4.32,0.000,6.942,False
val/normal/000000426376.jpg,val,normal,coco2017,5.17,0.000,5.356,False
val/normal/000000427256.jpg,val,normal,coco2017,2.86,0.166,7.202,False
val/normal/000000427655.jpg,val,normal,coco2017,2.76,0.039,7.796,False
val/normal/000000428454.jpg,val,normal,coco2017,3.18,0.001,7.124,False
val/normal/000000429761.jpg,val,normal,coco2017,4.10,0.000,6.534,False
val/normal/000000430073.jpg,val,normal,coco2017,3.67,0.000,7.588,False
val/normal/000000430377.jpg,val,normal,coco2017,7.35,0.000,6.672,False
val/normal/000000430961.jpg,val,normal,coco2017,7.51,0.000,7.498,False
val/normal/000000433980.jpg,val,normal,coco2017,6.16,0.086,7.163,False
val/normal/000000434459.jpg,val,normal,coco2017,2.39,0.030,7.570,False
val/normal/000000437239.jpg,val,normal,coco2017,2.03,0.029,7.663,False
val/normal/000000437331.jpg,val,normal,coco2017,3.74,0.004,7.486,False
val/normal/000000438955.jpg,val,normal,coco2017,2.82,0.009,7.373,False
val/normal/000000439715.jpg,val,normal,coco2017,2.93,0.000,7.432,False
val/normal/000000439773.jpg,val,normal,coco2017,5.33,0.013,7.387,False
val/normal/000000440171.jpg,val,normal,coco2017,3.04,0.002,7.632,False
val/normal/000000440184.jpg,val,normal,coco2017,3.16,0.001,7.047,False
val/normal/000000440507.jpg,val,normal,coco2017,6.81,0.001,7.504,False
val/normal/000000441468.jpg,val,normal,coco2017,3.53,0.023,7.659,False
val/normal/000000441543.jpg,val,normal,coco2017,4.10,0.010,7.654,False
val/normal/000000442463.jpg,val,normal,coco2017,3.80,0.000,6.291,False
val/normal/000000442993.jpg,val,normal,coco2017,6.02,0.000,6.374,False
val/normal/000000443303.jpg,val,normal,coco2017,8.20,0.068,7.412,False
val/normal/000000445602.jpg,val,normal,coco2017,4.63,0.001,6.823,False
val/normal/000000447789.jpg,val,normal,coco2017,2.59,0.000,6.989,False
val/normal/000000448076.jpg,val,normal,coco2017,3.37,0.003,7.549,False
val/normal/000000449312.jpg,val,normal,coco2017,4.07,0.054,7.831,False
val/normal/000000449406.jpg,val,normal,coco2017,2.09,0.000,7.317,False
val/normal/000000449432.jpg,val,normal,coco2017,3.41,0.006,7.048,False
val/normal/000000450399.jpg,val,normal,coco2017,3.87,0.000,7.545,False
val/normal/000000451714.jpg,val,normal,coco2017,3.41,0.002,7.106,False
val/normal/000000453001.jpg,val,normal,coco2017,2.51,0.017,7.662,False
val/normal/000000454067.jpg,val,normal,coco2017,3.95,0.008,7.604,False
val/normal/000000454404.jpg,val,normal,coco2017,8.76,0.219,6.940,False
val/normal/000000454661.jpg,val,normal,coco2017,5.70,0.061,7.283,False
val/normal/000000454798.jpg,val,normal,coco2017,4.60,0.002,7.168,False
val/normal/000000456662.jpg,val,normal,coco2017,5.25,0.000,7.411,False
val/normal/000000457559.jpg,val,normal,coco2017,4.15,0.018,7.393,False
val/normal/000000458255.jpg,val,normal,coco2017,7.62,0.059,7.474,False
val/normal/000000458325.jpg,val,normal,coco2017,2.87,0.063,7.501,False
val/normal/000000461009.jpg,val,normal,coco2017,8.17,0.014,7.763,False
val/normal/000000464824.jpg,val,normal,coco2017,2.57,0.044,7.871,False
val/normal/000000465129.jpg,val,normal,coco2017,5.00,0.025,7.640,False
val/normal/000000465179.jpg,val,normal,coco2017,8.02,0.047,7.487,False
val/normal/000000465822.jpg,val,normal,coco2017,5.09,0.004,7.573,False
val/normal/000000467511.jpg,val,normal,coco2017,2.56,0.003,7.632,False
val/normal/000000468332.jpg,val,normal,coco2017,3.36,0.047,7.783,False
val/normal/000000468965.jpg,val,normal,coco2017,3.11,0.042,7.666,False
val/normal/000000470924.jpg,val,normal,coco2017,2.04,0.146,7.623,False
val/normal/000000473237.jpg,val,normal,coco2017,9.22,0.036,7.423,False
val/normal/000000474293.jpg,val,normal,coco2017,2.88,0.000,7.646,False
val/normal/000000476491.jpg,val,normal,coco2017,7.89,0.175,6.338,False
val/normal/000000477805.jpg,val,normal,coco2017,14.58,0.946,1.150,True
val/normal/000000478862.jpg,val,normal,coco2017,4.86,0.017,6.883,False
val/normal/000000479126.jpg,val,normal,coco2017,3.37,0.012,7.034,False
val/normal/000000479155.jpg,val,normal,coco2017,2.97,0.126,7.706,False
val/normal/000000481582.jpg,val,normal,coco2017,5.13,0.021,7.173,False
val/normal/000000482436.jpg,val,normal,coco2017,4.69,0.076,6.475,False
val/normal/000000484978.jpg,val,normal,coco2017,2.45,0.178,7.398,False
val/normal/000000486104.jpg,val,normal,coco2017,2.56,0.000,7.549,False
val/normal/000000491008.jpg,val,normal,coco2017,2.84,0.016,7.614,False
val/normal/000000492362.jpg,val,normal,coco2017,3.52,0.004,7.651,False
val/normal/000000493905.jpg,val,normal,coco2017,4.51,0.032,7.128,False
val/normal/000000495732.jpg,val,normal,coco2017,4.91,0.017,7.651,False
val/normal/000000499031.jpg,val,normal,coco2017,3.43,0.001,7.665,False
val/normal/frame_0070.jpg,val,normal,leeds_millennium,2.70,0.001,7.741,False
val/normal/frame_0136.jpg,val,normal,leeds_millennium,7.45,0.000,7.434,False
val/normal/frame_0138.jpg,val,normal,leeds_millennium,7.60,0.000,7.446,False
val/normal/frame_0151.jpg,val,normal,leeds_millennium,6.21,0.000,7.629,False
val/normal/frame_0160.jpg,val,normal,leeds_millennium,6.07,0.002,7.595,False
val/normal/frame_0161.jpg,val,normal,leeds_millennium,6.14,0.002,7.627,False
val/normal/frame_0164.jpg,val,normal,leeds_millennium,5.86,0.001,7.690,False
val/normal/frame_0167.jpg,val,normal,leeds_millennium,6.38,0.002,7.694,False
val/normal/frame_0172.jpg,val,normal,leeds_millennium,6.40,0.001,7.628,False
val/normal/frame_0173.jpg,val,normal,leeds_millennium,6.38,0.000,7.598,False
val/normal/frame_0174.jpg,val,normal,leeds_millennium,6.29,0.001,7.585,False
val/normal/frame_0175.jpg,val,normal,leeds_millennium,5.94,0.002,7.573,False
val/normal/people(1161).jpg,val,normal,leeds_millennium,8.01,0.006,7.505,False
val/normal/people(1256).jpg,val,normal,leeds_millennium,7.53,0.036,6.787,False
val/normal/people(1264).jpg,val,normal,leeds_millennium,4.17,0.000,7.041,False
val/normal/people(1394).jpg,val,normal,leeds_millennium,2.21,0.021,7.870,False
val/normal/people(1571).jpg,val,normal,leeds_millennium,6.34,0.000,7.636,False
val/normal/people(2023).jpg,val,normal,leeds_millennium,6.27,0.000,7.494,False
val/normal/people(2165).jpg,val,normal,leeds_millennium,2.02,0.028,7.639,False
val/normal/people(2176).jpg,val,normal,leeds_millennium,13.49,0.000,6.985,False
val/normal/people(2202).jpg,val,normal,leeds_millennium,7.15,0.000,7.432,False
val/normal/people(2245).jpg,val,normal,leeds_millennium,4.22,0.000,7.392,False
val/normal/people(2291).jpg,val,normal,leeds_millennium,3.53,0.044,6.768,False
val/normal/people(2327).jpg,val,normal,leeds_millennium,9.17,0.000,7.524,False
val/normal/people(2370).jpg,val,normal,leeds_millennium,2.41,0.002,7.612,False
val/normal/people(2385).jpg,val,normal,leeds_millennium,4.01,0.000,7.461,False
val/normal/people(2434).jpg,val,normal,leeds_millennium,4.11,0.078,7.594,False
val/normal/people(2578).jpg,val,normal,leeds_millennium,7.03,0.012,6.999,False
val/normal/people(2767).jpg,val,normal,leeds_millennium,6.13,0.036,7.724,False
val/normal/people(2968).jpg,val,normal,leeds_millennium,3.90,0.026,7.632,False
val/normal/people(2970).jpg,val,normal,leeds_millennium,9.61,0.000,7.495,False
val/normal/people(2979).jpg,val,normal,leeds_millennium,7.30,0.001,7.449,False
val/normal/people(3079).jpg,val,normal,leeds_millennium,4.43,0.000,7.499,False
val/normal/people(3181).jpg,val,normal,leeds_millennium,4.90,0.140,7.694,False
val/normal/people(3251).jpg,val,normal,leeds_millennium,7.64,0.040,7.743,False
val/normal/people(4172).jpg,val,normal,leeds_millennium,4.66,0.006,7.064,False
val/normal/people(5091).jpg,val,normal,leeds_millennium,3.95,0.000,7.451,False
val/normal/people(5098).jpg,val,normal,leeds_millennium,5.10,0.001,7.828,False
val/normal/people(5105).jpg,val,normal,leeds_millennium,4.33,0.000,7.647,False
val/normal/people(5170).jpg,val,normal,leeds_millennium,3.25,0.021,7.424,False
val/normal/people(5190).jpg,val,normal,leeds_millennium,4.30,0.001,7.681,False
val/normal/people(5221).jpg,val,normal,leeds_millennium,3.99,0.191,7.433,False
val/normal/people(5237).jpg,val,normal,leeds_millennium,4.61,0.006,7.315,False
val/normal/people(5243).jpg,val,normal,leeds_millennium,7.35,0.000,7.453,False
val/normal/people(5294).jpg,val,normal,leeds_millennium,3.53,0.006,7.578,False
val/normal/people(5312).jpg,val,normal,leeds_millennium,4.93,0.014,7.057,False
val/normal/people(5322).jpg,val,normal,leeds_millennium,6.83,0.001,7.268,False
val/normal/people(5323).jpg,val,normal,leeds_millennium,5.07,0.004,7.350,False
val/normal/people(5869).jpg,val,normal,leeds_millennium,4.44,0.000,7.580,False
val/normal/people(5999).jpg,val,normal,leeds_millennium,4.16,0.000,7.576,False
val/normal/people(6033).jpg,val,normal,leeds_millennium,5.64,0.000,6.874,False
val/normal/people(6131).jpg,val,normal,leeds_millennium,5.92,0.025,7.780,False
val/normal/people(6153).jpg,val,normal,leeds_millennium,7.35,0.001,7.323,False
val/normal/people(6162).jpg,val,normal,leeds_millennium,4.62,0.000,7.299,False
val/normal/people(6298).jpg,val,normal,leeds_millennium,5.12,0.006,7.530,False
val/normal/people(632).jpg,val,normal,leeds_millennium,6.50,0.001,7.318,False
val/normal/people(635).jpg,val,normal,leeds_millennium,6.93,0.000,7.207,False
val/normal/people(6496).jpg,val,normal,leeds_millennium,3.50,0.003,7.204,False
val/normal/people(6539).jpg,val,normal,leeds_millennium,7.65,0.006,7.617,False
val/normal/people(6546).jpg,val,normal,leeds_millennium,7.17,0.003,7.202,False
val/normal/people(6605).jpg,val,normal,leeds_millennium,3.72,0.044,7.923,False
val/normal/people(6663).jpg,val,normal,leeds_millennium,7.96,0.076,7.324,False
val/normal/people(6782).jpg,val,normal,leeds_millennium,6.07,0.020,7.088,False
val/normal/people(6834).jpg,val,normal,leeds_millennium,3.29,0.028,7.583,False
val/normal/people(6842).jpg,val,normal,leeds_millennium,4.24,0.000,7.526,False
val/normal/people(6886).jpg,val,normal,leeds_millennium,8.32,0.002,7.406,False
val/normal/people(695).jpg,val,normal,leeds_millennium,6.60,0.001,7.786,False
val/normal/people(7008).jpg,val,normal,leeds_millennium,2.39,0.023,7.834,False
val/normal/people(7042).jpg,val,normal,leeds_millennium,15.02,0.141,7.059,True
val/normal/people(7055).jpg,val,normal,leeds_millennium,7.49,0.001,6.736,False
val/normal/people(7122).jpg,val,normal,leeds_millennium,4.22,0.036,7.198,False
val/normal/people(728).jpg,val,normal,leeds_millennium,6.34,0.042,7.888,False
val/normal/people(7331).jpg,val,normal,leeds_millennium,4.15,0.040,7.524,False
val/normal/people(7347).jpg,val,normal,leeds_millennium,10.34,0.000,7.275,False
val/normal/people(739).jpg,val,normal,leeds_millennium,4.25,0.004,7.558,False
val/normal/people(74).jpg,val,normal,leeds_millennium,5.78,0.001,7.647,False
val/normal/people(7427).jpg,val,normal,leeds_millennium,4.95,0.005,7.210,False
val/normal/people(7452).jpg,val,normal,leeds_millennium,5.69,0.018,7.404,False
val/normal/people(7490).jpg,val,normal,leeds_millennium,5.45,0.001,7.081,False
val/normal/people(7568).jpg,val,normal,leeds_millennium,3.26,0.018,7.725,False
val/normal/people(7667).jpg,val,normal,leeds_millennium,4.27,0.007,7.125,False
val/normal/people(7749).jpg,val,normal,leeds_millennium,5.77,0.001,7.425,False
val/normal/people(7759).jpg,val,normal,leeds_millennium,5.17,0.000,7.275,False
val/normal/people(7926).jpg,val,normal,leeds_millennium,2.68,0.015,7.419,False
val/normal/people(7938).jpg,val,normal,leeds_millennium,15.20,0.017,7.811,True
val/normal/people(7994).jpg,val,normal,leeds_millennium,2.31,0.015,7.753,False
val/normal/people(8010).jpg,val,normal,leeds_millennium,9.32,0.000,6.884,False
val/normal/people(8078).jpg,val,normal,leeds_millennium,8.41,0.009,7.557,False
val/normal/people(8099).jpg,val,normal,leeds_millennium,4.29,0.008,7.301,False
val/normal/people(8118).jpg,val,normal,leeds_millennium,7.57,0.000,7.507,False
val/normal/people(8131).jpg,val,normal,leeds_millennium,5.23,0.047,7.694,False
val/normal/people(8158).jpg,val,normal,leeds_millennium,10.62,0.000,6.653,False
val/normal/people(8176).jpg,val,normal,leeds_millennium,2.98,0.002,7.632,False
val/normal/people(8179).jpg,val,normal,leeds_millennium,6.27,0.120,7.055,False
val/normal/people(8354).jpg,val,normal,leeds_millennium,3.82,0.035,7.392,False
test/fall/frame_0022.jpg,test,fall,leeds_millennium,5.60,0.006,7.596,False
test/fall/frame_0083.jpg,test,fall,leeds_millennium,2.61,0.008,7.798,False
test/fall/people(1077).jpg,test,fall,leeds_millennium,7.16,0.001,7.097,False
test/fall/people(1153).jpg,test,fall,leeds_millennium,5.11,0.001,7.522,False
test/fall/people(1166).jpg,test,fall,leeds_millennium,4.94,0.021,7.818,False
test/fall/people(1189).jpg,test,fall,leeds_millennium,3.60,0.126,7.124,False
test/fall/people(1206).jpg,test,fall,leeds_millennium,3.47,0.021,7.654,False
test/fall/people(1253).jpg,test,fall,leeds_millennium,5.78,0.000,7.669,False
test/fall/people(1324).jpg,test,fall,leeds_millennium,3.86,0.001,7.498,False
test/fall/people(1329).jpg,test,fall,leeds_millennium,3.61,0.000,7.410,False
test/fall/people(1369).jpg,test,fall,leeds_millennium,4.78,0.000,7.645,False
test/fall/people(1417).jpg,test,fall,leeds_millennium,4.32,0.033,7.814,False
test/fall/people(1542).jpg,test,fall,leeds_millennium,3.36,0.000,7.608,False
test/fall/people(157).jpg,test,fall,leeds_millennium,8.05,0.117,7.099,False
test/fall/people(1606).jpg,test,fall,leeds_millennium,9.77,0.000,7.305,False
test/fall/people(1608).jpg,test,fall,leeds_millennium,8.43,0.074,7.408,False
test/fall/people(1610).jpg,test,fall,leeds_millennium,7.18,0.000,7.460,False
test/fall/people(1623).jpg,test,fall,leeds_millennium,4.08,0.003,7.637,False
test/fall/people(1651).jpg,test,fall,leeds_millennium,3.37,0.021,7.823,False
test/fall/people(1710).jpg,test,fall,leeds_millennium,4.18,0.000,7.098,False
test/fall/people(1733).jpg,test,fall,leeds_millennium,4.08,0.120,7.351,False
test/fall/people(1746).jpg,test,fall,leeds_millennium,2.96,0.009,7.756,False
test/fall/people(1753).jpg,test,fall,leeds_millennium,10.25,0.001,7.494,False
test/fall/people(1806).jpg,test,fall,leeds_millennium,3.46,0.078,7.843,False
test/fall/people(1831).jpg,test,fall,leeds_millennium,3.98,0.006,7.735,False
test/fall/people(1911).jpg,test,fall,leeds_millennium,2.84,0.061,7.711,False
test/fall/people(1936).jpg,test,fall,leeds_millennium,4.20,0.006,7.664,False
test/fall/people(1951).jpg,test,fall,leeds_millennium,4.23,0.008,7.718,False
test/fall/people(1962).jpg,test,fall,leeds_millennium,5.64,0.000,7.736,False
test/fall/people(198).jpg,test,fall,leeds_millennium,5.31,0.000,7.471,False
test/fall/people(2049).jpg,test,fall,leeds_millennium,3.50,0.000,7.293,False
test/fall/people(2078).jpg,test,fall,leeds_millennium,5.31,0.000,7.658,False
test/fall/people(2181).jpg,test,fall,leeds_millennium,8.62,0.009,7.489,False
test/fall/people(2182).jpg,test,fall,leeds_millennium,3.93,0.061,7.624,False
test/fall/people(2229).jpg,test,fall,leeds_millennium,5.59,0.024,7.228,False
test/fall/people(2236).jpg,test,fall,leeds_millennium,5.04,0.023,7.599,False
test/fall/people(2299).jpg,test,fall,leeds_millennium,2.81,0.061,7.670,False
test/fall/people(2693).jpg,test,fall,leeds_millennium,5.16,0.001,6.771,False
test/fall/people(2695).jpg,test,fall,leeds_millennium,5.25,0.000,7.276,False
test/fall/people(2738).jpg,test,fall,leeds_millennium,2.98,0.088,7.584,False
test/fall/people(2782).jpg,test,fall,leeds_millennium,4.18,0.041,7.686,False
test/fall/people(2802).jpg,test,fall,leeds_millennium,4.99,0.028,7.868,False
test/fall/people(2847).jpg,test,fall,leeds_millennium,4.33,0.039,7.716,False
test/fall/people(2907).jpg,test,fall,leeds_millennium,5.84,0.024,7.904,False
test/fall/people(3134).jpg,test,fall,leeds_millennium,1.77,0.024,7.878,False
test/fall/people(3230).jpg,test,fall,leeds_millennium,6.44,0.000,7.225,False
test/fall/people(3262).jpg,test,fall,leeds_millennium,5.43,0.012,6.651,False
test/fall/people(3302).jpg,test,fall,leeds_millennium,7.04,0.000,7.234,False
test/fall/people(3325).jpg,test,fall,leeds_millennium,4.94,0.001,7.825,False
test/fall/people(3334).jpg,test,fall,leeds_millennium,7.15,0.004,7.537,False
test/fall/people(3340).jpg,test,fall,leeds_millennium,6.25,0.000,6.931,False
test/fall/people(3367).jpg,test,fall,leeds_millennium,4.56,0.000,7.248,False
test/fall/people(3391).jpg,test,fall,leeds_millennium,6.61,0.004,7.591,False
test/fall/people(3401).jpg,test,fall,leeds_millennium,7.03,0.000,7.142,False
test/fall/people(3424).jpg,test,fall,leeds_millennium,9.27,0.000,7.675,False
test/fall/people(3428).jpg,test,fall,leeds_millennium,7.31,0.000,7.533,False
test/fall/people(343).jpg,test,fall,leeds_millennium,12.97,0.000,7.669,False
test/fall/people(345).jpg,test,fall,leeds_millennium,6.88,0.001,7.182,False
test/fall/people(3476).jpg,test,fall,leeds_millennium,5.60,0.018,7.762,False
test/fall/people(3507).jpg,test,fall,leeds_millennium,14.21,0.259,7.138,False
test/fall/people(3508).jpg,test,fall,leeds_millennium,10.28,0.032,7.855,False
test/fall/people(3514).jpg,test,fall,leeds_millennium,10.66,0.047,7.516,False
test/fall/people(3539).jpg,test,fall,leeds_millennium,10.99,0.000,7.345,False
test/fall/people(3572).jpg,test,fall,leeds_millennium,9.03,0.016,7.392,False
test/fall/people(3619).jpg,test,fall,leeds_millennium,11.40,0.021,7.630,False
test/fall/people(3681).jpg,test,fall,leeds_millennium,7.63,0.028,7.110,False
test/fall/people(3682).jpg,test,fall,leeds_millennium,7.09,0.000,7.620,False
test/fall/people(3684).jpg,test,fall,leeds_millennium,11.15,0.003,7.543,False
test/fall/people(3689).jpg,test,fall,leeds_millennium,10.06,0.011,7.304,False
test/fall/people(3695).jpg,test,fall,leeds_millennium,7.59,0.000,7.637,False
test/fall/people(37).jpg,test,fall,leeds_millennium,4.23,0.014,7.627,False
test/fall/people(3701).jpg,test,fall,leeds_millennium,6.40,0.000,7.555,False
test/fall/people(371).jpg,test,fall,leeds_millennium,5.55,0.003,7.746,False
test/fall/people(3719).jpg,test,fall,leeds_millennium,7.36,0.004,7.410,False
test/fall/people(3722).jpg,test,fall,leeds_millennium,7.18,0.009,7.625,False
test/fall/people(3723).jpg,test,fall,leeds_millennium,11.18,0.025,6.988,False
test/fall/people(3764).jpg,test,fall,leeds_millennium,6.95,0.011,7.367,False
test/fall/people(3799).jpg,test,fall,leeds_millennium,9.74,0.015,7.898,False
test/fall/people(3821).jpg,test,fall,leeds_millennium,7.09,0.008,6.972,False
test/fall/people(3849).jpg,test,fall,leeds_millennium,5.95,0.001,7.338,False
test/fall/people(3855).jpg,test,fall,leeds_millennium,6.06,0.073,7.726,False
test/fall/people(3944).jpg,test,fall,leeds_millennium,4.97,0.001,7.760,False
test/fall/people(3954).jpg,test,fall,leeds_millennium,5.08,0.009,6.753,False
test/fall/people(3975).jpg,test,fall,leeds_millennium,11.87,0.000,6.994,False
test/fall/people(3989).jpg,test,fall,leeds_millennium,4.06,0.001,7.810,False
test/fall/people(4004).jpg,test,fall,leeds_millennium,5.68,0.001,7.062,False
test/fall/people(4092).jpg,test,fall,leeds_millennium,3.37,0.001,7.735,False
test/fall/people(4095).jpg,test,fall,leeds_millennium,3.35,0.000,7.215,False
test/fall/people(4199).jpg,test,fall,leeds_millennium,4.67,0.001,7.258,False
test/fall/people(4385).jpg,test,fall,leeds_millennium,7.58,0.001,7.475,False
test/fall/people(4401).jpg,test,fall,leeds_millennium,5.42,0.003,7.809,False
test/fall/people(4471).jpg,test,fall,leeds_millennium,7.83,0.011,7.588,False
test/fall/people(4476).jpg,test,fall,leeds_millennium,6.93,0.016,6.547,False
test/fall/people(4508).jpg,test,fall,leeds_millennium,6.97,0.006,7.819,False
test/fall/people(454).jpg,test,fall,leeds_millennium,6.57,0.001,7.728,False
test/fall/people(4554).jpg,test,fall,leeds_millennium,5.39,0.070,7.755,False
test/fall/people(4565).jpg,test,fall,leeds_millennium,6.76,0.015,7.623,False
test/fall/people(4709).jpg,test,fall,leeds_millennium,4.86,0.000,7.228,False
test/fall/people(4742).jpg,test,fall,leeds_millennium,4.15,0.000,7.203,False
test/fall/people(4744).jpg,test,fall,leeds_millennium,5.05,0.000,7.493,False
test/fall/people(4759).jpg,test,fall,leeds_millennium,5.14,0.000,7.727,False
test/fall/people(4844).jpg,test,fall,leeds_millennium,3.54,0.052,7.804,False
test/fall/people(4863).jpg,test,fall,leeds_millennium,3.97,0.000,7.383,False
test/fall/people(4945).jpg,test,fall,leeds_millennium,3.83,0.061,7.290,False
test/fall/people(4962).jpg,test,fall,leeds_millennium,8.22,0.005,6.240,False
test/fall/people(4977).jpg,test,fall,leeds_millennium,3.44,0.096,7.782,False
test/fall/people(5006).jpg,test,fall,leeds_millennium,4.34,0.000,7.583,False
test/fall/people(5023).jpg,test,fall,leeds_millennium,5.54,0.000,7.721,False
test/fall/people(5024).jpg,test,fall,leeds_millennium,4.36,0.002,7.744,False
test/fall/people(5028).jpg,test,fall,leeds_millennium,4.02,0.003,7.777,False
test/fall/people(5046).jpg,test,fall,leeds_millennium,4.68,0.000,7.755,False
test/fall/people(507).jpg,test,fall,leeds_millennium,3.76,0.047,7.876,False
test/fall/people(5078).jpg,test,fall,leeds_millennium,3.35,0.000,7.750,False
test/fall/people(5082).jpg,test,fall,leeds_millennium,4.04,0.001,7.656,False
test/fall/people(5100).jpg,test,fall,leeds_millennium,3.59,0.000,7.396,False
test/fall/people(5111).jpg,test,fall,leeds_millennium,5.92,0.000,7.636,False
test/fall/people(5200).jpg,test,fall,leeds_millennium,8.50,0.000,7.025,False
test/fall/people(5270).jpg,test,fall,leeds_millennium,7.00,0.000,7.407,False
test/fall/people(5271).jpg,test,fall,leeds_millennium,4.11,0.006,7.699,False
test/fall/people(5326).jpg,test,fall,leeds_millennium,3.61,0.036,7.940,False
test/fall/people(533).jpg,test,fall,leeds_millennium,4.68,0.001,7.411,False
test/fall/people(5332).jpg,test,fall,leeds_millennium,6.16,0.000,7.277,False
test/fall/people(563).jpg,test,fall,leeds_millennium,3.30,0.003,7.839,False
test/fall/people(5855).jpg,test,fall,leeds_millennium,4.11,0.004,7.796,False
test/fall/people(5864).jpg,test,fall,leeds_millennium,5.15,0.006,7.838,False
test/fall/people(5874).jpg,test,fall,leeds_millennium,4.01,0.000,7.640,False
test/fall/people(5890).jpg,test,fall,leeds_millennium,7.55,0.006,7.170,False
test/fall/people(5894).jpg,test,fall,leeds_millennium,5.63,0.000,7.638,False
test/fall/people(5898).jpg,test,fall,leeds_millennium,2.22,0.186,7.574,False
test/fall/people(5912).jpg,test,fall,leeds_millennium,4.21,0.044,7.612,False
test/fall/people(5937).jpg,test,fall,leeds_millennium,2.95,0.017,7.784,False
test/fall/people(5941).jpg,test,fall,leeds_millennium,5.25,0.002,7.609,False
test/fall/people(5952).jpg,test,fall,leeds_millennium,5.64,0.084,7.260,False
test/fall/people(5972).jpg,test,fall,leeds_millennium,6.41,0.016,7.282,False
test/fall/people(5976).jpg,test,fall,leeds_millennium,9.72,0.000,6.881,False
test/fall/people(6057).jpg,test,fall,leeds_millennium,2.83,0.229,7.319,False
test/fall/people(6058).jpg,test,fall,leeds_millennium,6.46,0.000,7.287,False
test/fall/people(6059).jpg,test,fall,leeds_millennium,4.27,0.026,7.838,False
test/fall/people(6064).jpg,test,fall,leeds_millennium,3.83,0.003,7.071,False
test/fall/people(6066).jpg,test,fall,leeds_millennium,4.93,0.001,7.542,False
test/fall/people(6083).jpg,test,fall,leeds_millennium,7.28,0.002,6.569,False
test/fall/people(6092).jpg,test,fall,leeds_millennium,3.98,0.003,7.647,False
test/fall/people(6114).jpg,test,fall,leeds_millennium,7.92,0.006,7.161,False
test/fall/people(613).jpg,test,fall,leeds_millennium,6.24,0.002,7.741,False
test/fall/people(6132).jpg,test,fall,leeds_millennium,5.61,0.006,7.628,False
test/fall/people(6136).jpg,test,fall,leeds_millennium,9.15,0.000,7.623,False
test/fall/people(6175).jpg,test,fall,leeds_millennium,7.12,0.015,7.257,False
test/fall/people(6199).jpg,test,fall,leeds_millennium,3.54,0.004,7.646,False
test/fall/people(6203).jpg,test,fall,leeds_millennium,7.71,0.055,7.644,False
test/fall/people(6204).jpg,test,fall,leeds_millennium,3.10,0.011,7.644,False
test/fall/people(6209).jpg,test,fall,leeds_millennium,8.26,0.191,7.336,False
test/fall/people(6221).jpg,test,fall,leeds_millennium,10.44,0.013,7.529,False
test/fall/people(6262).jpg,test,fall,leeds_millennium,4.90,0.013,6.384,False
test/fall/people(6271).jpg,test,fall,leeds_millennium,2.90,0.058,7.894,False
test/fall/people(6315).jpg,test,fall,leeds_millennium,3.43,0.004,7.150,False
test/fall/people(6322).jpg,test,fall,leeds_millennium,5.28,0.002,7.364,False
test/fall/people(6325).jpg,test,fall,leeds_millennium,10.20,0.004,6.049,False
test/fall/people(6340).jpg,test,fall,leeds_millennium,4.99,0.011,7.352,False
test/fall/people(6342).jpg,test,fall,leeds_millennium,6.63,0.011,7.103,False
test/fall/people(6353).jpg,test,fall,leeds_millennium,8.71,0.000,6.698,False
test/fall/people(6382).jpg,test,fall,leeds_millennium,3.68,0.137,7.348,False
test/fall/people(6395).jpg,test,fall,leeds_millennium,5.78,0.000,7.531,False
test/fall/people(6398).jpg,test,fall,leeds_millennium,5.25,0.000,7.093,False
test/fall/people(6400).jpg,test,fall,leeds_millennium,13.47,0.052,7.508,False
test/fall/people(6422).jpg,test,fall,leeds_millennium,8.79,0.014,7.298,False
test/fall/people(6483).jpg,test,fall,leeds_millennium,6.98,0.023,7.466,False
test/fall/people(6518).jpg,test,fall,leeds_millennium,5.37,0.000,7.378,False
test/fall/people(6529).jpg,test,fall,leeds_millennium,2.98,0.016,7.084,False
test/fall/people(6530).jpg,test,fall,leeds_millennium,12.34,0.000,7.029,False
test/fall/people(6559).jpg,test,fall,leeds_millennium,8.81,0.003,7.445,False
test/fall/people(656).jpg,test,fall,leeds_millennium,4.64,0.000,7.544,False
test/fall/people(6560).jpg,test,fall,leeds_millennium,4.72,0.003,6.923,False
test/fall/people(6562).jpg,test,fall,leeds_millennium,4.57,0.059,7.737,False
test/fall/people(6591).jpg,test,fall,leeds_millennium,4.88,0.000,7.174,False
test/fall/people(6610).jpg,test,fall,leeds_millennium,6.67,0.059,7.808,False
test/fall/people(6637).jpg,test,fall,leeds_millennium,4.25,0.009,7.342,False
test/fall/people(6707).jpg,test,fall,leeds_millennium,5.60,0.001,7.652,False
test/fall/people(6734).jpg,test,fall,leeds_millennium,5.20,0.002,7.758,False
test/fall/people(6740).jpg,test,fall,leeds_millennium,4.50,0.002,7.603,False
test/fall/people(6761).jpg,test,fall,leeds_millennium,2.67,0.016,7.788,False
test/fall/people(6762).jpg,test,fall,leeds_millennium,8.70,0.001,6.974,False
test/fall/people(6778).jpg,test,fall,leeds_millennium,3.54,0.007,7.411,False
test/fall/people(6784).jpg,test,fall,leeds_millennium,3.84,0.009,7.147,False
test/fall/people(6831).jpg,test,fall,leeds_millennium,8.34,0.000,7.013,False
test/fall/people(6841).jpg,test,fall,leeds_millennium,5.94,0.039,7.647,False
test/fall/people(6844).jpg,test,fall,leeds_millennium,4.10,0.013,7.295,False
test/fall/people(6951).jpg,test,fall,leeds_millennium,3.68,0.003,7.070,False
test/fall/people(6967).jpg,test,fall,leeds_millennium,7.17,0.088,7.381,False
test/fall/people(6974).jpg,test,fall,leeds_millennium,6.10,0.000,5.721,False
test/fall/people(6976).jpg,test,fall,leeds_millennium,5.43,0.000,7.396,False
test/fall/people(6982).jpg,test,fall,leeds_millennium,6.41,0.085,7.596,False
test/fall/people(6987).jpg,test,fall,leeds_millennium,11.27,0.000,6.346,False
test/fall/people(7012).jpg,test,fall,leeds_millennium,4.14,0.002,7.407,False
test/fall/people(7020).jpg,test,fall,leeds_millennium,11.08,0.004,6.238,False
test/fall/people(7057).jpg,test,fall,leeds_millennium,3.70,0.023,7.827,False
test/fall/people(7060).jpg,test,fall,leeds_millennium,7.03,0.000,7.287,False
test/fall/people(707).jpg,test,fall,leeds_millennium,6.16,0.062,7.533,False
test/fall/people(7089).jpg,test,fall,leeds_millennium,4.84,0.001,7.347,False
test/fall/people(7097).jpg,test,fall,leeds_millennium,4.16,0.025,7.516,False
test/fall/people(7110).jpg,test,fall,leeds_millennium,3.69,0.004,6.793,False
test/fall/people(7113).jpg,test,fall,leeds_millennium,8.76,0.002,6.397,False
test/fall/people(7126).jpg,test,fall,leeds_millennium,3.66,0.001,7.164,False
test/fall/people(7135).jpg,test,fall,leeds_millennium,4.70,0.000,7.795,False
test/fall/people(7146).jpg,test,fall,leeds_millennium,5.54,0.014,6.506,False
test/fall/people(7149).jpg,test,fall,leeds_millennium,8.86,0.000,7.449,False
test/fall/people(7174).jpg,test,fall,leeds_millennium,5.24,0.025,7.812,False
test/fall/people(7186).jpg,test,fall,leeds_millennium,3.19,0.000,7.740,False
test/fall/people(7235).jpg,test,fall,leeds_millennium,15.79,0.000,6.207,True
test/fall/people(7236).jpg,test,fall,leeds_millennium,4.02,0.000,7.457,False
test/fall/people(7244).jpg,test,fall,leeds_millennium,3.41,0.043,7.758,False
test/fall/people(725).jpg,test,fall,leeds_millennium,4.99,0.000,7.395,False
test/fall/people(7282).jpg,test,fall,leeds_millennium,6.97,0.000,6.678,False
test/fall/people(7299).jpg,test,fall,leeds_millennium,6.84,0.000,6.653,False
test/fall/people(7300).jpg,test,fall,leeds_millennium,4.47,0.000,7.532,False
test/fall/people(7305).jpg,test,fall,leeds_millennium,8.29,0.000,7.640,False
test/fall/people(7319).jpg,test,fall,leeds_millennium,6.78,0.000,7.077,False
test/fall/people(733).jpg,test,fall,leeds_millennium,3.04,0.000,7.800,False
test/fall/people(736).jpg,test,fall,leeds_millennium,4.79,0.000,7.659,False
test/fall/people(7381).jpg,test,fall,leeds_millennium,3.51,0.002,7.646,False
test/fall/people(7383).jpg,test,fall,leeds_millennium,4.81,0.003,7.064,False
test/fall/people(7391).jpg,test,fall,leeds_millennium,3.04,0.059,7.666,False
test/fall/people(7423).jpg,test,fall,leeds_millennium,6.92,0.021,6.042,False
test/fall/people(7429).jpg,test,fall,leeds_millennium,13.00,0.000,6.305,False
test/fall/people(7439).jpg,test,fall,leeds_millennium,6.14,0.000,7.446,False
test/fall/people(7444).jpg,test,fall,leeds_millennium,4.49,0.399,6.346,False
test/fall/people(7450).jpg,test,fall,leeds_millennium,4.62,0.065,7.495,False
test/fall/people(7478).jpg,test,fall,leeds_millennium,9.72,0.017,6.473,False
test/fall/people(7483).jpg,test,fall,leeds_millennium,7.10,0.000,7.278,False
test/fall/people(7496).jpg,test,fall,leeds_millennium,4.92,0.003,7.768,False
test/fall/people(7508).jpg,test,fall,leeds_millennium,7.74,0.000,7.080,False
test/fall/people(7533).jpg,test,fall,leeds_millennium,6.98,0.129,7.256,False
test/fall/people(7542).jpg,test,fall,leeds_millennium,3.93,0.009,6.944,False
test/fall/people(7552).jpg,test,fall,leeds_millennium,7.07,0.028,7.218,False
test/fall/people(7567).jpg,test,fall,leeds_millennium,6.30,0.000,7.384,False
test/fall/people(7581).jpg,test,fall,leeds_millennium,4.43,0.076,7.905,False
test/fall/people(759).jpg,test,fall,leeds_millennium,7.18,0.157,7.633,False
test/fall/people(7591).jpg,test,fall,leeds_millennium,8.40,0.000,7.109,False
test/fall/people(7627).jpg,test,fall,leeds_millennium,11.99,0.000,6.808,False
test/fall/people(7640).jpg,test,fall,leeds_millennium,5.44,0.093,7.493,False
test/fall/people(7656).jpg,test,fall,leeds_millennium,3.68,0.011,7.468,False
test/fall/people(7669).jpg,test,fall,leeds_millennium,8.63,0.004,7.028,False
test/fall/people(7675).jpg,test,fall,leeds_millennium,6.04,0.000,7.627,False
test/fall/people(7676).jpg,test,fall,leeds_millennium,5.05,0.001,7.247,False
test/fall/people(7690).jpg,test,fall,leeds_millennium,5.30,0.334,6.923,False
test/fall/people(7700).jpg,test,fall,leeds_millennium,4.51,0.000,7.412,False
test/fall/people(7709).jpg,test,fall,leeds_millennium,5.74,0.000,7.463,False
test/fall/people(7719).jpg,test,fall,leeds_millennium,5.50,0.001,6.748,False
test/fall/people(7722).jpg,test,fall,leeds_millennium,7.08,0.000,7.480,False
test/fall/people(7730).jpg,test,fall,leeds_millennium,4.81,0.000,7.739,False
test/fall/people(7741).jpg,test,fall,leeds_millennium,4.51,0.028,7.507,False
test/fall/people(7743).jpg,test,fall,leeds_millennium,6.20,0.000,7.411,False
test/fall/people(7746).jpg,test,fall,leeds_millennium,4.32,0.010,7.314,False
test/fall/people(7756).jpg,test,fall,leeds_millennium,4.05,0.001,6.845,False
test/fall/people(7769).jpg,test,fall,leeds_millennium,4.87,0.012,7.449,False
test/fall/people(7778).jpg,test,fall,leeds_millennium,7.20,0.005,7.406,False
test/fall/people(7780).jpg,test,fall,leeds_millennium,6.12,0.096,7.289,False
test/fall/people(7801).jpg,test,fall,leeds_millennium,7.69,0.593,4.106,True
test/fall/people(7822).jpg,test,fall,leeds_millennium,7.23,0.003,5.988,False
test/fall/people(7826).jpg,test,fall,leeds_millennium,3.13,0.011,7.433,False
test/fall/people(7848).jpg,test,fall,leeds_millennium,2.81,0.041,7.483,False
test/fall/people(7860).jpg,test,fall,leeds_millennium,6.28,0.000,7.184,False
test/fall/people(7870).jpg,test,fall,leeds_millennium,6.40,0.003,5.703,False
test/fall/people(7875).jpg,test,fall,leeds_millennium,5.75,0.000,7.511,False
test/fall/people(7901).jpg,test,fall,leeds_millennium,5.05,0.009,7.707,False
test/fall/people(7906).jpg,test,fall,leeds_millennium,5.76,0.011,5.082,False
test/fall/people(7931).jpg,test,fall,leeds_millennium,18.71,0.000,7.283,True
test/fall/people(7941).jpg,test,fall,leeds_millennium,4.31,0.047,6.585,False
test/fall/people(7945).jpg,test,fall,leeds_millennium,11.18,0.000,6.135,False
test/fall/people(7962).jpg,test,fall,leeds_millennium,2.58,0.001,7.708,False
test/fall/people(7968).jpg,test,fall,leeds_millennium,5.16,0.024,7.803,False
test/fall/people(7984).jpg,test,fall,leeds_millennium,7.23,0.004,6.692,False
test/fall/people(7992).jpg,test,fall,leeds_millennium,6.69,0.005,7.728,False
test/fall/people(7997).jpg,test,fall,leeds_millennium,4.21,0.054,7.746,False
test/fall/people(8014).jpg,test,fall,leeds_millennium,6.52,0.000,7.570,False
test/fall/people(805).jpg,test,fall,leeds_millennium,6.13,0.001,7.704,False
test/fall/people(8052).jpg,test,fall,leeds_millennium,5.07,0.004,7.001,False
test/fall/people(8062).jpg,test,fall,leeds_millennium,4.04,0.000,7.478,False
test/fall/people(8085).jpg,test,fall,leeds_millennium,3.48,0.000,7.571,False
test/fall/people(8090).jpg,test,fall,leeds_millennium,7.92,0.000,7.416,False
test/fall/people(8101).jpg,test,fall,leeds_millennium,8.57,0.010,6.170,False
test/fall/people(813).jpg,test,fall,leeds_millennium,9.30,0.208,6.739,False
test/fall/people(8166).jpg,test,fall,leeds_millennium,5.14,0.008,7.363,False
test/fall/people(8168).jpg,test,fall,leeds_millennium,7.06,0.000,6.195,False
test/fall/people(8178).jpg,test,fall,leeds_millennium,4.85,0.008,7.710,False
test/fall/people(8186).jpg,test,fall,leeds_millennium,9.41,0.001,7.114,False
test/fall/people(8193).jpg,test,fall,leeds_millennium,18.21,0.000,7.492,True
test/fall/people(8199).jpg,test,fall,leeds_millennium,9.52,0.030,7.552,False
test/fall/people(8231).jpg,test,fall,leeds_millennium,6.59,0.000,5.805,False
test/fall/people(8233).jpg,test,fall,leeds_millennium,12.74,0.000,6.463,False
test/fall/people(8236).jpg,test,fall,leeds_millennium,2.55,0.002,7.795,False
test/fall/people(8238).jpg,test,fall,leeds_millennium,4.44,0.000,7.318,False
test/fall/people(8264).jpg,test,fall,leeds_millennium,3.58,0.000,7.706,False
test/fall/people(8266).jpg,test,fall,leeds_millennium,4.35,0.000,7.109,False
test/fall/people(8298).jpg,test,fall,leeds_millennium,7.82,0.019,7.715,False
test/fall/people(8312).jpg,test,fall,leeds_millennium,4.63,0.076,7.361,False
test/fall/people(8319).jpg,test,fall,leeds_millennium,3.44,0.009,7.467,False
test/fall/people(8327).jpg,test,fall,leeds_millennium,6.18,0.015,7.676,False
test/fall/people(8333).jpg,test,fall,leeds_millennium,4.75,0.005,7.670,False
test/fall/people(8346).jpg,test,fall,leeds_millennium,7.80,0.000,6.987,False
test/fall/people(8348).jpg,test,fall,leeds_millennium,9.57,0.132,7.364,False
test/fall/people(836).jpg,test,fall,leeds_millennium,2.77,0.009,7.514,False
test/fall/people(8670).jpg,test,fall,leeds_millennium,6.39,0.057,6.906,False
test/fall/people(8702).jpg,test,fall,leeds_millennium,5.39,0.008,6.260,False
test/fall/people(8703).jpg,test,fall,leeds_millennium,3.52,0.007,7.616,False
test/fall/people(8723).jpg,test,fall,leeds_millennium,5.33,0.017,6.898,False
test/fall/people(8744).jpg,test,fall,leeds_millennium,6.08,0.000,7.618,False
test/fall/people(8746).jpg,test,fall,leeds_millennium,4.45,0.016,7.153,False
test/fall/people(8757).jpg,test,fall,leeds_millennium,2.83,0.157,7.198,False
test/fall/people(8804).jpg,test,fall,leeds_millennium,5.40,0.001,5.807,False
test/fall/people(8806).jpg,test,fall,leeds_millennium,3.85,0.002,7.440,False
test/fall/people(8826).jpg,test,fall,leeds_millennium,2.63,0.045,7.198,False
test/fall/people(8843).jpg,test,fall,leeds_millennium,13.48,0.000,7.685,False
test/fall/people(8866).jpg,test,fall,leeds_millennium,4.17,0.000,7.651,False
test/fall/people(8878).jpg,test,fall,leeds_millennium,6.19,0.000,6.744,False
test/fall/people(8881).jpg,test,fall,leeds_millennium,3.07,0.066,7.037,False
test/fall/people(8892).jpg,test,fall,leeds_millennium,11.61,0.000,6.683,False
test/fall/people(8919).jpg,test,fall,leeds_millennium,5.18,0.073,7.246,False
test/fall/people(8927).jpg,test,fall,leeds_millennium,5.30,0.002,7.424,False
test/fall/people(8958).jpg,test,fall,leeds_millennium,6.39,0.014,6.609,False
test/fall/people(8959).jpg,test,fall,leeds_millennium,4.58,0.000,6.795,False
test/fall/people(8961).jpg,test,fall,leeds_millennium,8.75,0.000,7.000,False
test/fall/people(969).jpg,test,fall,leeds_millennium,3.56,0.234,7.216,False
test/fall/people(98).jpg,test,fall,leeds_millennium,8.14,0.000,6.957,False
test/normal/000000005586.jpg,test,normal,coco2017,7.67,0.001,7.453,False
test/normal/000000008211.jpg,test,normal,coco2017,2.77,0.023,7.806,False
test/normal/000000008532.jpg,test,normal,coco2017,7.51,0.005,7.641,False
test/normal/000000012120.jpg,test,normal,coco2017,2.53,0.012,6.767,False
test/normal/000000021839.jpg,test,normal,coco2017,5.34,0.000,7.212,False
test/normal/000000021903.jpg,test,normal,coco2017,2.44,0.134,7.543,False
test/normal/000000022705.jpg,test,normal,coco2017,5.28,0.045,7.387,False
test/normal/000000025228.jpg,test,normal,coco2017,13.11,0.067,7.565,False
test/normal/000000026204.jpg,test,normal,coco2017,2.68,0.000,7.832,False
test/normal/000000026690.jpg,test,normal,coco2017,3.70,0.065,6.201,False
test/normal/000000030504.jpg,test,normal,coco2017,3.41,0.029,7.735,False
test/normal/000000032735.jpg,test,normal,coco2017,10.40,0.005,7.229,False
test/normal/000000037988.jpg,test,normal,coco2017,7.56,0.026,5.681,False
test/normal/000000038210.jpg,test,normal,coco2017,2.18,0.000,7.418,False
test/normal/000000038678.jpg,test,normal,coco2017,6.78,0.000,7.640,False
test/normal/000000039477.jpg,test,normal,coco2017,4.68,0.026,7.595,False
test/normal/000000039914.jpg,test,normal,coco2017,3.18,0.016,7.198,False
test/normal/000000042070.jpg,test,normal,coco2017,2.85,0.024,7.883,False
test/normal/000000060102.jpg,test,normal,coco2017,3.33,0.028,7.415,False
test/normal/000000062355.jpg,test,normal,coco2017,4.39,0.003,7.457,False
test/normal/000000068093.jpg,test,normal,coco2017,2.79,0.012,7.739,False
test/normal/000000078843.jpg,test,normal,coco2017,4.08,0.073,7.496,False
test/normal/000000080949.jpg,test,normal,coco2017,5.94,0.073,7.514,False
test/normal/000000089078.jpg,test,normal,coco2017,4.34,0.000,7.139,False
test/normal/000000092939.jpg,test,normal,coco2017,4.46,0.008,7.808,False
test/normal/000000097278.jpg,test,normal,coco2017,4.09,0.004,7.390,False
test/normal/000000100723.jpg,test,normal,coco2017,2.25,0.039,7.607,False
test/normal/000000107094.jpg,test,normal,coco2017,3.11,0.070,6.663,False
test/normal/000000107339.jpg,test,normal,coco2017,13.16,0.029,7.580,False
test/normal/000000119088.jpg,test,normal,coco2017,5.06,0.001,6.274,False
test/normal/000000121591.jpg,test,normal,coco2017,3.47,0.019,6.316,False
test/normal/000000125572.jpg,test,normal,coco2017,3.42,0.004,6.024,False
test/normal/000000128148.jpg,test,normal,coco2017,4.36,0.002,7.801,False
test/normal/000000128372.jpg,test,normal,coco2017,3.54,0.008,7.540,False
test/normal/000000129756.jpg,test,normal,coco2017,2.73,0.002,7.372,False
test/normal/000000132544.jpg,test,normal,coco2017,2.32,0.079,7.617,False
test/normal/000000133418.jpg,test,normal,coco2017,5.21,0.011,6.438,False
test/normal/000000138115.jpg,test,normal,coco2017,9.36,0.099,7.583,False
test/normal/000000142585.jpg,test,normal,coco2017,3.88,0.000,7.355,False
test/normal/000000154004.jpg,test,normal,coco2017,2.33,0.000,7.455,False
test/normal/000000158227.jpg,test,normal,coco2017,5.80,0.000,7.552,False
test/normal/000000158956.jpg,test,normal,coco2017,8.82,0.012,7.245,False
test/normal/000000161925.jpg,test,normal,coco2017,4.17,0.013,7.555,False
test/normal/000000163640.jpg,test,normal,coco2017,2.77,0.054,7.799,False
test/normal/000000164602.jpg,test,normal,coco2017,6.14,0.000,7.129,False
test/normal/000000165039.jpg,test,normal,coco2017,2.93,0.068,7.518,False
test/normal/000000180560.jpg,test,normal,coco2017,7.41,0.178,7.129,False
test/normal/000000181816.jpg,test,normal,coco2017,3.05,0.000,7.721,False
test/normal/000000193181.jpg,test,normal,coco2017,2.99,0.006,7.597,False
test/normal/000000193245.jpg,test,normal,coco2017,4.52,0.001,7.532,False
test/normal/000000194471.jpg,test,normal,coco2017,4.29,0.033,7.846,False
test/normal/000000199055.jpg,test,normal,coco2017,3.27,0.007,7.222,False
test/normal/000000199236.jpg,test,normal,coco2017,2.88,0.059,7.650,False
test/normal/000000200252.jpg,test,normal,coco2017,6.07,0.040,7.451,False
test/normal/000000213171.jpg,test,normal,coco2017,2.39,0.009,7.581,False
test/normal/000000213547.jpg,test,normal,coco2017,3.75,0.089,7.545,False
test/normal/000000227491.jpg,test,normal,coco2017,4.78,0.100,6.690,False
test/normal/000000227686.jpg,test,normal,coco2017,2.52,0.117,7.547,False
test/normal/000000229216.jpg,test,normal,coco2017,3.66,0.019,7.654,False
test/normal/000000229948.jpg,test,normal,coco2017,2.86,0.001,7.537,False
test/normal/000000229997.jpg,test,normal,coco2017,2.45,0.040,7.852,False
test/normal/000000230008.jpg,test,normal,coco2017,2.17,0.014,7.664,False
test/normal/000000234607.jpg,test,normal,coco2017,4.47,0.030,7.531,False
test/normal/000000239537.jpg,test,normal,coco2017,4.83,0.000,6.436,False
test/normal/000000239773.jpg,test,normal,coco2017,4.95,0.018,7.321,False
test/normal/000000250137.jpg,test,normal,coco2017,3.47,0.000,7.455,False
test/normal/000000252294.jpg,test,normal,coco2017,3.63,0.147,7.556,False
test/normal/000000254516.jpg,test,normal,coco2017,4.78,0.076,7.764,False
test/normal/000000254814.jpg,test,normal,coco2017,2.88,0.000,7.169,False
test/normal/000000256868.jpg,test,normal,coco2017,3.12,0.000,7.586,False
test/normal/000000261036.jpg,test,normal,coco2017,6.16,0.000,6.806,False
test/normal/000000263679.jpg,test,normal,coco2017,4.89,0.044,6.731,False
test/normal/000000266981.jpg,test,normal,coco2017,4.07,0.001,7.561,False
test/normal/000000280710.jpg,test,normal,coco2017,3.00,0.029,7.106,False
test/normal/000000280918.jpg,test,normal,coco2017,2.91,0.053,7.871,False
test/normal/000000281929.jpg,test,normal,coco2017,2.92,0.001,7.623,False
test/normal/000000282037.jpg,test,normal,coco2017,3.55,0.000,7.327,False
test/normal/000000284725.jpg,test,normal,coco2017,2.86,0.000,7.639,False
test/normal/000000290163.jpg,test,normal,coco2017,4.58,0.023,7.728,False
test/normal/000000301867.jpg,test,normal,coco2017,3.75,0.000,7.481,False
test/normal/000000304404.jpg,test,normal,coco2017,2.48,0.079,7.775,False
test/normal/000000306700.jpg,test,normal,coco2017,4.71,0.008,7.266,False
test/normal/000000311928.jpg,test,normal,coco2017,6.01,0.006,7.377,False
test/normal/000000312489.jpg,test,normal,coco2017,5.05,0.000,7.188,False
test/normal/000000328601.jpg,test,normal,coco2017,4.09,0.002,7.525,False
test/normal/000000332845.jpg,test,normal,coco2017,8.61,0.243,7.246,False
test/normal/000000341469.jpg,test,normal,coco2017,3.69,0.046,7.697,False
test/normal/000000345361.jpg,test,normal,coco2017,3.71,0.000,7.648,False
test/normal/000000357978.jpg,test,normal,coco2017,4.39,0.006,7.579,False
test/normal/000000361551.jpg,test,normal,coco2017,5.41,0.000,7.019,False
test/normal/000000361730.jpg,test,normal,coco2017,3.50,0.017,7.325,False
test/normal/000000363188.jpg,test,normal,coco2017,2.55,0.025,7.891,False
test/normal/000000363207.jpg,test,normal,coco2017,3.85,0.004,7.434,False
test/normal/000000368294.jpg,test,normal,coco2017,3.28,0.099,7.520,False
test/normal/000000373353.jpg,test,normal,coco2017,2.12,0.040,7.834,False
test/normal/000000375493.jpg,test,normal,coco2017,5.30,0.369,6.388,False
test/normal/000000382125.jpg,test,normal,coco2017,4.44,0.000,7.738,False
test/normal/000000383842.jpg,test,normal,coco2017,3.84,0.117,7.690,False
test/normal/000000386912.jpg,test,normal,coco2017,3.72,0.056,7.823,False
test/normal/000000388215.jpg,test,normal,coco2017,3.92,0.000,7.202,False
test/normal/000000389812.jpg,test,normal,coco2017,2.53,0.012,7.779,False
test/normal/000000393226.jpg,test,normal,coco2017,2.83,0.020,7.584,False
test/normal/000000398377.jpg,test,normal,coco2017,3.98,0.035,7.853,False
test/normal/000000398905.jpg,test,normal,coco2017,5.36,0.259,7.175,False
test/normal/000000400573.jpg,test,normal,coco2017,3.79,0.000,7.562,False
test/normal/000000400815.jpg,test,normal,coco2017,3.44,0.003,7.770,False
test/normal/000000404249.jpg,test,normal,coco2017,3.10,0.001,7.325,False
test/normal/000000407002.jpg,test,normal,coco2017,3.08,0.004,7.556,False
test/normal/000000407650.jpg,test,normal,coco2017,5.67,0.000,7.511,False
test/normal/000000412286.jpg,test,normal,coco2017,5.33,0.026,6.774,False
test/normal/000000415748.jpg,test,normal,coco2017,3.36,0.005,7.619,False
test/normal/000000416451.jpg,test,normal,coco2017,3.35,0.039,7.613,False
test/normal/000000417465.jpg,test,normal,coco2017,3.63,0.042,7.370,False
test/normal/000000418062.jpg,test,normal,coco2017,3.56,0.008,6.576,False
test/normal/000000422886.jpg,test,normal,coco2017,6.19,0.142,7.415,False
test/normal/000000423104.jpg,test,normal,coco2017,5.44,0.000,7.548,False
test/normal/000000423617.jpg,test,normal,coco2017,3.64,0.009,7.589,False
test/normal/000000426329.jpg,test,normal,coco2017,12.29,0.000,7.381,False
test/normal/000000426795.jpg,test,normal,coco2017,6.08,0.004,7.790,False
test/normal/000000427077.jpg,test,normal,coco2017,4.45,0.000,7.111,False
test/normal/000000438304.jpg,test,normal,coco2017,2.77,0.021,7.297,False
test/normal/000000438862.jpg,test,normal,coco2017,3.09,0.016,7.366,False
test/normal/000000439525.jpg,test,normal,coco2017,3.42,0.022,7.756,False
test/normal/000000441491.jpg,test,normal,coco2017,7.40,0.042,7.633,False
test/normal/000000441553.jpg,test,normal,coco2017,5.58,0.105,6.844,False
test/normal/000000442161.jpg,test,normal,coco2017,4.71,0.054,7.325,False
test/normal/000000445834.jpg,test,normal,coco2017,2.99,0.132,7.448,False
test/normal/000000445999.jpg,test,normal,coco2017,6.53,0.012,7.632,False
test/normal/000000447314.jpg,test,normal,coco2017,6.21,0.004,7.251,False
test/normal/000000447342.jpg,test,normal,coco2017,2.13,0.042,7.929,False
test/normal/000000449603.jpg,test,normal,coco2017,4.14,0.000,7.315,False
test/normal/000000450075.jpg,test,normal,coco2017,3.91,0.014,7.908,False
test/normal/000000452084.jpg,test,normal,coco2017,4.22,0.238,7.229,False
test/normal/000000455301.jpg,test,normal,coco2017,9.49,0.000,7.672,False
test/normal/000000455624.jpg,test,normal,coco2017,3.36,0.003,7.687,False
test/normal/000000457884.jpg,test,normal,coco2017,3.73,0.017,7.430,False
test/normal/000000465806.jpg,test,normal,coco2017,4.38,0.001,7.824,False
test/normal/000000468954.jpg,test,normal,coco2017,6.95,0.004,7.750,False
test/normal/000000470952.jpg,test,normal,coco2017,3.78,0.023,7.531,False
test/normal/000000474095.jpg,test,normal,coco2017,5.11,0.032,7.798,False
test/normal/000000476514.jpg,test,normal,coco2017,4.22,0.103,7.491,False
test/normal/000000477288.jpg,test,normal,coco2017,2.54,0.021,7.635,False
test/normal/000000477955.jpg,test,normal,coco2017,4.75,0.002,7.204,False
test/normal/000000482275.jpg,test,normal,coco2017,2.66,0.001,7.771,False
test/normal/000000482319.jpg,test,normal,coco2017,4.42,0.014,7.588,False
test/normal/000000491090.jpg,test,normal,coco2017,2.73,0.014,7.664,False
test/normal/000000491867.jpg,test,normal,coco2017,5.54,0.000,7.541,False
test/normal/000000493772.jpg,test,normal,coco2017,6.55,0.000,7.736,False
test/normal/000000494869.jpg,test,normal,coco2017,4.38,0.068,7.147,False
test/normal/000000497599.jpg,test,normal,coco2017,7.07,0.001,7.666,False
test/normal/000000498032.jpg,test,normal,coco2017,9.33,0.048,7.218,False
test/normal/frame_0068.jpg,test,normal,leeds_millennium,2.79,0.001,7.727,False
test/normal/frame_0140.jpg,test,normal,leeds_millennium,12.24,0.000,7.544,False
test/normal/frame_0146.jpg,test,normal,leeds_millennium,6.51,0.000,7.606,False
test/normal/frame_0152.jpg,test,normal,leeds_millennium,6.10,0.000,7.604,False
test/normal/frame_0171.jpg,test,normal,leeds_millennium,6.83,0.001,7.661,False
test/normal/people(1742).jpg,test,normal,leeds_millennium,5.22,0.000,7.559,False
test/normal/people(1883).jpg,test,normal,leeds_millennium,7.23,0.001,7.743,False
test/normal/people(1932).jpg,test,normal,leeds_millennium,5.77,0.005,7.564,False
test/normal/people(2316).jpg,test,normal,leeds_millennium,6.33,0.029,7.206,False
test/normal/people(2317).jpg,test,normal,leeds_millennium,4.99,0.000,7.388,False
test/normal/people(244).jpg,test,normal,leeds_millennium,5.76,0.158,7.689,False
test/normal/people(2456).jpg,test,normal,leeds_millennium,2.52,0.073,7.337,False
test/normal/people(2554).jpg,test,normal,leeds_millennium,2.43,0.030,7.786,False
test/normal/people(2577).jpg,test,normal,leeds_millennium,2.56,0.001,7.599,False
test/normal/people(2596).jpg,test,normal,leeds_millennium,2.72,0.026,7.595,False
test/normal/people(2736).jpg,test,normal,leeds_millennium,4.23,0.000,6.692,False
test/normal/people(2913).jpg,test,normal,leeds_millennium,8.34,0.000,6.537,False
test/normal/people(2967).jpg,test,normal,leeds_millennium,6.29,0.000,7.177,False
test/normal/people(4174).jpg,test,normal,leeds_millennium,12.60,0.141,7.562,False
test/normal/people(4175).jpg,test,normal,leeds_millennium,9.08,0.001,7.812,False
test/normal/people(4931).jpg,test,normal,leeds_millennium,6.41,0.000,7.642,False
test/normal/people(5128).jpg,test,normal,leeds_millennium,6.52,0.003,7.586,False
test/normal/people(5134).jpg,test,normal,leeds_millennium,6.51,0.001,6.528,False
test/normal/people(5197).jpg,test,normal,leeds_millennium,8.60,0.000,7.401,False
test/normal/people(5238).jpg,test,normal,leeds_millennium,2.28,0.011,7.440,False
test/normal/people(5288).jpg,test,normal,leeds_millennium,7.76,0.128,7.134,False
test/normal/people(5880).jpg,test,normal,leeds_millennium,5.53,0.103,7.514,False
test/normal/people(6217).jpg,test,normal,leeds_millennium,3.50,0.012,7.767,False
test/normal/people(6248).jpg,test,normal,leeds_millennium,5.06,0.016,7.528,False
test/normal/people(6345).jpg,test,normal,leeds_millennium,4.51,0.002,7.544,False
test/normal/people(6408).jpg,test,normal,leeds_millennium,4.10,0.021,7.675,False
test/normal/people(6608).jpg,test,normal,leeds_millennium,5.12,0.008,7.515,False
test/normal/people(6651).jpg,test,normal,leeds_millennium,5.46,0.006,7.526,False
test/normal/people(6741).jpg,test,normal,leeds_millennium,8.54,0.000,6.616,False
test/normal/people(6801).jpg,test,normal,leeds_millennium,6.35,0.000,7.578,False
test/normal/people(6835).jpg,test,normal,leeds_millennium,2.47,0.006,7.868,False
test/normal/people(6843).jpg,test,normal,leeds_millennium,10.30,0.000,7.219,False
test/normal/people(6884).jpg,test,normal,leeds_millennium,3.67,0.013,7.729,False
test/normal/people(6953).jpg,test,normal,leeds_millennium,4.74,0.054,7.685,False
test/normal/people(7021).jpg,test,normal,leeds_millennium,6.37,0.000,6.883,False
test/normal/people(7033).jpg,test,normal,leeds_millennium,4.20,0.001,7.369,False
test/normal/people(7038).jpg,test,normal,leeds_millennium,5.34,0.052,7.745,False
test/normal/people(7129).jpg,test,normal,leeds_millennium,6.48,0.040,7.776,False
test/normal/people(7268).jpg,test,normal,leeds_millennium,3.43,0.000,7.165,False
test/normal/people(7281).jpg,test,normal,leeds_millennium,4.48,0.083,7.286,False
test/normal/people(7467).jpg,test,normal,leeds_millennium,6.35,0.005,6.966,False
test/normal/people(7487).jpg,test,normal,leeds_millennium,5.57,0.000,7.531,False
test/normal/people(7603).jpg,test,normal,leeds_millennium,7.80,0.000,7.620,False
test/normal/people(7668).jpg,test,normal,leeds_millennium,5.02,0.000,7.062,False
test/normal/people(7750).jpg,test,normal,leeds_millennium,3.38,0.049,7.580,False
test/normal/people(7811).jpg,test,normal,leeds_millennium,6.49,0.002,7.421,False
test/normal/people(8018).jpg,test,normal,leeds_millennium,3.43,0.024,7.722,False
test/normal/people(8130).jpg,test,normal,leeds_millennium,5.23,0.047,7.694,False
test/normal/people(8206).jpg,test,normal,leeds_millennium,12.01,0.003,7.396,False
test/normal/people(8221).jpg,test,normal,leeds_millennium,6.82,0.002,7.462,False
test/normal/people(8282).jpg,test,normal,leeds_millennium,2.30,0.001,7.603,False
test/normal/people(8366).jpg,test,normal,leeds_millennium,3.75,0.000,7.396,False
